codice,nome,sigla_provincia,regione,alt_min,alt_max,popolazione,lat,lon
001001,Agliè,TO,Piemonte,279,521,0,45.3659,7.77589
001002,Airasca,TO,Piemonte,248,273,0,44.9218,7.48363
001003,Ala di Stura,TO,Piemonte,837,2920,0,45.30684,7.28231
001004,Albiano d'Ivrea,TO,Piemonte,221,278,0,45.4318,7.94398
001006,Almese,TO,Piemonte,329,1314,0,45.11818,7.41991
001007,Alpette,TO,Piemonte,468,1650,0,45.40651,7.5766
001008,Alpignano,TO,Piemonte,299,377,16598,45.10095,7.51703
001009,Andezeno,TO,Piemonte,266,377,0,45.03607,7.86626
001010,Andrate,TO,Piemonte,587,2206,0,45.54613,7.88595
001011,Angrogna,TO,Piemonte,524,2765,0,44.86081,7.17737
001012,Arignano,TO,Piemonte,267,350,0,45.03776,7.89887
001013,Avigliana,TO,Piemonte,324,977,0,45.07493,7.39209
001014,Azeglio,TO,Piemonte,222,328,0,45.42254,7.99321
001015,Bairo,TO,Piemonte,300,423,0,45.3768,7.74752
001016,Balangero,TO,Piemonte,386,866,0,45.27694,7.51935
001017,Baldissero Canavese,TO,Piemonte,324,568,0,45.40632,7.74466
001018,Baldissero Torinese,TO,Piemonte,311,667,0,45.06982,7.80467
001019,Balme,TO,Piemonte,1294,3654,0,45.29996,7.18692
001020,Banchette,TO,Piemonte,230,282,0,45.45866,7.85408
001021,Barbania,TO,Piemonte,271,442,0,45.29446,7.62061
001022,Bardonecchia,TO,Piemonte,1176,3490,0,45.10075,6.73132
001023,Barone Canavese,TO,Piemonte,271,406,0,45.31836,7.86556
001024,Beinasco,TO,Piemonte,240,267,0,45.01629,7.59022
001025,Bibiana,TO,Piemonte,323,1230,0,44.78801,7.28359
001026,Bobbio Pellice,TO,Piemonte,694,3100,0,44.78435,7.06649
001027,Bollengo,TO,Piemonte,230,675,0,45.46632,7.94874
001028,Borgaro Torinese,TO,Piemonte,223,270,0,45.14678,7.66279
001029,Borgiallo,TO,Piemonte,396,2226,0,45.42786,7.65931
001030,Borgofranco d'Ivrea,TO,Piemonte,239,849,0,45.51413,7.85031
001031,Borgomasino,TO,Piemonte,214,450,0,45.36256,7.98064
001032,Borgone Susa,TO,Piemonte,357,643,0,45.12165,7.24509
001033,Bosconero,TO,Piemonte,215,261,0,45.26994,7.76719
001034,Brandizzo,TO,Piemonte,182,196,0,45.17358,7.83445
001035,Bricherasio,TO,Piemonte,330,1117,0,44.83238,7.29795
001036,Brosso,TO,Piemonte,415,1949,0,45.51139,7.7976
001037,Brozolo,TO,Piemonte,221,434,0,45.11443,8.06957
001038,Bruino,TO,Piemonte,281,325,0,45.01431,7.474
001039,Brusasco,TO,Piemonte,153,404,0,45.15184,8.06214
001040,Bruzolo,TO,Piemonte,406,2646,0,45.15847,7.19847
001041,Buriasco,TO,Piemonte,272,322,0,44.87438,7.42476
001042,Burolo,TO,Piemonte,231,702,0,45.48384,7.9273
001043,Busano,TO,Piemonte,280,333,0,45.32221,7.66115
001044,Bussoleno,TO,Piemonte,422,2825,0,45.13148,7.13652
001045,Buttigliera Alta,TO,Piemonte,331,537,0,45.07341,7.43526
001046,Cafasse,TO,Piemonte,375,1211,0,45.24439,7.50816
001047,Caluso,TO,Piemonte,217,351,0,45.28138,7.8826
001048,Cambiano,TO,Piemonte,224,309,0,44.96989,7.76586
001049,Campiglione Fenile,TO,Piemonte,323,419,0,44.8048,7.32715
001050,Candia Canavese,TO,Piemonte,223,427,0,45.33043,7.89742
001051,Candiolo,TO,Piemonte,223,258,0,44.96397,7.57835
001052,Canischio,TO,Piemonte,497,1661,0,45.38054,7.57777
001053,Cantalupa,TO,Piemonte,346,1343,0,44.95159,7.33281
001054,Cantoira,TO,Piemonte,717,2336,0,45.35081,7.38809
001055,Caprie,TO,Piemonte,347,1811,0,45.13385,7.34066
001056,Caravino,TO,Piemonte,218,456,0,45.39972,7.96063
001057,Carema,TO,Piemonte,277,2054,0,45.58582,7.83063
001058,Carignano,TO,Piemonte,227,243,0,44.89702,7.66161
001059,Carmagnola,TO,Piemonte,229,274,23012,44.85818,7.73564
001060,Casalborgone,TO,Piemonte,187,562,0,45.12958,7.9357
001061,Cascinette d'Ivrea,TO,Piemonte,228,298,0,45.48124,7.90748
001062,Caselette,TO,Piemonte,310,1137,0,45.10618,7.46988
001063,Caselle Torinese,TO,Piemonte,222,305,0,45.17743,7.65087
001064,Castagneto Po,TO,Piemonte,165,585,0,45.16265,7.89277
001065,Castagnole Piemonte,TO,Piemonte,240,246,0,44.89479,7.56676
001066,Castellamonte,TO,Piemonte,275,2015,0,45.40467,7.71576
001067,Castelnuovo Nigra,TO,Piemonte,392,2551,0,45.46637,7.67906
001068,Castiglione Torinese,TO,Piemonte,196,535,0,45.11274,7.80332
001069,Cavagnolo,TO,Piemonte,158,459,0,45.14602,8.03434
001070,Cavour,TO,Piemonte,256,461,0,44.79452,7.38905
001071,Cercenasco,TO,Piemonte,244,275,0,44.86637,7.50257
001072,Ceres,TO,Piemonte,590,2457,0,45.32057,7.36288
001073,Ceresole Reale,TO,Piemonte,1286,3599,0,45.44446,7.19075
001074,Cesana Torinese,TO,Piemonte,1194,3302,0,44.92788,6.82046
001075,Chialamberto,TO,Piemonte,793,2918,0,45.37754,7.33948
001076,Chianocco,TO,Piemonte,415,2650,0,45.1666,7.17072
001077,Chiaverano,TO,Piemonte,228,801,0,45.50395,7.90239
001078,Chieri,TO,Piemonte,243,406,36749,45.00357,7.82779
001079,Chiesanuova,TO,Piemonte,441,1417,0,45.42281,7.6476
001080,Chiomonte,TO,Piemonte,638,2827,0,45.10228,6.98572
001081,Chiusa di San Michele,TO,Piemonte,357,1306,0,45.09856,7.3233
001082,Chivasso,TO,Piemonte,156,223,23017,45.20591,7.89603
001083,Ciconio,TO,Piemonte,266,281,0,45.32964,7.76142
001084,Cintano,TO,Piemonte,514,1428,0,45.44125,7.68146
001085,Cinzano,TO,Piemonte,268,504,0,45.09287,7.92236
001086,Ciriè,TO,Piemonte,300,375,17439,45.21967,7.59175
001087,Claviere,TO,Piemonte,1699,2545,0,44.92806,6.75644
001088,Coassolo Torinese,TO,Piemonte,519,2207,0,45.32517,7.46568
001089,Coazze,TO,Piemonte,573,2702,0,45.05071,7.2324
001090,Collegno,TO,Piemonte,267,309,46524,45.09133,7.59024
001091,Colleretto Castelnuovo,TO,Piemonte,466,2204,0,45.43924,7.66881
001092,Colleretto Giacosa,TO,Piemonte,233,377,0,45.43046,7.81277
001093,Condove,TO,Piemonte,339,2763,0,45.15711,7.27183
001094,Corio,TO,Piemonte,429,2152,0,45.32932,7.51919
001095,Cossano Canavese,TO,Piemonte,229,452,0,45.38653,7.9998
001096,Cuceglio,TO,Piemonte,299,500,0,45.35809,7.81254
001097,Cumiana,TO,Piemonte,259,1445,0,44.96769,7.3845
001098,Cuorgnè,TO,Piemonte,357,1450,0,45.39968,7.63215
001099,Druento,TO,Piemonte,260,363,0,45.1526,7.56895
001100,Exilles,TO,Piemonte,688,3349,0,45.10648,6.91892
001101,Favria,TO,Piemonte,255,326,0,45.3108,7.68545
001102,Feletto,TO,Piemonte,235,285,0,45.29539,7.75846
001103,Fenestrelle,TO,Piemonte,973,3024,0,45.02226,7.05825
001104,Fiano,TO,Piemonte,337,1113,0,45.21257,7.52859
001105,Fiorano Canavese,TO,Piemonte,229,400,0,45.46625,7.82982
001106,Foglizzo,TO,Piemonte,207,270,0,45.26729,7.8231
001107,Forno Canavese,TO,Piemonte,369,1949,0,45.34739,7.56711
001108,Frassinetto,TO,Piemonte,633,2750,0,45.46377,7.62047
001109,Front,TO,Piemonte,241,381,0,45.27348,7.66819
001110,Frossasco,TO,Piemonte,289,1439,0,44.93425,7.35762
001111,Garzigliana,TO,Piemonte,299,337,0,44.8337,7.3675
001112,Gassino Torinese,TO,Piemonte,173,502,0,45.11772,7.83827
001113,Germagnano,TO,Piemonte,449,1358,0,45.25234,7.45645
001114,Giaglione,TO,Piemonte,533,3358,0,45.15002,6.95371
001115,Giaveno,TO,Piemonte,410,2157,0,45.02471,7.30494
001116,Givoletto,TO,Piemonte,299,1275,0,45.1624,7.49426
001117,Gravere,TO,Piemonte,550,2706,0,45.1071,7.02891
001118,Groscavallo,TO,Piemonte,936,3668,0,45.36742,7.23033
001119,Grosso,TO,Piemonte,386,478,0,45.26684,7.56295
001120,Grugliasco,TO,Piemonte,253,308,36700,45.05546,7.59325
001121,Ingria,TO,Piemonte,637,2703,0,45.47785,7.58763
001122,Inverso Pinasca,TO,Piemonte,493,1658,0,44.9335,7.21401
001123,Isolabella,TO,Piemonte,249,274,0,44.90451,7.91074
001124,Issiglio,TO,Piemonte,445,906,0,45.44893,7.73763
001125,Ivrea,TO,Piemonte,221,353,23599,45.45391,7.89107
001126,La Cassa,TO,Piemonte,290,1075,0,45.18019,7.51815
001127,La Loggia,TO,Piemonte,218,232,0,44.95346,7.67569
001128,Lanzo Torinese,TO,Piemonte,416,1000,0,45.27541,7.48015
001129,Lauriano,TO,Piemonte,159,450,0,45.15298,7.98942
001130,Leini,TO,Piemonte,219,295,0,45.18758,7.71951
001131,Lemie,TO,Piemonte,828,2906,0,45.22773,7.28398
001132,Lessolo,TO,Piemonte,243,518,0,45.48248,7.82178
001133,Levone,TO,Piemonte,317,925,0,45.32016,7.60106
001134,Locana,TO,Piemonte,515,3655,0,45.43628,7.41066
001135,Lombardore,TO,Piemonte,211,306,0,45.23488,7.72718
001136,Lombriasco,TO,Piemonte,236,242,0,44.84398,7.636
001137,Loranzè,TO,Piemonte,236,549,0,45.44544,7.80864
001139,Luserna San Giovanni,TO,Piemonte,409,1364,0,44.80587,7.23806
001140,Lusernetta,TO,Piemonte,433,1003,0,44.79513,7.24408
001141,Lusigliè,TO,Piemonte,240,271,0,45.3115,7.77048
001142,Macello,TO,Piemonte,276,320,0,44.84962,7.41566
001143,Maglione,TO,Piemonte,245,376,0,45.35049,8.01013
001144,Marentino,TO,Piemonte,289,450,0,45.06536,7.87939
001145,Massello,TO,Piemonte,1035,3020,0,44.96853,7.0239
001146,Mathi,TO,Piemonte,384,850,0,45.26258,7.54321
001147,Mattie,TO,Piemonte,507,2812,0,45.09615,7.10709
001148,Mazzè,TO,Piemonte,188,345,0,45.28421,7.94
001149,Meana di Susa,TO,Piemonte,481,2756,0,45.10059,7.06575
001150,Mercenasco,TO,Piemonte,224,424,0,45.35646,7.86919
001152,Mezzenile,TO,Piemonte,533,2343,0,45.28201,7.3666
001153,Mombello di Torino,TO,Piemonte,275,376,0,45.04321,7.91768
001154,Mompantero,TO,Piemonte,466,3499,0,45.16885,7.07603
001155,Monastero di Lanzo,TO,Piemonte,581,2250,0,45.32404,7.43141
001156,Moncalieri,TO,Piemonte,194,704,56134,44.98838,7.70257
001157,Moncenisio,TO,Piemonte,1177,2180,0,45.20453,6.9843
001158,Montaldo Torinese,TO,Piemonte,284,439,0,45.06693,7.85329
001159,Montalenghe,TO,Piemonte,279,436,0,45.33195,7.83464
001160,Montalto Dora,TO,Piemonte,229,504,0,45.49346,7.86256
001161,Montanaro,TO,Piemonte,195,237,0,45.23462,7.84985
001162,Monteu da Po,TO,Piemonte,161,327,0,45.16267,8.01559
001163,Moriondo Torinese,TO,Piemonte,240,350,0,45.035,7.93628
001164,Nichelino,TO,Piemonte,214,251,47760,44.99009,7.62395
001165,Noasca,TO,Piemonte,825,4030,0,45.46511,7.30188
001166,Nole,TO,Piemonte,343,478,0,45.24364,7.56795
001167,Nomaglio,TO,Piemonte,350,1433,0,45.5422,7.86173
001168,None,TO,Piemonte,236,261,0,44.94007,7.54895
001169,Novalesa,TO,Piemonte,653,3522,0,45.1959,7.03443
001170,Oglianico,TO,Piemonte,249,342,0,45.31811,7.69168
001171,Orbassano,TO,Piemonte,233,286,21813,45.00576,7.55599
001172,Orio Canavese,TO,Piemonte,274,430,0,45.32577,7.85399
001173,Osasco,TO,Piemonte,319,354,0,44.84889,7.34799
001174,Osasio,TO,Piemonte,239,243,0,44.87422,7.60971
001175,Oulx,TO,Piemonte,999,3205,0,45.04446,6.79909
001176,Ozegna,TO,Piemonte,276,306,0,45.34413,7.74891
001177,Palazzo Canavese,TO,Piemonte,231,553,0,45.45666,7.98019
001178,Pancalieri,TO,Piemonte,237,250,0,44.83211,7.58384
001179,Parella,TO,Piemonte,243,496,0,45.42291,7.79613
001180,Pavarolo,TO,Piemonte,287,476,0,45.0768,7.8328
001181,Pavone Canavese,TO,Piemonte,223,360,0,45.42909,7.85107
001183,Pecetto Torinese,TO,Piemonte,269,712,0,45.01805,7.75283
001184,Perosa Argentina,TO,Piemonte,567,2204,0,44.9821,7.18802
001185,Perosa Canavese,TO,Piemonte,228,359,0,45.40698,7.83475
001186,Perrero,TO,Piemonte,614,2814,0,44.92367,7.12184
001187,Pertusio,TO,Piemonte,335,704,0,45.35116,7.63896
001188,Pessinetto,TO,Piemonte,534,1140,0,45.28704,7.42694
001189,Pianezza,TO,Piemonte,270,344,0,45.11387,7.5539
001190,Pinasca,TO,Piemonte,498,2107,0,44.96755,7.24714
001191,Pinerolo,TO,Piemonte,290,1364,30866,44.89126,7.34801
001192,Pino Torinese,TO,Piemonte,297,630,0,45.04428,7.77766
001193,Piobesi Torinese,TO,Piemonte,234,242,0,44.9206,7.60352
001194,Piossasco,TO,Piemonte,259,891,16904,44.98678,7.44985
001195,Piscina,TO,Piemonte,264,309,0,44.92052,7.42653
001196,Piverone,TO,Piemonte,228,525,0,45.441,8.00901
001197,Poirino,TO,Piemonte,234,300,0,44.90259,7.84276
001198,Pomaretto,TO,Piemonte,568,1678,0,44.95032,7.1783
001199,Pont Canavese,TO,Piemonte,415,1877,0,45.43314,7.58412
001200,Porte,TO,Piemonte,400,1029,0,44.89475,7.26785
001201,Pragelato,TO,Piemonte,1441,3262,0,44.98352,6.94618
001202,Prali,TO,Piemonte,984,3050,0,44.88151,7.04454
001203,Pralormo,TO,Piemonte,265,350,0,44.85294,7.89732
001204,Pramollo,TO,Piemonte,582,2200,0,44.90113,7.19087
001205,Prarostino,TO,Piemonte,429,1300,0,44.86627,7.26499
001206,Prascorsano,TO,Piemonte,360,1199,0,45.36411,7.61642
001207,Pratiglione,TO,Piemonte,356,1965,0,45.36184,7.57764
001208,Quagliuzzo,TO,Piemonte,274,554,0,45.42404,7.7809
001209,Quassolo,TO,Piemonte,251,1135,0,45.52529,7.8271
001210,Quincinetto,TO,Piemonte,269,2513,0,45.557,7.77824
001211,Reano,TO,Piemonte,393,640,0,45.05305,7.4283
001212,Ribordone,TO,Piemonte,739,3200,0,45.45289,7.47999
001213,Rivalba,TO,Piemonte,228,572,0,45.12295,7.88971
001214,Rivalta di Torino,TO,Piemonte,260,406,0,45.02248,7.52009
001215,Riva presso Chieri,TO,Piemonte,247,279,0,44.97942,7.88883
001216,Rivara,TO,Piemonte,288,692,0,45.32658,7.6318
001217,Rivarolo Canavese,TO,Piemonte,230,328,0,45.30394,7.72491
001218,Rivarossa,TO,Piemonte,224,330,0,45.25343,7.70251
001219,Rivoli,TO,Piemonte,277,525,48629,45.06675,7.52357
001220,Robassomero,TO,Piemonte,286,403,0,45.19042,7.57834
001221,Rocca Canavese,TO,Piemonte,350,1350,0,45.30861,7.57496
001222,Roletto,TO,Piemonte,321,1006,0,44.92094,7.33532
001223,Romano Canavese,TO,Piemonte,221,300,0,45.40003,7.87052
001224,Ronco Canavese,TO,Piemonte,747,3415,0,45.50752,7.49803
001225,Rondissone,TO,Piemonte,178,225,0,45.24633,7.9608
001226,Rorà,TO,Piemonte,629,2154,0,44.7795,7.18977
001227,Roure,TO,Piemonte,721,2840,0,45.01133,7.12755
001228,Rosta,TO,Piemonte,323,527,0,45.07492,7.46657
001229,Rubiana,TO,Piemonte,518,2224,0,45.15606,7.37478
001230,Rueglio,TO,Piemonte,546,1503,0,45.47336,7.73854
001231,Salassa,TO,Piemonte,312,363,0,45.35921,7.69314
001232,Salbertrand,TO,Piemonte,926,3209,0,45.07515,6.88265
001233,Salerano Canavese,TO,Piemonte,235,342,0,45.45731,7.84211
001234,Salza di Pinerolo,TO,Piemonte,997,2873,0,44.93515,7.03066
001235,Samone,TO,Piemonte,234,326,0,45.4475,7.83927
001236,San Benigno Canavese,TO,Piemonte,194,272,0,45.23208,7.78651
001237,San Carlo Canavese,TO,Piemonte,309,449,0,45.25473,7.61748
001238,San Colombano Belmonte,TO,Piemonte,442,1362,0,45.38606,7.60855
001239,San Didero,TO,Piemonte,397,944,0,45.1344,7.21684
001240,San Francesco al Campo,TO,Piemonte,265,345,0,45.23,7.66667
001241,Sangano,TO,Piemonte,286,900,0,45.02351,7.44493
001242,San Germano Chisone,TO,Piemonte,430,1512,0,44.88872,7.23614
001243,San Gillio,TO,Piemonte,297,355,0,45.13844,7.52404
001244,San Giorgio Canavese,TO,Piemonte,231,361,0,45.32149,7.80015
001245,San Giorio di Susa,TO,Piemonte,403,2763,0,45.09565,7.1734
001246,San Giusto Canavese,TO,Piemonte,229,286,0,45.29808,7.80745
001247,San Martino Canavese,TO,Piemonte,238,485,0,45.39687,7.8088
001248,San Maurizio Canavese,TO,Piemonte,269,325,0,45.2045,7.63576
001249,San Mauro Torinese,TO,Piemonte,195,668,18521,45.10324,7.76569
001250,San Pietro Val Lemina,TO,Piemonte,400,1378,0,44.92881,7.28932
001251,San Ponso,TO,Piemonte,331,350,0,45.34662,7.66499
001252,San Raffaele Cimena,TO,Piemonte,171,504,0,45.15208,7.85569
001253,San Sebastiano da Po,TO,Piemonte,157,406,0,45.15991,7.94379
001254,San Secondo di Pinerolo,TO,Piemonte,343,863,0,44.86043,7.30305
001255,Sant'Ambrogio di Torino,TO,Piemonte,330,1128,0,45.0969,7.35912
001256,Sant'Antonino di Susa,TO,Piemonte,372,1606,0,45.09368,7.26553
001257,Santena,TO,Piemonte,229,260,0,44.9442,7.78295
001258,Sauze di Cesana,TO,Piemonte,1435,3316,0,44.89759,6.9265
001259,Sauze d'Oulx,TO,Piemonte,1247,2501,0,45.0176,6.87018
001260,Scalenghe,TO,Piemonte,244,300,0,44.89318,7.48729
001261,Scarmagno,TO,Piemonte,230,425,0,45.3816,7.84519
001262,Sciolze,TO,Piemonte,235,476,0,45.09894,7.87608
001263,Sestriere,TO,Piemonte,1573,3266,0,44.96012,6.88394
001264,Settimo Rottaro,TO,Piemonte,224,320,0,45.40664,7.99265
001265,Settimo Torinese,TO,Piemonte,192,230,47485,45.14571,7.77274
001266,Settimo Vittone,TO,Piemonte,257,2361,0,45.56775,7.85662
001267,Sparone,TO,Piemonte,468,2142,0,45.40861,7.53127
001268,Strambinello,TO,Piemonte,273,494,0,45.41757,7.7672
001269,Strambino,TO,Piemonte,215,300,0,45.38342,7.90305
001270,Susa,TO,Piemonte,434,778,0,45.13504,7.07633
001271,Tavagnasco,TO,Piemonte,256,1950,0,45.54159,7.8068
001272,Torino,TO,Piemonte,205,706,847287,45.07173,7.67799
001273,Torrazza Piemonte,TO,Piemonte,178,210,0,45.21901,7.97891
001274,Torre Canavese,TO,Piemonte,337,490,0,45.39789,7.76262
001275,Torre Pellice,TO,Piemonte,498,2236,0,44.82442,7.1958
001276,Trana,TO,Piemonte,324,925,0,45.02888,7.40492
001278,Traversella,TO,Piemonte,684,2799,0,45.52772,7.69606
001279,Traves,TO,Piemonte,517,1611,0,45.26222,7.41999
001280,Trofarello,TO,Piemonte,222,317,0,44.97496,7.74456
001281,Usseaux,TO,Piemonte,1242,2832,0,45.04954,7.00776
001282,Usseglio,TO,Piemonte,1191,3563,0,45.22796,7.17072
001283,Vaie,TO,Piemonte,358,1478,0,45.09538,7.29393
001284,Val della Torre,TO,Piemonte,327,1609,0,45.15422,7.44734
001285,Valgioie,TO,Piemonte,553,1285,0,45.07605,7.33381
001286,Vallo Torinese,TO,Piemonte,397,1510,0,45.22582,7.48341
001287,Valperga,TO,Piemonte,336,726,0,45.36804,7.65985
001288,Valprato Soana,TO,Piemonte,1035,3307,0,45.55345,7.54195
001289,Varisella,TO,Piemonte,336,1650,0,45.19947,7.47354
001290,Vauda Canavese,TO,Piemonte,266,444,0,45.27785,7.63821
001291,Venaus,TO,Piemonte,350,2691,0,45.17263,6.9884
001292,Venaria Reale,TO,Piemonte,249,326,33531,45.14073,7.61893
001293,Verolengo,TO,Piemonte,158,210,0,45.19809,7.98537
001294,Verrua Savoia,TO,Piemonte,131,378,0,45.15824,8.10627
001295,Vestignè,TO,Piemonte,214,420,0,45.38897,7.94039
001296,Vialfrè,TO,Piemonte,370,515,0,45.37705,7.81482
001298,Vidracco,TO,Piemonte,441,721,0,45.42843,7.74837
001299,Vigone,TO,Piemonte,248,283,0,44.83748,7.49645
001300,Villafranca Piemonte,TO,Piemonte,249,288,0,44.79562,7.48494
001301,Villanova Canavese,TO,Piemonte,352,406,0,45.23669,7.54761
001302,Villarbasse,TO,Piemonte,295,527,0,45.04446,7.47346
001303,Villar Dora,TO,Piemonte,314,1465,0,45.11478,7.37877
001304,Villareggia,TO,Piemonte,188,338,0,45.29258,7.97569
001305,Villar Focchiardo,TO,Piemonte,381,2609,0,45.09337,7.21308
001306,Villar Pellice,TO,Piemonte,592,2862,0,44.78926,7.13483
001307,Villar Perosa,TO,Piemonte,440,1237,0,44.9195,7.25953
001308,Villastellone,TO,Piemonte,224,242,0,44.91656,7.74044
001309,Vinovo,TO,Piemonte,215,237,0,44.9553,7.62899
001310,Virle Piemonte,TO,Piemonte,240,250,0,44.86205,7.57622
001311,Vische,TO,Piemonte,213,300,0,45.34277,7.9389
001312,Vistrorio,TO,Piemonte,392,1448,0,45.44563,7.75158
001313,Viù,TO,Piemonte,585,2326,0,45.22515,7.3733
001314,Volpiano,TO,Piemonte,192,276,0,45.19451,7.78386
001315,Volvera,TO,Piemonte,247,279,0,44.95967,7.5089
001316,Mappano,TO,Piemonte,,,0,45.15089,7.7038
001317,Val di Chy,TO,Piemonte,,,0,45.46209,7.77314
001318,Valchiusa,TO,Piemonte,,,0,45.52035,7.70712
002002,Alagna Valsesia,VC,Piemonte,1132,4515,0,45.84313,7.91729
002003,Albano Vercellese,VC,Piemonte,141,164,0,45.42552,8.38115
002004,Alice Castello,VC,Piemonte,198,388,0,45.36973,8.08539
002006,Arborio,VC,Piemonte,167,201,0,45.49141,8.37533
002007,Asigliano Vercellese,VC,Piemonte,118,130,0,45.26473,8.41091
002008,Balmuccia,VC,Piemonte,529,1654,0,45.82128,8.14187
002009,Balocco,VC,Piemonte,159,195,0,45.46151,8.28523
002011,Bianzè,VC,Piemonte,154,207,0,45.29967,8.14195
002014,Boccioleto,VC,Piemonte,595,2303,0,45.83173,8.08119
002015,Borgo d'Ale,VC,Piemonte,191,444,0,45.35027,8.05318
002016,Borgosesia,VC,Piemonte,312,1771,0,45.73083,8.25974
002017,Borgo Vercelli,VC,Piemonte,122,133,0,45.36028,8.46608
002021,Buronzo,VC,Piemonte,169,215,0,45.48425,8.26378
002025,Campertogno,VC,Piemonte,750,2813,0,45.79115,7.99174
002029,Carcoforo,VC,Piemonte,1215,2775,0,45.91449,8.04171
002030,Caresana,VC,Piemonte,105,118,0,45.22136,8.50836
002031,Caresanablot,VC,Piemonte,130,143,0,45.36056,8.38
002032,Carisio,VC,Piemonte,170,212,0,45.42487,8.20615
002033,Casanova Elvo,VC,Piemonte,147,175,0,45.39791,8.29082
002035,San Giacomo Vercellese,VC,Piemonte,170,202,0,45.48989,8.3298
002041,Cervatto,VC,Piemonte,824,2081,0,45.87438,8.14275
002042,Cigliano,VC,Piemonte,189,260,0,45.28726,8.01872
002043,Civiasco,VC,Piemonte,526,1252,0,45.81335,8.30698
002045,Collobiano,VC,Piemonte,136,151,0,45.39741,8.34745
002047,Costanzana,VC,Piemonte,117,141,0,45.22407,8.36642
002048,Cravagliana,VC,Piemonte,528,2139,0,45.86624,8.19829
002049,Crescentino,VC,Piemonte,139,171,0,45.20337,8.11441
002052,Crova,VC,Piemonte,148,171,0,45.31933,8.2382
002054,Desana,VC,Piemonte,128,139,0,45.26141,8.34049
002057,Fobello,VC,Piemonte,778,2459,0,45.90796,8.12997
002058,Fontanetto Po,VC,Piemonte,132,156,0,45.19981,8.18813
002059,Formigliana,VC,Piemonte,149,185,0,45.43203,8.27969
002061,Gattinara,VC,Piemonte,228,549,0,45.60427,8.35743
002062,Ghislarengo,VC,Piemonte,189,219,0,45.52683,8.37454
002065,Greggio,VC,Piemonte,154,175,0,45.45585,8.38085
002066,Guardabosone,VC,Piemonte,340,1855,0,45.7199,8.21666
002067,Lamporo,VC,Piemonte,154,172,0,45.23267,8.10096
002068,Lenta,VC,Piemonte,207,250,0,45.55782,8.36723
002070,Lignana,VC,Piemonte,132,150,0,45.28748,8.3194
002071,Livorno Ferraris,VC,Piemonte,149,211,0,45.26494,8.10923
002072,Lozzolo,VC,Piemonte,266,525,0,45.62484,8.32397
002078,Mollia,VC,Piemonte,851,2475,0,45.82508,8.02132
002079,Moncrivello,VC,Piemonte,207,352,0,45.32346,7.99555
002082,Motta de' Conti,VC,Piemonte,102,109,0,45.18874,8.53211
002088,Olcenengo,VC,Piemonte,139,157,0,45.35568,8.3169
002089,Oldenico,VC,Piemonte,134,145,0,45.39651,8.38625
002090,Palazzolo Vercellese,VC,Piemonte,122,150,0,45.18581,8.23226
002091,Pertengo,VC,Piemonte,119,126,0,45.23323,8.41501
002093,Pezzana,VC,Piemonte,108,120,0,45.26064,8.49911
002096,Pila,VC,Piemonte,683,1908,0,45.757,8.07007
002097,Piode,VC,Piemonte,689,2070,0,45.76014,8.03955
002102,Postua,VC,Piemonte,414,1800,0,45.73932,8.19873
002104,Prarolo,VC,Piemonte,112,122,0,45.28163,8.48007
002107,Quarona,VC,Piemonte,368,1532,0,45.76535,8.25465
002108,Quinto Vercellese,VC,Piemonte,134,150,0,45.37793,8.3545
002110,Rassa,VC,Piemonte,877,2734,0,45.75095,7.9783
002113,Rimella,VC,Piemonte,871,2420,0,45.91925,8.19162
002115,Rive,VC,Piemonte,113,138,0,45.20954,8.41668
002116,Roasio,VC,Piemonte,235,491,0,45.59596,8.29092
002118,Ronsecco,VC,Piemonte,136,156,0,45.26187,8.2667
002121,Rossa,VC,Piemonte,577,2314,0,45.85408,8.12316
002122,Rovasenda,VC,Piemonte,194,260,0,45.53538,8.31589
002126,Salasco,VC,Piemonte,141,157,0,45.32036,8.28381
002127,Sali Vercellese,VC,Piemonte,136,150,0,45.30676,8.31544
002128,Saluggia,VC,Piemonte,163,210,0,45.23582,8.02798
002131,San Germano Vercellese,VC,Piemonte,145,173,0,45.35558,8.25973
002133,Santhià,VC,Piemonte,157,224,0,45.38312,8.19583
002134,Scopa,VC,Piemonte,584,1883,0,45.78679,8.12608
002135,Scopello,VC,Piemonte,631,1924,0,45.76203,8.09282
002137,Serravalle Sesia,VC,Piemonte,277,701,0,45.67237,8.30917
002142,Stroppiana,VC,Piemonte,110,122,0,45.22872,8.45677
002147,Tricerro,VC,Piemonte,131,148,0,45.23335,8.31283
002148,Trino,VC,Piemonte,123,176,0,45.21767,8.26588
002150,Tronzano Vercellese,VC,Piemonte,150,207,0,45.32034,8.18634
002152,Valduggia,VC,Piemonte,379,953,0,45.72845,8.34864
002156,Varallo,VC,Piemonte,379,1959,0,45.83187,8.25597
002158,Vercelli,VC,Piemonte,115,146,45875,45.31978,8.41141
002163,Villarboit,VC,Piemonte,145,186,0,45.4398,8.33165
002164,Villata,VC,Piemonte,130,145,0,45.38696,8.42471
002166,Vocca,VC,Piemonte,462,1826,0,45.81301,8.17526
002170,Alto Sermenza,VC,Piemonte,,,0,45.87664,8.02904
002171,Cellio con Breia,VC,Piemonte,,,0,45.7607,8.31175
003001,Agrate Conturbia,NO,Piemonte,276,355,0,45.66634,8.56955
003002,Ameno,NO,Piemonte,388,779,0,45.78813,8.45143
003006,Armeno,NO,Piemonte,348,1395,0,45.83204,8.46395
003008,Arona,NO,Piemonte,191,519,0,45.75992,8.54282
003012,Barengo,NO,Piemonte,191,267,0,45.57037,8.5114
003016,Bellinzago Novarese,NO,Piemonte,136,234,0,45.55377,8.64254
003018,Biandrate,NO,Piemonte,144,164,0,45.45039,8.47549
003019,Boca,NO,Piemonte,345,702,0,45.68098,8.40778
003021,Bogogno,NO,Piemonte,259,326,0,45.66209,8.53465
003022,Bolzano Novarese,NO,Piemonte,354,480,0,45.76148,8.44736
003023,Borgolavezzaro,NO,Piemonte,114,122,0,45.31671,8.69211
003024,Borgomanero,NO,Piemonte,273,456,20430,45.69792,8.46952
003025,Borgo Ticino,NO,Piemonte,214,378,0,45.69222,8.59864
003026,Briga Novarese,NO,Piemonte,324,455,0,45.73224,8.45817
003027,Briona,NO,Piemonte,171,249,0,45.5332,8.50413
003030,Caltignaga,NO,Piemonte,166,201,0,45.52662,8.57629
003032,Cameri,NO,Piemonte,127,187,0,45.51438,8.6652
003036,Carpignano Sesia,NO,Piemonte,190,224,0,45.5413,8.41974
003037,Casalbeltrame,NO,Piemonte,141,156,0,45.42834,8.47577
003039,Casaleggio Novara,NO,Piemonte,160,175,0,45.48801,8.50305
003040,Casalino,NO,Piemonte,123,145,0,45.38378,8.52745
003041,Casalvolone,NO,Piemonte,132,146,0,45.40063,8.46819
003042,Castellazzo Novarese,NO,Piemonte,171,191,0,45.51146,8.49435
003043,Castelletto sopra Ticino,NO,Piemonte,183,302,0,45.71127,8.62097
003044,Cavaglietto,NO,Piemonte,224,286,0,45.59923,8.49825
003045,Cavaglio d'Agogna,NO,Piemonte,229,310,0,45.61027,8.47355
003047,Cavallirio,NO,Piemonte,321,473,0,45.66245,8.40344
003049,Cerano,NO,Piemonte,96,132,0,45.40432,8.79013
003051,Colazza,NO,Piemonte,425,828,0,45.79175,8.49027
003052,Comignago,NO,Piemonte,249,357,0,45.71592,8.56039
003055,Cressa,NO,Piemonte,249,318,0,45.64608,8.50911
003058,Cureggio,NO,Piemonte,278,360,0,45.66804,8.45481
003060,Divignano,NO,Piemonte,281,332,0,45.65549,8.59813
003062,Dormelletto,NO,Piemonte,192,325,0,45.73428,8.57411
003065,Fara Novarese,NO,Piemonte,196,267,0,45.55913,8.45803
003066,Fontaneto d'Agogna,NO,Piemonte,237,342,0,45.64077,8.46845
003068,Galliate,NO,Piemonte,120,166,15699,45.48548,8.71252
003069,Garbagna Novarese,NO,Piemonte,123,142,0,45.39187,8.66072
003070,Gargallo,NO,Piemonte,351,555,0,45.7251,8.41094
003073,Ghemme,NO,Piemonte,217,304,0,45.59714,8.42501
003076,Gozzano,NO,Piemonte,290,540,0,45.74903,8.42853
003077,Granozzo con Monticello,NO,Piemonte,123,141,0,45.36923,8.58816
003079,Grignasco,NO,Piemonte,275,852,0,45.68899,8.34465
003082,Invorio,NO,Piemonte,312,706,0,45.75754,8.48029
003083,Landiona,NO,Piemonte,172,190,0,45.49513,8.42099
003084,Lesa,NO,Piemonte,192,652,0,45.82418,8.56092
003088,Maggiora,NO,Piemonte,306,653,0,45.69942,8.41333
003090,Mandello Vitta,NO,Piemonte,173,187,0,45.50022,8.46181
003091,Marano Ticino,NO,Piemonte,156,316,0,45.63035,8.62988
003093,Massino Visconti,NO,Piemonte,245,921,0,45.82674,8.5297
003095,Meina,NO,Piemonte,193,517,0,45.78515,8.52794
003097,Mezzomerico,NO,Piemonte,225,311,0,45.62068,8.60009
003098,Miasino,NO,Piemonte,291,780,0,45.80675,8.43405
003100,Momo,NO,Piemonte,190,234,0,45.56965,8.5648
003103,Nebbiuno,NO,Piemonte,225,900,0,45.8088,8.51507
003104,Nibbiola,NO,Piemonte,121,139,0,45.37001,8.64736
003106,Novara,NO,Piemonte,126,171,101916,45.43958,8.61566
003108,Oleggio,NO,Piemonte,142,260,0,45.59698,8.64621
003109,Oleggio Castello,NO,Piemonte,224,379,0,45.74441,8.52991
003112,Orta San Giulio,NO,Piemonte,289,494,0,45.78999,8.41533
003114,Paruzzaro,NO,Piemonte,297,411,0,45.74721,8.51076
003115,Pella,NO,Piemonte,287,645,0,45.8106,8.38574
003116,Pettenasco,NO,Piemonte,290,651,0,45.82805,8.40415
003119,Pisano,NO,Piemonte,294,768,0,45.79384,8.50747
003120,Pogno,NO,Piemonte,365,953,0,45.75803,8.37678
003121,Pombia,NO,Piemonte,164,327,0,45.64618,8.64647
003122,Prato Sesia,NO,Piemonte,272,606,0,45.66345,8.36985
003129,Recetto,NO,Piemonte,154,167,0,45.46012,8.42522
003130,Romagnano Sesia,NO,Piemonte,235,546,0,45.63065,8.39931
003131,Romentino,NO,Piemonte,116,151,0,45.46379,8.74662
003133,San Maurizio d'Opaglio,NO,Piemonte,290,850,0,45.77743,8.39357
003134,San Nazzaro Sesia,NO,Piemonte,138,158,0,45.42715,8.42029
003135,San Pietro Mosezzo,NO,Piemonte,143,178,0,45.4691,8.54087
003138,Sillavengo,NO,Piemonte,181,197,0,45.51666,8.43789
003139,Sizzano,NO,Piemonte,216,284,0,45.57724,8.44314
003140,Soriso,NO,Piemonte,377,672,0,45.73696,8.39811
003141,Sozzago,NO,Piemonte,118,132,0,45.39557,8.7248
003143,Suno,NO,Piemonte,229,304,0,45.62722,8.54578
003144,Terdobbiate,NO,Piemonte,123,130,0,45.37562,8.6944
003146,Tornaco,NO,Piemonte,115,125,0,45.35229,8.72658
003149,Trecate,NO,Piemonte,112,143,19430,45.43231,8.74067
003153,Vaprio d'Agogna,NO,Piemonte,216,253,0,45.60336,8.55556
003154,Varallo Pombia,NO,Piemonte,176,341,0,45.66833,8.64081
003158,Vespolate,NO,Piemonte,118,133,0,45.34619,8.6613
003159,Vicolungo,NO,Piemonte,156,178,0,45.47597,8.45831
003164,Vinzaglio,NO,Piemonte,116,128,0,45.32948,8.50142
003166,Gattico-Veruno,NO,Piemonte,,,0,45.70517,8.52684
004001,Acceglio,CN,Piemonte,1133,3213,0,44.48726,6.95056
004002,Aisone,CN,Piemonte,759,2960,0,44.2877,7.2216
004003,Alba,CN,Piemonte,139,591,24923,44.68785,8.03079
004004,Albaretto della Torre,CN,Piemonte,393,738,0,44.5979,8.06138
004005,Alto,CN,Piemonte,391,1531,0,44.11888,7.99078
004006,Argentera,CN,Piemonte,1440,2940,0,44.37833,6.94936
004007,Arguello,CN,Piemonte,391,732,0,44.58859,8.09885
004008,Bagnasco,CN,Piemonte,458,1200,0,44.29307,8.04737
004009,Bagnolo Piemonte,CN,Piemonte,307,2707,0,44.75304,7.25437
004010,Baldissero d'Alba,CN,Piemonte,222,429,0,44.7652,7.88986
004011,Barbaresco,CN,Piemonte,136,331,0,44.71955,8.07682
004012,Barge,CN,Piemonte,252,2270,0,44.72855,7.34841
004013,Barolo,CN,Piemonte,213,480,0,44.61517,7.94142
004014,Bastia Mondovì,CN,Piemonte,252,566,0,44.44839,7.90076
004015,Battifollo,CN,Piemonte,554,1104,0,44.3228,8.01464
004016,Beinette,CN,Piemonte,446,547,0,44.36967,7.65127
004017,Bellino,CN,Piemonte,1391,3332,0,44.57613,6.98339
004018,Belvedere Langhe,CN,Piemonte,388,668,0,44.49928,7.97879
004019,Bene Vagienna,CN,Piemonte,246,425,0,44.53535,7.82605
004020,Benevello,CN,Piemonte,397,680,0,44.6294,8.09758
004021,Bergolo,CN,Piemonte,278,660,0,44.54985,8.17709
004022,Bernezzo,CN,Piemonte,533,1360,0,44.3829,7.42696
004023,Bonvicino,CN,Piemonte,389,798,0,44.50501,8.01584
004024,Borgomale,CN,Piemonte,298,688,0,44.62969,8.12226
004025,Borgo San Dalmazzo,CN,Piemonte,556,1250,0,44.3298,7.47133
004026,Bosia,CN,Piemonte,322,695,0,44.59854,8.14168
004027,Bossolasco,CN,Piemonte,493,801,0,44.53222,8.05084
004028,Boves,CN,Piemonte,543,2411,0,44.3076,7.55946
004029,Bra,CN,Piemonte,185,392,24072,44.70692,7.82529
004030,Briaglia,CN,Piemonte,319,625,0,44.40145,7.8748
004031,Briga Alta,CN,Piemonte,1159,2630,0,44.1374,7.70503
004032,Brondello,CN,Piemonte,399,1159,0,44.59865,7.39964
004033,Brossasco,CN,Piemonte,559,1666,0,44.58203,7.32789
004034,Busca,CN,Piemonte,437,1599,0,44.50917,7.45006
004035,Camerana,CN,Piemonte,353,775,0,44.4268,8.13546
004037,Canale,CN,Piemonte,161,381,0,44.80025,8.00487
004038,Canosio,CN,Piemonte,948,2831,0,44.42066,7.05411
004039,Caprauna,CN,Piemonte,724,1718,0,44.11923,7.9491
004040,Caraglio,CN,Piemonte,512,1120,0,44.42712,7.44038
004041,Caramagna Piemonte,CN,Piemonte,243,268,0,44.78561,7.7304
004042,Cardè,CN,Piemonte,253,269,0,44.74013,7.47318
004043,Carrù,CN,Piemonte,260,423,0,44.48061,7.85372
004044,Cartignano,CN,Piemonte,638,1915,0,44.48836,7.28559
004045,Casalgrasso,CN,Piemonte,236,253,0,44.81667,7.62513
004046,Castagnito,CN,Piemonte,136,368,0,44.75103,8.05208
004047,Casteldelfino,CN,Piemonte,1134,3011,0,44.59213,7.08882
004049,Castelletto Stura,CN,Piemonte,383,481,0,44.4314,7.63567
004050,Castelletto Uzzone,CN,Piemonte,339,830,0,44.49252,8.1898
004051,Castellinaldo d'Alba,CN,Piemonte,182,334,0,44.77549,8.03327
004052,Castellino Tanaro,CN,Piemonte,331,695,0,44.42701,7.98774
004053,Castelmagno,CN,Piemonte,867,2640,0,44.40445,7.19229
004054,Castelnuovo di Ceva,CN,Piemonte,626,860,0,44.35057,8.13262
004055,Castiglione Falletto,CN,Piemonte,197,370,0,44.62916,7.97275
004056,Castiglione Tinella,CN,Piemonte,186,489,0,44.73046,8.19138
004057,Castino,CN,Piemonte,281,720,0,44.62513,8.16026
004058,Cavallerleone,CN,Piemonte,257,279,0,44.73515,7.64886
004059,Cavallermaggiore,CN,Piemonte,269,301,0,44.70816,7.6985
004060,Celle di Macra,CN,Piemonte,856,2654,0,44.45843,7.17531
004061,Centallo,CN,Piemonte,381,457,0,44.48823,7.59291
004062,Ceresole Alba,CN,Piemonte,253,350,0,44.81817,7.81664
004063,Cerretto Langhe,CN,Piemonte,389,750,0,44.57718,8.07754
004064,Cervasca,CN,Piemonte,514,1165,0,44.38594,7.48068
004065,Cervere,CN,Piemonte,224,367,0,44.62616,7.77207
004066,Ceva,CN,Piemonte,341,812,0,44.37596,8.02621
004067,Cherasco,CN,Piemonte,181,422,0,44.6453,7.83265
004068,Chiusa di Pesio,CN,Piemonte,487,2640,0,44.26042,7.67079
004069,Cigliè,CN,Piemonte,291,577,0,44.43711,7.92628
004070,Cissone,CN,Piemonte,422,682,0,44.56265,8.02883
004071,Clavesana,CN,Piemonte,230,640,0,44.47826,7.92463
004072,Corneliano d'Alba,CN,Piemonte,174,401,0,44.73666,7.96122
004073,Cortemilia,CN,Piemonte,222,714,0,44.57967,8.18971
004074,Cossano Belbo,CN,Piemonte,193,653,0,44.66358,8.19407
004075,Costigliole Saluzzo,CN,Piemonte,401,946,0,44.56187,7.48999
004076,Cravanzana,CN,Piemonte,389,703,0,44.5706,8.1214
004077,Crissolo,CN,Piemonte,1068,3840,0,44.70019,7.12529
004078,Cuneo,CN,Piemonte,414,634,55980,44.41634,7.55275
004079,Demonte,CN,Piemonte,675,2620,0,44.32907,7.25364
004080,Diano d'Alba,CN,Piemonte,189,552,0,44.64848,8.02502
004081,Dogliani,CN,Piemonte,237,604,0,44.53608,7.95668
004082,Dronero,CN,Piemonte,539,2006,0,44.45521,7.32945
004083,Elva,CN,Piemonte,1127,2999,0,44.5452,7.07827
004084,Entracque,CN,Piemonte,770,3268,0,44.18168,7.40276
004085,Envie,CN,Piemonte,267,1309,0,44.69156,7.37567
004086,Farigliano,CN,Piemonte,226,601,0,44.50988,7.92233
004087,Faule,CN,Piemonte,243,257,0,44.79641,7.57109
004088,Feisoglio,CN,Piemonte,435,824,0,44.54482,8.10383
004089,Fossano,CN,Piemonte,227,429,18773,44.54419,7.69276
004090,Frabosa Soprana,CN,Piemonte,587,2360,0,44.2523,7.81299
004091,Frabosa Sottana,CN,Piemonte,479,2381,0,44.28082,7.77554
004092,Frassino,CN,Piemonte,717,2131,0,44.56634,7.26777
004093,Gaiola,CN,Piemonte,636,1203,0,44.33389,7.40646
004094,Gambasca,CN,Piemonte,402,1430,0,44.62325,7.33748
004095,Garessio,CN,Piemonte,432,2171,0,44.19894,7.99292
004096,Genola,CN,Piemonte,330,355,0,44.58877,7.66851
004097,Gorzegno,CN,Piemonte,286,861,0,44.51406,8.11977
004098,Gottasecca,CN,Piemonte,429,860,0,44.46012,8.17701
004099,Govone,CN,Piemonte,119,302,0,44.79444,8.10404
004100,Grinzane Cavour,CN,Piemonte,182,305,0,44.65943,7.99386
004101,Guarene,CN,Piemonte,141,402,0,44.73575,8.03299
004102,Igliano,CN,Piemonte,490,739,0,44.4412,8.01505
004103,Isasca,CN,Piemonte,616,1372,0,44.59023,7.37035
004104,Lagnasco,CN,Piemonte,317,375,0,44.63249,7.55808
004105,La Morra,CN,Piemonte,186,556,0,44.64718,7.9319
004106,Lequio Berria,CN,Piemonte,431,744,0,44.60647,8.10152
004107,Lequio Tanaro,CN,Piemonte,218,366,0,44.55377,7.88313
004108,Lesegno,CN,Piemonte,327,603,0,44.39617,7.96394
004109,Levice,CN,Piemonte,276,808,0,44.5345,8.15697
004110,Limone Piemonte,CN,Piemonte,878,2679,0,44.18617,7.57614
004111,Lisio,CN,Piemonte,521,1121,0,44.30602,7.9826
004112,Macra,CN,Piemonte,733,2459,0,44.50497,7.1734
004113,Magliano Alfieri,CN,Piemonte,138,329,0,44.76473,8.07658
004114,Magliano Alpi,CN,Piemonte,320,2630,0,44.34896,7.79236
004115,Mango,CN,Piemonte,263,690,0,44.68039,8.15319
004116,Manta,CN,Piemonte,358,701,0,44.61308,7.50352
004117,Marene,CN,Piemonte,284,342,0,44.658,7.73238
004118,Margarita,CN,Piemonte,409,501,0,44.40049,7.67471
004119,Marmora,CN,Piemonte,935,2750,0,44.43566,7.11504
004120,Marsaglia,CN,Piemonte,355,745,0,44.45543,7.98578
004121,Martiniana Po,CN,Piemonte,359,1420,0,44.61603,7.36235
004122,Melle,CN,Piemonte,616,1931,0,44.5476,7.30882
004123,Moiola,CN,Piemonte,657,1660,0,44.31348,7.38712
004124,Mombarcaro,CN,Piemonte,366,895,0,44.46584,8.07944
004125,Mombasiglio,CN,Piemonte,407,940,0,44.35694,7.96372
004126,Monastero di Vasco,CN,Piemonte,447,1002,0,44.33637,7.81966
004127,Monasterolo Casotto,CN,Piemonte,519,1066,0,44.31475,7.93957
004128,Monasterolo di Savigliano,CN,Piemonte,280,313,0,44.68227,7.60989
004129,Monchiero,CN,Piemonte,215,330,0,44.56699,7.92124
004130,Mondovì,CN,Piemonte,278,614,21880,44.40882,7.81316
004131,Monesiglio,CN,Piemonte,332,826,0,44.46417,8.12215
004132,Monforte d'Alba,CN,Piemonte,213,561,0,44.58607,7.97065
004133,Montà,CN,Piemonte,199,389,0,44.82364,7.95143
004134,Montaldo di Mondovì,CN,Piemonte,482,1502,0,44.3011,7.85631
004135,Montaldo Roero,CN,Piemonte,236,427,0,44.77041,7.91611
004136,Montanera,CN,Piemonte,333,442,0,44.45839,7.67458
004137,Montelupo Albese,CN,Piemonte,227,594,0,44.62358,8.03505
004138,Montemale di Cuneo,CN,Piemonte,584,1339,0,44.43387,7.36306
004139,Monterosso Grana,CN,Piemonte,708,2376,0,44.38723,7.30255
004140,Monteu Roero,CN,Piemonte,196,415,0,44.79184,7.91254
004141,Montezemolo,CN,Piemonte,547,793,0,44.38093,8.13304
004142,Monticello d'Alba,CN,Piemonte,169,391,0,44.7123,7.94666
004143,Moretta,CN,Piemonte,249,265,0,44.76539,7.53837
004144,Morozzo,CN,Piemonte,388,485,0,44.42969,7.68838
004145,Murazzano,CN,Piemonte,432,820,0,44.47525,8.01399
004146,Murello,CN,Piemonte,249,274,0,44.75537,7.60496
004147,Narzole,CN,Piemonte,181,478,0,44.59615,7.87304
004148,Neive,CN,Piemonte,140,451,0,44.72771,8.11585
004149,Neviglie,CN,Piemonte,227,550,0,44.69305,8.11877
004150,Niella Belbo,CN,Piemonte,497,870,0,44.51576,8.08156
004151,Niella Tanaro,CN,Piemonte,272,585,0,44.40965,7.92276
004152,Novello,CN,Piemonte,212,483,0,44.59087,7.92009
004153,Nucetto,CN,Piemonte,429,800,0,44.33926,8.05529
004154,Oncino,CN,Piemonte,821,3823,0,44.65095,7.16301
004155,Ormea,CN,Piemonte,623,2616,0,44.15601,7.86736
004156,Ostana,CN,Piemonte,921,2409,0,44.70723,7.19291
004157,Paesana,CN,Piemonte,545,2385,0,44.67133,7.24745
004158,Pagno,CN,Piemonte,352,1162,0,44.60795,7.42872
004159,Pamparato,CN,Piemonte,728,1960,0,44.25626,7.90955
004160,Paroldo,CN,Piemonte,451,806,0,44.43021,8.06966
004161,Perletto,CN,Piemonte,216,760,0,44.59722,8.21603
004162,Perlo,CN,Piemonte,559,971,0,44.3246,8.09232
004163,Peveragno,CN,Piemonte,495,2389,0,44.31076,7.61812
004164,Pezzolo Valle Uzzone,CN,Piemonte,258,803,0,44.53381,8.2147
004165,Pianfei,CN,Piemonte,425,803,0,44.37291,7.71104
004166,Piasco,CN,Piemonte,444,1160,0,44.56896,7.44705
004167,Pietraporzio,CN,Piemonte,1193,3023,0,44.32719,7.00841
004168,Piobesi d'Alba,CN,Piemonte,179,303,0,44.73098,7.98357
004169,Piozzo,CN,Piemonte,232,407,0,44.5164,7.88094
004170,Pocapaglia,CN,Piemonte,201,440,0,44.72424,7.8778
004171,Polonghera,CN,Piemonte,242,255,0,44.79085,7.59588
004172,Pontechianale,CN,Piemonte,1418,3840,0,44.64543,7.0257
004173,Pradleves,CN,Piemonte,791,2340,0,44.41368,7.26673
004174,Prazzo,CN,Piemonte,931,3033,0,44.50214,7.0478
004175,Priero,CN,Piemonte,438,842,0,44.36428,8.09883
004176,Priocca,CN,Piemonte,160,301,0,44.79183,8.06149
004177,Priola,CN,Piemonte,492,1463,0,44.25342,8.0306
004178,Prunetto,CN,Piemonte,324,843,0,44.49217,8.13935
004179,Racconigi,CN,Piemonte,240,271,0,44.7763,7.67289
004180,Revello,CN,Piemonte,259,866,0,44.66912,7.41589
004181,Rifreddo,CN,Piemonte,402,1130,0,44.6547,7.35356
004182,Rittana,CN,Piemonte,698,1699,0,44.35848,7.37508
004183,Roaschia,CN,Piemonte,700,2450,0,44.25641,7.45698
004184,Roascio,CN,Piemonte,385,701,0,44.41726,8.02499
004185,Robilante,CN,Piemonte,652,1486,0,44.28245,7.51731
004186,Roburent,CN,Piemonte,580,1818,0,44.26203,7.8713
004187,Roccabruna,CN,Piemonte,630,1892,0,44.49248,7.32348
004188,Rocca Cigliè,CN,Piemonte,322,602,0,44.44364,7.94944
004189,Rocca de' Baldi,CN,Piemonte,346,436,0,44.43851,7.74622
004190,Roccaforte Mondovì,CN,Piemonte,531,2622,0,44.25066,7.73159
004191,Roccasparvera,CN,Piemonte,599,1140,0,44.34493,7.43262
004192,Roccavione,CN,Piemonte,603,1474,0,44.29963,7.47801
004193,Rocchetta Belbo,CN,Piemonte,258,600,0,44.6387,8.17471
004194,Roddi,CN,Piemonte,165,284,0,44.6788,7.96595
004195,Roddino,CN,Piemonte,303,664,0,44.57524,8.01826
004196,Rodello,CN,Piemonte,234,653,0,44.62846,8.06326
004197,Rossana,CN,Piemonte,475,1370,0,44.53193,7.41227
004198,Ruffia,CN,Piemonte,269,284,0,44.71126,7.60271
004199,Sale delle Langhe,CN,Piemonte,433,768,0,44.39564,8.09255
004200,Sale San Giovanni,CN,Piemonte,398,753,0,44.40616,8.07573
004201,Saliceto,CN,Piemonte,362,800,0,44.4186,8.18282
004202,Salmour,CN,Piemonte,220,401,0,44.58197,7.79765
004203,Saluzzo,CN,Piemonte,254,662,16537,44.67004,7.49017
004204,Sambuco,CN,Piemonte,997,2760,0,44.34688,7.08344
004205,Sampeyre,CN,Piemonte,791,2999,0,44.58335,7.18702
004206,San Benedetto Belbo,CN,Piemonte,551,842,0,44.49046,8.05963
004207,San Damiano Macra,CN,Piemonte,650,2404,0,44.49713,7.2374
004208,Sanfrè,CN,Piemonte,261,387,0,44.74961,7.80643
004209,Sanfront,CN,Piemonte,430,1759,0,44.64049,7.30268
004210,San Michele Mondovì,CN,Piemonte,384,809,0,44.36921,7.92126
004211,Sant'Albano Stura,CN,Piemonte,310,420,0,44.4897,7.72254
004212,Santa Vittoria d'Alba,CN,Piemonte,162,346,0,44.69896,7.93817
004213,Santo Stefano Belbo,CN,Piemonte,139,601,0,44.70462,8.21958
004214,Santo Stefano Roero,CN,Piemonte,213,405,0,44.80122,7.92449
004215,Savigliano,CN,Piemonte,290,404,16800,44.6212,7.63652
004216,Scagnello,CN,Piemonte,482,1040,0,44.3319,7.97873
004217,Scarnafigi,CN,Piemonte,264,326,0,44.68833,7.55851
004218,Serralunga d'Alba,CN,Piemonte,202,446,0,44.61611,7.99617
004219,Serravalle Langhe,CN,Piemonte,435,773,0,44.55851,8.06622
004220,Sinio,CN,Piemonte,225,577,0,44.60475,8.02486
004221,Somano,CN,Piemonte,386,754,0,44.53051,8.01401
004222,Sommariva del Bosco,CN,Piemonte,247,329,0,44.77362,7.78089
004223,Sommariva Perno,CN,Piemonte,223,428,0,44.74564,7.88887
004224,Stroppo,CN,Piemonte,793,2514,0,44.51235,7.13009
004225,Tarantasca,CN,Piemonte,435,493,0,44.49836,7.53225
004226,Torre Bormida,CN,Piemonte,276,677,0,44.56301,8.14496
004227,Torre Mondovì,CN,Piemonte,454,1088,0,44.32703,7.90993
004228,Torre San Giorgio,CN,Piemonte,259,272,0,44.7282,7.52813
004229,Torresina,CN,Piemonte,459,790,0,44.4364,8.03426
004230,Treiso,CN,Piemonte,170,508,0,44.68965,8.0853
004231,Trezzo Tinella,CN,Piemonte,266,705,0,44.66412,8.11358
004232,Trinità,CN,Piemonte,289,425,0,44.51123,7.76303
004233,Valdieri,CN,Piemonte,673,3260,0,44.22669,7.30265
004234,Valgrana,CN,Piemonte,575,1423,0,44.40255,7.36644
004235,Valloriate,CN,Piemonte,732,1908,0,44.34182,7.34795
004237,Venasca,CN,Piemonte,487,1374,0,44.55907,7.39696
004238,Verduno,CN,Piemonte,163,407,0,44.67256,7.93191
004239,Vernante,CN,Piemonte,740,2606,0,44.21712,7.51623
004240,Verzuolo,CN,Piemonte,369,1156,0,44.5942,7.49422
004241,Vezza d'Alba,CN,Piemonte,191,385,0,44.76147,7.99421
004242,Vicoforte,CN,Piemonte,394,759,0,44.36337,7.86622
004243,Vignolo,CN,Piemonte,528,1028,0,44.35914,7.47613
004244,Villafalletto,CN,Piemonte,370,452,0,44.55641,7.54655
004245,Villanova Mondovì,CN,Piemonte,428,881,0,44.35862,7.75029
004246,Villanova Solaro,CN,Piemonte,256,276,0,44.7343,7.57346
004247,Villar San Costanzo,CN,Piemonte,542,1610,0,44.48677,7.39394
004248,Vinadio,CN,Piemonte,787,3035,0,44.26881,7.11753
004249,Viola,CN,Piemonte,594,1755,0,44.27661,7.96682
004250,Vottignasco,CN,Piemonte,369,412,0,44.5617,7.57915
005001,Agliano Terme,AT,Piemonte,148,276,0,44.78738,8.24674
005002,Albugnano,AT,Piemonte,248,549,0,45.08031,7.97574
005003,Antignano,AT,Piemonte,109,274,0,44.84067,8.13769
005004,Aramengo,AT,Piemonte,231,502,0,45.09847,7.99354
005005,Asti,AT,Piemonte,102,282,74348,44.91327,8.19434
005006,Azzano d'Asti,AT,Piemonte,102,216,0,44.88225,8.26644
005007,Baldichieri d'Asti,AT,Piemonte,133,228,0,44.90695,8.09407
005008,Belveglio,AT,Piemonte,126,252,0,44.83485,8.33208
005009,Berzano di San Pietro,AT,Piemonte,228,474,0,45.10153,7.95133
005010,Bruno,AT,Piemonte,114,254,0,44.79679,8.4472
005011,Bubbio,AT,Piemonte,164,529,0,44.65792,8.29327
005012,Buttigliera d'Asti,AT,Piemonte,177,300,0,45.00629,7.95418
005013,Calamandrana,AT,Piemonte,133,367,0,44.73491,8.33618
005014,Calliano Monferrato,AT,Piemonte,143,305,0,45.00286,8.25185
005015,Calosso,AT,Piemonte,158,398,0,44.7452,8.23505
005016,Camerano Casasco,AT,Piemonte,188,305,0,44.98356,8.08779
005017,Canelli,AT,Piemonte,140,478,0,44.72196,8.28292
005018,Cantarana,AT,Piemonte,153,287,0,44.89846,8.02806
005019,Capriglio,AT,Piemonte,185,276,0,45.00689,8.00987
005020,Casorzo Monferrato,AT,Piemonte,174,295,0,45.01475,8.33557
005021,Cassinasco,AT,Piemonte,162,510,0,44.69243,8.31138
005022,Castagnole delle Lanze,AT,Piemonte,132,390,0,44.75742,8.14346
005023,Castagnole Monferrato,AT,Piemonte,136,279,0,44.95395,8.30382
005024,Castel Boglione,AT,Piemonte,169,465,0,44.72762,8.37711
005025,Castell'Alfero,AT,Piemonte,136,258,0,44.97857,8.20342
005026,Castellero,AT,Piemonte,142,249,0,44.9204,8.07176
005027,Castelletto Molina,AT,Piemonte,192,351,0,44.74398,8.43101
005028,Castello di Annone,AT,Piemonte,86,203,0,44.8939,8.33008
005029,Castelnuovo Belbo,AT,Piemonte,117,244,0,44.80523,8.41497
005030,Castelnuovo Calcea,AT,Piemonte,139,275,0,44.7869,8.28665
005031,Castelnuovo Don Bosco,AT,Piemonte,195,404,0,45.03609,7.97745
005032,Castel Rocchero,AT,Piemonte,231,414,0,44.72033,8.41262
005033,Cellarengo,AT,Piemonte,263,350,0,44.87264,7.92864
005034,Celle Enomondo,AT,Piemonte,131,261,0,44.8578,8.11557
005035,Cerreto d'Asti,AT,Piemonte,207,400,0,45.04806,8.0305
005036,Cerro Tanaro,AT,Piemonte,86,136,0,44.8772,8.36874
005037,Cessole,AT,Piemonte,191,603,0,44.64524,8.2512
005038,Chiusano d'Asti,AT,Piemonte,161,279,0,44.98373,8.12076
005039,Cinaglio,AT,Piemonte,159,286,0,44.96863,8.09624
005040,Cisterna d'Asti,AT,Piemonte,190,383,0,44.83481,8.00172
005041,Coazzolo,AT,Piemonte,199,397,0,44.72803,8.15171
005042,Cocconato,AT,Piemonte,217,477,0,45.09,8.04579
005044,Corsione,AT,Piemonte,169,296,0,45.00276,8.15462
005045,Cortandone,AT,Piemonte,162,261,0,44.95592,8.05803
005046,Cortanze,AT,Piemonte,183,320,0,45.01765,8.08727
005047,Cortazzone,AT,Piemonte,172,285,0,44.9773,8.05124
005048,Cortiglione,AT,Piemonte,116,259,0,44.83029,8.36546
005049,Cossombrato,AT,Piemonte,169,308,0,44.98524,8.14165
005050,Costigliole d'Asti,AT,Piemonte,108,357,0,44.78498,8.17786
005051,Cunico,AT,Piemonte,164,302,0,45.04143,8.09069
005052,Dusino San Michele,AT,Piemonte,167,288,0,44.92001,7.98189
005053,Ferrere,AT,Piemonte,174,331,0,44.87283,7.99249
005054,Fontanile,AT,Piemonte,163,375,0,44.74742,8.41195
005055,Frinco,AT,Piemonte,148,263,0,44.99571,8.17574
005056,Grana Monferrato,AT,Piemonte,175,289,0,45.00193,8.29564
005057,Grazzano Badoglio,AT,Piemonte,194,381,0,45.03642,8.30807
005058,Incisa Scapaccino,AT,Piemonte,115,255,0,44.8146,8.38793
005059,Isola d'Asti,AT,Piemonte,108,257,0,44.82597,8.17949
005060,Loazzolo,AT,Piemonte,188,604,0,44.67099,8.25633
005061,Maranzana,AT,Piemonte,142,304,0,44.76235,8.48203
005062,Maretto,AT,Piemonte,164,255,0,44.94144,8.03847
005063,Moasca,AT,Piemonte,146,275,0,44.76469,8.27195
005064,Mombaldone,AT,Piemonte,105,673,0,44.57598,8.33049
005065,Mombaruzzo,AT,Piemonte,140,333,0,44.7769,8.44945
005066,Mombercelli,AT,Piemonte,122,278,0,44.82684,8.29592
005067,Monale,AT,Piemonte,141,263,0,44.93635,8.0777
005068,Monastero Bormida,AT,Piemonte,163,504,0,44.63936,8.32702
005069,Moncalvo,AT,Piemonte,153,375,0,45.05064,8.27153
005070,Moncucco Torinese,AT,Piemonte,271,463,0,45.07051,7.92153
005071,Mongardino,AT,Piemonte,128,291,0,44.84952,8.22582
005072,Montabone,AT,Piemonte,195,512,0,44.69995,8.39111
005073,Montafia,AT,Piemonte,176,293,0,44.98516,8.01583
005074,Montaldo Scarampi,AT,Piemonte,130,278,0,44.83137,8.2671
005075,Montechiaro d'Asti,AT,Piemonte,165,296,0,45.0126,8.11396
005076,Montegrosso d'Asti,AT,Piemonte,140,286,0,44.814,8.23277
005077,Montemagno Monferrato,AT,Piemonte,144,277,0,44.97413,8.32991
005080,Nizza Monferrato,AT,Piemonte,125,302,0,44.76956,8.35496
005081,Olmo Gentile,AT,Piemonte,328,770,0,44.582,8.2516
005082,Passerano Marmorito,AT,Piemonte,211,452,0,45.05607,8.01306
005083,Penango,AT,Piemonte,167,295,0,45.0267,8.26171
005084,Piea,AT,Piemonte,188,291,0,45.02138,8.06115
005085,Pino d'Asti,AT,Piemonte,236,421,0,45.05415,7.98719
005086,Piovà Massaia,AT,Piemonte,210,360,0,45.04578,8.04947
005087,Portacomaro,AT,Piemonte,129,235,0,44.94916,8.26311
005088,Quaranti,AT,Piemonte,164,342,0,44.75017,8.44876
005089,Refrancore,AT,Piemonte,136,220,0,44.92958,8.34542
005090,Revigliasco d'Asti,AT,Piemonte,104,281,0,44.85711,8.16337
005091,Roatto,AT,Piemonte,158,264,0,44.9518,8.01668
005092,Robella,AT,Piemonte,196,427,0,45.10658,8.10353
005093,Rocca d'Arazzo,AT,Piemonte,96,252,0,44.86356,8.28873
005094,Roccaverano,AT,Piemonte,256,802,0,44.59484,8.28592
005095,Rocchetta Palafea,AT,Piemonte,160,501,0,44.70472,8.34419
005096,Rocchetta Tanaro,AT,Piemonte,95,234,0,44.85772,8.34717
005097,San Damiano d'Asti,AT,Piemonte,139,334,0,44.84543,8.05184
005098,San Giorgio Scarampi,AT,Piemonte,234,697,0,44.60904,8.23911
005099,San Martino Alfieri,AT,Piemonte,116,278,0,44.82375,8.11558
005100,San Marzano Oliveto,AT,Piemonte,142,303,0,44.75543,8.30062
005101,San Paolo Solbrito,AT,Piemonte,170,272,0,44.95174,7.98072
005103,Scurzolengo,AT,Piemonte,145,259,0,44.96694,8.27618
005104,Serole,AT,Piemonte,337,844,0,44.54804,8.25974
005105,Sessame,AT,Piemonte,174,498,0,44.67095,8.33882
005106,Settime,AT,Piemonte,156,257,0,44.95902,8.11258
005107,Soglio,AT,Piemonte,189,304,0,44.9968,8.07675
005108,Tigliole,AT,Piemonte,135,281,0,44.88427,8.08491
005109,Tonco,AT,Piemonte,148,271,0,45.02053,8.18935
005111,Vaglio Serra,AT,Piemonte,140,302,0,44.8006,8.34346
005112,Valfenera,AT,Piemonte,188,336,0,44.89137,7.95464
005113,Vesime,AT,Piemonte,206,600,0,44.63012,8.22642
005114,Viale,AT,Piemonte,184,284,0,45.00199,8.0499
005115,Viarigi,AT,Piemonte,144,260,0,44.96595,8.36501
005116,Vigliano d'Asti,AT,Piemonte,121,278,0,44.83476,8.22846
005117,Villafranca d'Asti,AT,Piemonte,145,254,0,44.91898,8.03625
005118,Villanova d'Asti,AT,Piemonte,190,283,0,44.95143,7.93477
005119,Villa San Secondo,AT,Piemonte,164,289,0,45.00241,8.14588
005120,Vinchio,AT,Piemonte,126,302,0,44.80733,8.31847
005121,Montiglio Monferrato,AT,Piemonte,166,335,0,45.05851,8.10748
005122,Moransengo-Tonengo,AT,Piemonte,,,0,45.11834,8.01644
006001,Acqui Terme,AL,Piemonte,129,452,17828,44.68094,8.46377
006002,Albera Ligure,AL,Piemonte,370,1572,0,44.70803,9.10351
006003,Alessandria,AL,Piemonte,72,268,92104,44.90905,8.64449
006004,Alfiano Natta,AL,Piemonte,160,428,0,45.04089,8.20838
006005,Alice Bel Colle,AL,Piemonte,168,417,0,44.72353,8.45307
006007,Altavilla Monferrato,AL,Piemonte,153,269,0,44.98523,8.37877
006008,Alzano Scrivia,AL,Piemonte,74,78,0,45.01803,8.87905
006009,Arquata Scrivia,AL,Piemonte,193,765,0,44.67034,8.889
006010,Avolasca,AL,Piemonte,196,650,0,44.81189,8.97089
006011,Balzola,AL,Piemonte,111,124,0,45.1849,8.41186
006012,Basaluzzo,AL,Piemonte,124,196,0,44.76727,8.71378
006013,Bassignana,AL,Piemonte,75,205,0,45.00388,8.73161
006014,Belforte Monferrato,AL,Piemonte,177,635,0,44.60541,8.67024
006015,Bergamasco,AL,Piemonte,104,192,0,44.8281,8.44979
006016,Berzano di Tortona,AL,Piemonte,174,425,0,44.87547,8.954
006017,Bistagno,AL,Piemonte,159,477,0,44.67034,8.37471
006018,Borghetto di Borbera,AL,Piemonte,231,851,0,44.73469,8.96772
006019,Borgoratto Alessandrino,AL,Piemonte,101,184,0,44.83116,8.51965
006020,Borgo San Martino,AL,Piemonte,99,107,0,45.0925,8.5298
006021,Bosco Marengo,AL,Piemonte,106,153,0,44.81933,8.70514
006022,Bosio,AL,Piemonte,229,1080,0,44.57504,8.78419
006023,Bozzole,AL,Piemonte,88,102,0,45.07372,8.62225
006024,Brignano-Frascata,AL,Piemonte,258,695,0,44.8103,9.04447
006025,Cabella Ligure,AL,Piemonte,436,1686,0,44.66971,9.13739
006026,Camagna Monferrato,AL,Piemonte,136,271,0,45.02162,8.43425
006027,Camino,AL,Piemonte,111,379,0,45.16133,8.27494
006028,Cantalupo Ligure,AL,Piemonte,329,1402,0,44.73287,9.06113
006029,Capriata d'Orba,AL,Piemonte,124,275,0,44.729,8.69432
006030,Carbonara Scrivia,AL,Piemonte,131,201,0,44.85332,8.85865
006031,Carentino,AL,Piemonte,103,186,0,44.8224,8.48505
006032,Carezzano,AL,Piemonte,173,400,0,44.80695,8.89452
006033,Carpeneto,AL,Piemonte,199,363,0,44.69186,8.61571
006034,Carrega Ligure,AL,Piemonte,562,1650,0,44.61648,9.15553
006035,Carrosio,AL,Piemonte,235,622,0,44.65602,8.8369
006036,Cartosio,AL,Piemonte,186,501,0,44.59495,8.42336
006037,Casal Cermelli,AL,Piemonte,99,125,0,44.82407,8.63183
006038,Casaleggio Boiro,AL,Piemonte,229,766,0,44.61251,8.74096
006039,Casale Monferrato,AL,Piemonte,98,299,33213,45.1264,8.46165
006040,Casalnoceto,AL,Piemonte,122,310,0,44.91779,8.97999
006041,Casasco,AL,Piemonte,208,455,0,44.82107,9.00452
006043,Cassine,AL,Piemonte,112,327,0,44.75233,8.51986
006044,Cassinelle,AL,Piemonte,233,829,0,44.57965,8.55744
006045,Castellania Coppi,AL,Piemonte,223,603,0,44.79648,8.93898
006046,Castellar Guidobono,AL,Piemonte,136,225,0,44.90688,8.95006
006047,Castellazzo Bormida,AL,Piemonte,94,130,0,44.83677,8.58298
006048,Castelletto d'Erro,AL,Piemonte,228,544,0,44.63096,8.39049
006049,Castelletto d'Orba,AL,Piemonte,149,348,0,44.68821,8.70859
006050,Castelletto Merli,AL,Piemonte,194,427,0,45.07528,8.23541
006051,Castelletto Monferrato,AL,Piemonte,103,234,0,44.97212,8.55404
006052,Castelnuovo Bormida,AL,Piemonte,116,243,0,44.74198,8.559
006053,Castelnuovo Scrivia,AL,Piemonte,74,103,0,44.97522,8.87466
006054,Castelspina,AL,Piemonte,109,128,0,44.8009,8.59593
006055,Cavatore,AL,Piemonte,198,541,0,44.63205,8.45682
006056,Cella Monte,AL,Piemonte,146,290,0,45.06535,8.38446
006057,Cereseto,AL,Piemonte,126,279,0,45.08954,8.32281
006058,Cerreto Grue,AL,Piemonte,167,310,0,44.83849,8.93033
006059,Cerrina Monferrato,AL,Piemonte,150,424,0,45.11265,8.20987
006060,Coniolo,AL,Piemonte,113,255,0,45.15221,8.38313
006061,Conzano,AL,Piemonte,113,230,0,45.03364,8.46238
006062,Costa Vescovato,AL,Piemonte,173,476,0,44.81924,8.93069
006063,Cremolino,AL,Piemonte,173,410,0,44.63194,8.57556
006065,Denice,AL,Piemonte,165,655,0,44.60378,8.33355
006066,Dernice,AL,Piemonte,338,805,0,44.76154,9.0453
006067,Fabbrica Curone,AL,Piemonte,431,1691,0,44.74146,9.16915
006068,Felizzano,AL,Piemonte,91,192,0,44.90831,8.42856
006069,Fraconalto,AL,Piemonte,391,848,0,44.58395,8.89382
006070,Francavilla Bisio,AL,Piemonte,148,251,0,44.72662,8.73859
006071,Frascaro,AL,Piemonte,104,186,0,44.81927,8.52001
006072,Frassinello Monferrato,AL,Piemonte,139,261,0,45.03725,8.39526
006073,Frassineto Po,AL,Piemonte,94,105,0,45.13449,8.54874
006074,Fresonara,AL,Piemonte,120,160,0,44.78296,8.69142
006075,Frugarolo,AL,Piemonte,94,125,0,44.85205,8.6725
006076,Fubine Monferrato,AL,Piemonte,123,247,0,44.95881,8.42362
006077,Gabiano,AL,Piemonte,125,359,0,45.1525,8.20621
006078,Gamalero,AL,Piemonte,106,196,0,44.80179,8.52718
006079,Garbagna,AL,Piemonte,243,713,0,44.78027,8.99744
006081,Gavi,AL,Piemonte,174,615,0,44.68777,8.8154
006082,Giarole,AL,Piemonte,93,104,0,45.05854,8.56347
006083,Gremiasco,AL,Piemonte,345,743,0,44.80018,9.10844
006084,Grognardo,AL,Piemonte,180,510,0,44.62685,8.49437
006085,Grondona,AL,Piemonte,244,858,0,44.6939,8.96958
006086,Guazzora,AL,Piemonte,73,79,0,45.02081,8.85866
006087,Isola Sant'Antonio,AL,Piemonte,70,79,0,45.03198,8.84779
006088,Lerma,AL,Piemonte,174,811,0,44.6261,8.71869
006090,Malvicino,AL,Piemonte,229,586,0,44.55766,8.41921
006091,Masio,AL,Piemonte,95,201,0,44.86532,8.41981
006092,Melazzo,AL,Piemonte,153,467,0,44.64,8.42107
006093,Merana,AL,Piemonte,246,585,0,44.51517,8.28941
006094,Mirabello Monferrato,AL,Piemonte,99,226,0,45.0331,8.52545
006095,Molare,AL,Piemonte,197,812,0,44.57314,8.59042
006096,Molino dei Torti,AL,Piemonte,74,76,0,45.02784,8.89582
006097,Mombello Monferrato,AL,Piemonte,139,379,0,45.12541,8.25618
006098,Momperone,AL,Piemonte,237,477,0,44.84051,9.03654
006099,Moncestino,AL,Piemonte,135,339,0,45.157,8.15856
006100,Mongiardino Ligure,AL,Piemonte,462,1170,0,44.64187,9.07252
006101,Monleale,AL,Piemonte,162,431,0,44.8711,8.97504
006102,Montacuto,AL,Piemonte,345,1461,0,44.76017,9.1069
006103,Montaldeo,AL,Piemonte,193,361,0,44.66557,8.72755
006104,Montaldo Bormida,AL,Piemonte,169,329,0,44.69623,8.59243
006105,Montecastello,AL,Piemonte,61,246,0,44.95787,8.69209
006106,Montechiaro d'Acqui,AL,Piemonte,182,611,0,44.58974,8.38033
006107,Montegioco,AL,Piemonte,167,408,0,44.84047,8.95949
006108,Montemarzino,AL,Piemonte,202,477,0,44.84891,8.99283
006109,Morano sul Po,AL,Piemonte,109,136,0,45.1724,8.35399
006110,Morbello,AL,Piemonte,231,768,0,44.59511,8.52141
006111,Mornese,AL,Piemonte,253,776,0,44.62702,8.75932
006112,Morsasco,AL,Piemonte,134,371,0,44.66719,8.54899
006113,Murisengo,AL,Piemonte,173,414,0,45.08257,8.13754
006114,Novi Ligure,AL,Piemonte,146,325,25957,44.76516,8.7952
006115,Occimiano,AL,Piemonte,99,165,0,45.06158,8.51152
006116,Odalengo Grande,AL,Piemonte,175,454,0,45.10473,8.1615
006117,Odalengo Piccolo,AL,Piemonte,212,425,0,45.07387,8.20551
006118,Olivola,AL,Piemonte,153,278,0,45.0354,8.3683
006119,Orsara Bormida,AL,Piemonte,136,321,0,44.68824,8.56521
006120,Ottiglio,AL,Piemonte,166,400,0,45.05199,8.34168
006121,Ovada,AL,Piemonte,156,738,0,44.62438,8.6378
006122,Oviglio,AL,Piemonte,93,180,0,44.86521,8.48189
006123,Ozzano Monferrato,AL,Piemonte,126,342,0,45.10711,8.36897
006124,Paderna,AL,Piemonte,173,327,0,44.82471,8.88641
006125,Pareto,AL,Piemonte,262,576,0,44.51677,8.40382
006126,Parodi Ligure,AL,Piemonte,178,403,0,44.67233,8.7591
006127,Pasturana,AL,Piemonte,158,226,0,44.75061,8.74634
006128,Pecetto di Valenza,AL,Piemonte,98,266,0,44.98683,8.67308
006129,Pietra Marazzi,AL,Piemonte,61,247,0,44.94396,8.6739
006131,Pomaro Monferrato,AL,Piemonte,83,168,0,45.06966,8.58375
006132,Pontecurone,AL,Piemonte,88,130,0,44.95634,8.94013
006133,Pontestura,AL,Piemonte,120,275,0,45.13491,8.32865
006134,Ponti,AL,Piemonte,160,544,0,44.62616,8.36267
006135,Ponzano Monferrato,AL,Piemonte,153,417,0,45.08146,8.27172
006136,Ponzone,AL,Piemonte,239,786,0,44.55334,8.49355
006137,Pozzol Groppo,AL,Piemonte,199,538,0,44.86842,9.03913
006138,Pozzolo Formigaro,AL,Piemonte,135,184,0,44.81133,8.78931
006139,Prasco,AL,Piemonte,146,401,0,44.64408,8.53997
006140,Predosa,AL,Piemonte,114,244,0,44.75455,8.63884
006141,Quargnento,AL,Piemonte,104,237,0,44.95403,8.48644
006142,Quattordio,AL,Piemonte,95,162,0,44.90509,8.38802
006143,Ricaldone,AL,Piemonte,146,361,0,44.73678,8.47474
006144,Rivalta Bormida,AL,Piemonte,119,274,0,44.71118,8.55853
006145,Rivarone,AL,Piemonte,79,177,0,44.97353,8.71532
006146,Roccaforte Ligure,AL,Piemonte,342,959,0,44.68049,9.01823
006147,Rocca Grimalda,AL,Piemonte,145,372,0,44.68535,8.64395
006148,Rocchetta Ligure,AL,Piemonte,349,860,0,44.69141,9.058
006149,Rosignano Monferrato,AL,Piemonte,124,321,0,45.07293,8.41594
006150,Sala Monferrato,AL,Piemonte,149,306,0,45.07493,8.35509
006151,Sale,AL,Piemonte,77,104,0,44.96538,8.80076
006152,San Cristoforo,AL,Piemonte,174,305,0,44.69513,8.74615
006153,San Giorgio Monferrato,AL,Piemonte,124,286,0,45.11009,8.41277
006154,San Salvatore Monferrato,AL,Piemonte,99,275,0,45.00407,8.56133
006155,San Sebastiano Curone,AL,Piemonte,327,602,0,44.78702,9.07055
006156,Sant'Agata Fossili,AL,Piemonte,224,432,0,44.78433,8.90409
006157,Sardigliano,AL,Piemonte,216,583,0,44.76608,8.92024
006158,Sarezzano,AL,Piemonte,143,376,0,44.86443,8.92669
006159,Serralunga di Crea,AL,Piemonte,131,429,0,45.09973,8.28951
006160,Serravalle Scrivia,AL,Piemonte,188,449,0,44.72383,8.84959
006161,Sezzadio,AL,Piemonte,112,284,0,44.75837,8.5875
006162,Silvano d'Orba,AL,Piemonte,145,314,0,44.67575,8.67831
006163,Solero,AL,Piemonte,90,114,0,44.91256,8.50152
006164,Solonghello,AL,Piemonte,143,275,0,45.12981,8.29088
006165,Spigno Monferrato,AL,Piemonte,199,630,0,44.53259,8.34055
006166,Spineto Scrivia,AL,Piemonte,150,270,0,44.83792,8.87272
006167,Stazzano,AL,Piemonte,196,592,0,44.73705,8.89939
006168,Strevi,AL,Piemonte,124,328,0,44.69844,8.52107
006169,Tagliolo Monferrato,AL,Piemonte,177,856,0,44.61226,8.69653
006170,Tassarolo,AL,Piemonte,174,300,0,44.72621,8.76833
006171,Terruggia,AL,Piemonte,119,236,0,45.07753,8.45037
006172,Terzo,AL,Piemonte,152,377,0,44.67715,8.4155
006173,Ticineto,AL,Piemonte,94,103,0,45.10202,8.55835
006174,Tortona,AL,Piemonte,91,287,22743,44.8872,8.84174
006175,Treville,AL,Piemonte,142,325,0,45.09693,8.35472
006176,Trisobbio,AL,Piemonte,190,414,0,44.6595,8.58648
006177,Valenza,AL,Piemonte,80,263,17305,45.01892,8.62964
006178,Valmacca,AL,Piemonte,89,98,0,45.10462,8.59747
006179,Vignale Monferrato,AL,Piemonte,138,311,0,45.00771,8.40033
006180,Vignole Borbera,AL,Piemonte,212,431,0,44.70938,8.90833
006181,Viguzzolo,AL,Piemonte,103,275,0,44.90769,8.92459
006182,Villadeati,AL,Piemonte,165,468,0,45.05824,8.16857
006183,Villalvernia,AL,Piemonte,132,233,0,44.81057,8.85811
006184,Villamiroglio,AL,Piemonte,156,442,0,45.13387,8.16266
006185,Villanova Monferrato,AL,Piemonte,105,115,0,45.18362,8.47234
006186,Villaromagnano,AL,Piemonte,149,318,0,44.84698,8.89776
006187,Visone,AL,Piemonte,106,425,0,44.65392,8.5083
006188,Volpedo,AL,Piemonte,154,470,0,44.88757,8.99974
006189,Volpeglino,AL,Piemonte,149,300,0,44.89469,8.95903
006190,Voltaggio,AL,Piemonte,296,1170,0,44.60264,8.84546
006191,Cassano Spinola,AL,Piemonte,,,0,44.77062,8.86961
006192,Alluvioni Piovera,AL,Piemonte,,,0,44.96778,8.75361
006193,Lu e Cuccaro Monferrato,AL,Piemonte,,,0,45.00239,8.48376
007001,Allein,AO,Valle d'Aosta/Vallée d'Aoste,971,2649,0,45.81603,7.27419
007002,Antey-Saint-André,AO,Valle d'Aosta/Vallée d'Aoste,672,2099,0,45.80894,7.59946
007003,Aosta,AO,Valle d'Aosta/Vallée d'Aoste,548,2604,35261,45.7494,7.30173
007004,Arnad,AO,Valle d'Aosta/Vallée d'Aoste,324,2699,0,45.64372,7.73965
007005,Arvier,AO,Valle d'Aosta/Vallée d'Aoste,674,3400,0,45.67076,7.11232
007006,Avise,AO,Valle d'Aosta/Vallée d'Aoste,736,3327,0,45.72976,7.112
007007,Ayas,AO,Valle d'Aosta/Vallée d'Aoste,1449,4220,0,45.85664,7.73029
007008,Aymavilles,AO,Valle d'Aosta/Vallée d'Aoste,615,3900,0,45.65377,7.25279
007009,Bard,AO,Valle d'Aosta/Vallée d'Aoste,319,1400,0,45.61674,7.74869
007010,Bionaz,AO,Valle d'Aosta/Vallée d'Aoste,1351,4150,0,45.90984,7.49102
007011,Brissogne,AO,Valle d'Aosta/Vallée d'Aoste,531,3523,0,45.70413,7.40435
007012,Brusson,AO,Valle d'Aosta/Vallée d'Aoste,1073,3015,0,45.76241,7.75443
007013,Challand-Saint-Anselme,AO,Valle d'Aosta/Vallée d'Aoste,737,3032,0,45.71444,7.75987
007014,Challand-Saint-Victor,AO,Valle d'Aosta/Vallée d'Aoste,465,3016,0,45.68372,7.74047
007015,Chambave,AO,Valle d'Aosta/Vallée d'Aoste,405,3026,0,45.71811,7.54635
007016,Chamois,AO,Valle d'Aosta/Vallée d'Aoste,1274,3026,0,45.84053,7.64301
007017,Champdepraz,AO,Valle d'Aosta/Vallée d'Aoste,363,3175,0,45.67113,7.59883
007018,Champorcher,AO,Valle d'Aosta/Vallée d'Aoste,1027,3163,0,45.60795,7.58181
007019,Charvensod,AO,Valle d'Aosta/Vallée d'Aoste,559,3499,0,45.69086,7.34503
007020,Châtillon,AO,Valle d'Aosta/Vallée d'Aoste,407,2717,0,45.75951,7.62635
007021,Cogne,AO,Valle d'Aosta/Vallée d'Aoste,1321,4063,0,45.58994,7.3682
007022,Courmayeur,AO,Valle d'Aosta/Vallée d'Aoste,1098,4810,0,45.82563,6.95063
007023,Donnas,AO,Valle d'Aosta/Vallée d'Aoste,284,2630,0,45.58411,7.74878
007024,Doues,AO,Valle d'Aosta/Vallée d'Aoste,819,3143,0,45.83167,7.28997
007025,Emarèse,AO,Valle d'Aosta/Vallée d'Aoste,759,2102,0,45.72602,7.70305
007026,Etroubles,AO,Valle d'Aosta/Vallée d'Aoste,1119,3710,0,45.84456,7.23191
007027,Fénis,AO,Valle d'Aosta/Vallée d'Aoste,497,3509,0,45.67452,7.50434
007028,Fontainemore,AO,Valle d'Aosta/Vallée d'Aoste,683,2600,0,45.64874,7.8838
007029,Gaby,AO,Valle d'Aosta/Vallée d'Aoste,957,3075,0,45.71471,7.88354
007030,Gignod,AO,Valle d'Aosta/Vallée d'Aoste,667,3061,0,45.78331,7.26002
007031,Gressan,AO,Valle d'Aosta/Vallée d'Aoste,576,3081,0,45.68693,7.30522
007032,Gressoney-La-Trinité,AO,Valle d'Aosta/Vallée d'Aoste,1606,4526,0,45.87204,7.82864
007033,Gressoney-Saint-Jean,AO,Valle d'Aosta/Vallée d'Aoste,1173,3305,0,45.7773,7.83762
007034,Hône,AO,Valle d'Aosta/Vallée d'Aoste,326,2109,0,45.60947,7.72154
007035,Introd,AO,Valle d'Aosta/Vallée d'Aoste,677,2953,0,45.67146,7.17868
007036,Issime,AO,Valle d'Aosta/Vallée d'Aoste,904,3044,0,45.68426,7.83762
007037,Issogne,AO,Valle d'Aosta/Vallée d'Aoste,351,2478,0,45.65173,7.6596
007038,Jovençan,AO,Valle d'Aosta/Vallée d'Aoste,595,2599,0,45.70049,7.27539
007039,La Magdeleine,AO,Valle d'Aosta/Vallée d'Aoste,1449,2733,0,45.81617,7.62925
007040,La Salle,AO,Valle d'Aosta/Vallée d'Aoste,769,3332,0,45.74559,7.06816
007041,La Thuile,AO,Valle d'Aosta/Vallée d'Aoste,1437,3479,0,45.70083,6.92119
007042,Lillianes,AO,Valle d'Aosta/Vallée d'Aoste,611,2411,0,45.62404,7.85882
007043,Montjovet,AO,Valle d'Aosta/Vallée d'Aoste,365,2177,0,45.71181,7.66556
007044,Morgex,AO,Valle d'Aosta/Vallée d'Aoste,881,3089,0,45.75399,7.0192
007045,Nus,AO,Valle d'Aosta/Vallée d'Aoste,503,3380,0,45.8079,7.49803
007046,Ollomont,AO,Valle d'Aosta/Vallée d'Aoste,1167,3731,0,45.88208,7.3114
007047,Oyace,AO,Valle d'Aosta/Vallée d'Aoste,1080,3444,0,45.84175,7.40705
007048,Perloz,AO,Valle d'Aosta/Vallée d'Aoste,400,2672,0,45.62869,7.81146
007049,Pollein,AO,Valle d'Aosta/Vallée d'Aoste,538,3561,0,45.71059,7.36864
007050,Pontboset,AO,Valle d'Aosta/Vallée d'Aoste,588,2755,0,45.5901,7.67174
007051,Pontey,AO,Valle d'Aosta/Vallée d'Aoste,398,2900,0,45.72144,7.58389
007052,Pont-Saint-Martin,AO,Valle d'Aosta/Vallée d'Aoste,286,2053,0,45.59895,7.81203
007053,Pré-Saint-Didier,AO,Valle d'Aosta/Vallée d'Aoste,992,3250,0,45.75807,6.95372
007054,Quart,AO,Valle d'Aosta/Vallée d'Aoste,532,3125,0,45.7801,7.42389
007055,Rhêmes-Notre-Dame,AO,Valle d'Aosta/Vallée d'Aoste,1601,3605,0,45.53483,7.10553
007056,Rhêmes-Saint-Georges,AO,Valle d'Aosta/Vallée d'Aoste,1025,3421,0,45.62732,7.14522
007057,Roisan,AO,Valle d'Aosta/Vallée d'Aoste,666,2536,0,45.78949,7.32618
007058,Saint-Christophe,AO,Valle d'Aosta/Vallée d'Aoste,538,2850,0,45.76466,7.35497
007059,Saint-Denis,AO,Valle d'Aosta/Vallée d'Aoste,414,1741,0,45.75936,7.57282
007060,Saint-Marcel,AO,Valle d'Aosta/Vallée d'Aoste,524,3328,0,45.68901,7.44938
007061,Saint-Nicolas,AO,Valle d'Aosta/Vallée d'Aoste,782,2675,0,45.72651,7.16286
007062,Saint-Oyen,AO,Valle d'Aosta/Vallée d'Aoste,1274,2725,0,45.82062,7.2048
007063,Saint-Pierre,AO,Valle d'Aosta/Vallée d'Aoste,617,3061,0,45.73853,7.19915
007064,Saint-Rhémy-en-Bosses,AO,Valle d'Aosta/Vallée d'Aoste,1339,3237,0,45.82914,7.14812
007065,Saint-Vincent,AO,Valle d'Aosta/Vallée d'Aoste,407,2625,0,45.7564,7.67263
007066,Sarre,AO,Valle d'Aosta/Vallée d'Aoste,581,3050,0,45.74723,7.24055
007067,Torgnon,AO,Valle d'Aosta/Vallée d'Aoste,842,3366,0,45.83177,7.56241
007068,Valgrisenche,AO,Valle d'Aosta/Vallée d'Aoste,1518,3687,0,45.58421,7.04052
007069,Valpelline,AO,Valle d'Aosta/Vallée d'Aoste,871,3239,0,45.8244,7.35684
007070,Valsavarenche,AO,Valle d'Aosta/Vallée d'Aoste,1142,4061,0,45.55161,7.20956
007071,Valtournenche,AO,Valle d'Aosta/Vallée d'Aoste,1213,4600,0,45.90964,7.63479
007072,Verrayes,AO,Valle d'Aosta/Vallée d'Aoste,490,2463,0,45.77154,7.52823
007073,Verrès,AO,Valle d'Aosta/Vallée d'Aoste,332,1720,0,45.66787,7.69637
007074,Villeneuve,AO,Valle d'Aosta/Vallée d'Aoste,634,2218,0,45.69089,7.20828
008001,Airole,IM,Liguria,58,1037,0,43.87292,7.56196
008002,Apricale,IM,Liguria,117,1308,0,43.89478,7.66572
008003,Aquila d'Arroscia,IM,Liguria,232,1031,0,44.09547,8.00362
008004,Armo,IM,Liguria,459,1503,0,44.09584,7.90705
008005,Aurigo,IM,Liguria,222,1217,0,43.99197,7.91427
008006,Badalucco,IM,Liguria,139,1554,0,43.91954,7.81519
008007,Bajardo,IM,Liguria,267,1626,0,43.90914,7.72963
008008,Bordighera,IM,Liguria,0,576,0,43.79446,7.67348
008009,Borghetto d'Arroscia,IM,Liguria,143,1440,0,44.06998,7.97908
008010,Borgomaro,IM,Liguria,128,1389,0,43.97584,7.90914
008011,Camporosso,IM,Liguria,0,505,0,43.81848,7.61735
008012,Caravonica,IM,Liguria,187,921,0,43.99661,7.95556
008014,Castellaro,IM,Liguria,58,912,0,43.87408,7.87034
008015,Castel Vittorio,IM,Liguria,240,1531,0,43.94006,7.7125
008016,Ceriana,IM,Liguria,97,1264,0,43.88645,7.77409
008017,Cervo,IM,Liguria,0,341,0,43.93248,8.11855
008018,Cesio,IM,Liguria,256,826,0,44.0145,7.96981
008019,Chiusanico,IM,Liguria,93,989,0,43.97808,7.99464
008020,Chiusavecchia,IM,Liguria,81,708,0,43.95576,7.98727
008021,Cipressa,IM,Liguria,0,560,0,43.86144,7.9285
008022,Civezza,IM,Liguria,32,403,0,43.87779,7.95263
008023,Cosio d'Arroscia,IM,Liguria,428,1901,0,44.10629,7.80108
008024,Costarainera,IM,Liguria,0,388,0,43.85624,7.94659
008025,Diano Arentino,IM,Liguria,94,960,0,43.95712,8.035
008026,Diano Castello,IM,Liguria,10,326,0,43.9264,8.06104
008027,Diano Marina,IM,Liguria,0,289,0,43.90862,8.06953
008028,Diano San Pietro,IM,Liguria,34,912,0,43.95349,8.06143
008029,Dolceacqua,IM,Liguria,24,1043,0,43.86667,7.61603
008030,Dolcedo,IM,Liguria,50,1144,0,43.90655,7.92151
008031,Imperia,IM,Liguria,0,534,42328,43.89914,8.00383
008032,Isolabona,IM,Liguria,88,1306,0,43.90285,7.6301
008033,Lucinasco,IM,Liguria,121,784,0,43.96245,7.96143
008034,Mendatica,IM,Liguria,594,2149,0,44.08479,7.7662
008035,Molini di Triora,IM,Liguria,290,1881,0,43.98151,7.79516
008037,Montegrosso Pian Latte,IM,Liguria,497,1879,0,44.05378,7.80519
008038,Olivetta San Michele,IM,Liguria,82,1300,0,43.86843,7.5214
008039,Ospedaletti,IM,Liguria,0,806,0,43.81012,7.71237
008040,Perinaldo,IM,Liguria,115,1090,0,43.85701,7.68264
008041,Pietrabruna,IM,Liguria,57,1019,0,43.88492,7.90399
008042,Pieve di Teco,IM,Liguria,196,1460,0,44.05004,7.91548
008043,Pigna,IM,Liguria,146,2029,0,43.94887,7.65218
008044,Pompeiana,IM,Liguria,36,677,0,43.86179,7.89144
008045,Pontedassio,IM,Liguria,31,732,0,43.93898,7.9999
008046,Pornassio,IM,Liguria,384,1752,0,44.07591,7.85963
008047,Prelà,IM,Liguria,96,1160,0,43.93315,7.90886
008048,Ranzo,IM,Liguria,124,909,0,44.06601,8.0168
008049,Rezzo,IM,Liguria,281,1865,0,44.01749,7.85962
008050,Riva Ligure,IM,Liguria,0,203,0,43.84071,7.87312
008051,Rocchetta Nervina,IM,Liguria,172,1500,0,43.91224,7.58549
008052,San Bartolomeo al Mare,IM,Liguria,0,491,0,43.94384,8.09927
008053,San Biagio della Cima,IM,Liguria,45,455,0,43.8254,7.64535
008054,San Lorenzo al Mare,IM,Liguria,0,157,0,43.85884,7.96239
008055,Sanremo,IM,Liguria,0,1299,47043,43.8381,7.76745
008056,Santo Stefano al Mare,IM,Liguria,0,268,0,43.84269,7.90082
008057,Seborga,IM,Liguria,150,909,0,43.82846,7.69919
008058,Soldano,IM,Liguria,69,451,0,43.83384,7.65805
008059,Taggia,IM,Liguria,0,1145,0,43.87562,7.83898
008060,Terzorio,IM,Liguria,90,465,0,43.85435,7.90264
008061,Triora,IM,Liguria,459,2166,0,44.01883,7.72482
008062,Vallebona,IM,Liguria,73,608,0,43.81898,7.67493
008063,Vallecrosia,IM,Liguria,0,280,0,43.79788,7.64716
008064,Vasia,IM,Liguria,158,1060,0,43.94128,7.94139
008065,Ventimiglia,IM,Liguria,0,1380,24120,43.82201,7.56039
008066,Vessalico,IM,Liguria,184,1060,0,44.05034,7.95694
008067,Villa Faraldi,IM,Liguria,97,751,0,43.97073,8.08336
008068,Montalto Carpasio,IM,Liguria,,,0,43.94622,7.85037
009001,Alassio,SV,Liguria,0,597,0,44.01788,8.16118
009002,Albenga,SV,Liguria,0,685,17103,44.06369,8.18406
009003,Albissola Marina,SV,Liguria,0,400,0,44.33249,8.49296
009004,Albisola Superiore,SV,Liguria,0,832,0,44.36298,8.46969
009005,Altare,SV,Liguria,339,821,0,44.3253,8.33332
009006,Andora,SV,Liguria,0,681,0,43.98119,8.12455
009007,Arnasco,SV,Liguria,77,846,0,44.08132,8.10608
009008,Balestrino,SV,Liguria,82,770,0,44.12407,8.1681
009009,Bardineto,SV,Liguria,685,1389,0,44.18931,8.1402
009010,Bergeggi,SV,Liguria,0,432,0,44.24796,8.43846
009011,Boissano,SV,Liguria,42,1372,0,44.14814,8.20905
009012,Borghetto Santo Spirito,SV,Liguria,0,601,0,44.11545,8.22963
009013,Borgio Verezzi,SV,Liguria,0,323,0,44.1643,8.30766
009014,Bormida,SV,Liguria,430,1386,0,44.26712,8.23205
009015,Cairo Montenotte,SV,Liguria,293,856,0,44.40028,8.31205
009016,Calice Ligure,SV,Liguria,34,1042,0,44.23182,8.28676
009017,Calizzano,SV,Liguria,616,1364,0,44.23981,8.12484
009018,Carcare,SV,Liguria,333,573,0,44.34658,8.29125
009019,Casanova Lerrone,SV,Liguria,91,800,0,44.03246,8.03519
009020,Castelbianco,SV,Liguria,73,1126,0,44.1127,8.07546
009021,Castelvecchio di Rocca Barbena,SV,Liguria,185,1146,0,44.146,8.12614
009022,Celle Ligure,SV,Liguria,0,458,0,44.35278,8.53694
009023,Cengio,SV,Liguria,367,768,0,44.39183,8.19794
009024,Ceriale,SV,Liguria,0,753,0,44.09773,8.2068
009025,Cisano sul Neva,SV,Liguria,28,777,0,44.08598,8.14543
009026,Cosseria,SV,Liguria,339,697,0,44.37401,8.24377
009027,Dego,SV,Liguria,276,836,0,44.45232,8.30001
009028,Erli,SV,Liguria,187,1366,0,44.14564,8.08834
009029,Finale Ligure,SV,Liguria,0,439,0,44.18872,8.34269
009030,Garlenda,SV,Liguria,39,588,0,44.02843,8.09663
009031,Giustenice,SV,Liguria,10,1362,0,44.18163,8.2225
009032,Giusvalla,SV,Liguria,385,666,0,44.45026,8.39123
009033,Laigueglia,SV,Liguria,0,367,0,43.97821,8.15686
009034,Loano,SV,Liguria,0,1360,0,44.14807,8.23325
009035,Magliolo,SV,Liguria,85,1322,0,44.21003,8.21582
009036,Mallare,SV,Liguria,399,1000,0,44.29244,8.29548
009037,Massimino,SV,Liguria,497,1032,0,44.29548,8.08155
009038,Millesimo,SV,Liguria,408,800,0,44.34644,8.20478
009039,Mioglia,SV,Liguria,319,625,0,44.48641,8.42275
009040,Murialdo,SV,Liguria,483,1223,0,44.30451,8.14493
009041,Nasino,SV,Liguria,231,1676,0,44.12882,8.02197
009042,Noli,SV,Liguria,0,440,0,44.2101,8.3984
009043,Onzo,SV,Liguria,99,901,0,44.07638,8.04742
009044,Orco Feglino,SV,Liguria,66,986,0,44.23455,8.32462
009045,Ortovero,SV,Liguria,34,352,0,44.05789,8.08798
009046,Osiglia,SV,Liguria,492,1379,0,44.28352,8.19605
009047,Pallare,SV,Liguria,387,1055,0,44.32222,8.25613
009048,Piana Crixia,SV,Liguria,243,740,0,44.49429,8.27295
009049,Pietra Ligure,SV,Liguria,0,1360,0,44.15847,8.25761
009050,Plodio,SV,Liguria,381,768,0,44.35167,8.24817
009051,Pontinvrea,SV,Liguria,389,883,0,44.43185,8.43836
009052,Quiliano,SV,Liguria,4,948,0,44.29534,8.37489
009053,Rialto,SV,Liguria,88,1363,0,44.22808,8.25469
009054,Roccavignale,SV,Liguria,417,960,0,44.35213,8.16455
009055,Sassello,SV,Liguria,294,1285,0,44.46874,8.53188
009056,Savona,SV,Liguria,0,814,61345,44.33608,8.42339
009057,Spotorno,SV,Liguria,0,563,0,44.23356,8.40459
009058,Stella,SV,Liguria,53,1267,0,44.40192,8.49652
009059,Stellanello,SV,Liguria,45,973,0,43.99723,8.05576
009060,Testico,SV,Liguria,179,922,0,44.00791,8.01978
009061,Toirano,SV,Liguria,20,1091,0,44.14284,8.18186
009062,Tovo San Giacomo,SV,Liguria,7,665,0,44.18241,8.27021
009063,Urbe,SV,Liguria,430,1102,0,44.48229,8.62206
009064,Vado Ligure,SV,Liguria,0,792,0,44.25792,8.39486
009065,Varazze,SV,Liguria,0,1287,0,44.39364,8.56784
009066,Vendone,SV,Liguria,135,1091,0,44.08399,8.07159
009067,Vezzi Portio,SV,Liguria,81,672,0,44.2319,8.35828
009068,Villanova d'Albenga,SV,Liguria,14,547,0,44.042,8.12676
009069,Zuccarello,SV,Liguria,76,804,0,44.10896,8.1228
010001,Arenzano,GE,Liguria,0,1181,0,44.42135,8.66703
010002,Avegno,GE,Liguria,13,712,0,44.3923,9.15899
010003,Bargagli,GE,Liguria,162,975,0,44.43426,9.08654
010004,Bogliasco,GE,Liguria,0,791,0,44.38988,9.07748
010005,Borzonasca,GE,Liguria,48,1701,0,44.4467,9.3981
010006,Busalla,GE,Liguria,343,923,0,44.5841,8.97003
010007,Camogli,GE,Liguria,0,611,0,44.33561,9.16745
010008,Campo Ligure,GE,Liguria,334,946,0,44.5325,8.7106
010009,Campomorone,GE,Liguria,118,1172,0,44.53757,8.86283
010010,Carasco,GE,Liguria,12,623,0,44.35677,9.35826
010011,Casarza Ligure,GE,Liguria,26,1094,0,44.29247,9.47547
010012,Casella,GE,Liguria,373,725,0,44.5331,8.99676
010013,Castiglione Chiavarese,GE,Liguria,89,1097,0,44.2758,9.52474
010014,Ceranesi,GE,Liguria,90,984,0,44.50545,8.84183
010015,Chiavari,GE,Liguria,0,525,26572,44.32902,9.31737
010016,Cicagna,GE,Liguria,52,809,0,44.4058,9.23095
010017,Cogoleto,GE,Liguria,0,1187,0,44.40832,8.62199
010018,Cogorno,GE,Liguria,11,698,0,44.33086,9.37068
010019,Coreglia Ligure,GE,Liguria,41,757,0,44.38294,9.26123
010020,Crocefieschi,GE,Liguria,429,1013,0,44.58526,9.02479
010021,Davagna,GE,Liguria,117,1037,0,44.46434,9.0773
010022,Fascia,GE,Liguria,578,1455,0,44.56961,9.23319
010023,Favale di Malvaro,GE,Liguria,211,1249,0,44.45916,9.25877
010024,Fontanigorda,GE,Liguria,587,1371,0,44.53114,9.29448
010025,Genova,GE,Liguria,0,1182,580097,44.44149,8.8931
010026,Gorreto,GE,Liguria,516,1525,0,44.5985,9.24091
010027,Isola del Cantone,GE,Liguria,250,1010,0,44.6455,8.96299
010028,Lavagna,GE,Liguria,0,673,0,44.30606,9.37472
010029,Leivi,GE,Liguria,19,554,0,44.3494,9.31629
010030,Lorsica,GE,Liguria,156,1209,0,44.45429,9.25871
010031,Lumarzo,GE,Liguria,186,1066,0,44.44946,9.13316
010032,Masone,GE,Liguria,353,1102,0,44.50196,8.72192
010033,Mele,GE,Liguria,33,860,0,44.47101,8.74642
010034,Mezzanego,GE,Liguria,21,1362,0,44.39071,9.40328
010035,Mignanego,GE,Liguria,122,826,0,44.54382,8.9204
010036,Moconesi,GE,Liguria,63,1229,0,44.4449,9.21677
010037,Moneglia,GE,Liguria,0,633,0,44.24328,9.49838
010038,Montebruno,GE,Liguria,623,1253,0,44.5172,9.25017
010039,Montoggio,GE,Liguria,394,1114,0,44.50835,9.05124
010040,Ne,GE,Liguria,24,1407,0,44.35279,9.44594
010041,Neirone,GE,Liguria,165,1211,0,44.46639,9.18989
010042,Orero,GE,Liguria,53,1345,0,44.41707,9.28586
010043,Pieve Ligure,GE,Liguria,0,763,0,44.3836,9.09213
010044,Portofino,GE,Liguria,0,458,0,44.30996,9.19726
010045,Propata,GE,Liguria,732,1565,0,44.56718,9.17954
010046,Rapallo,GE,Liguria,0,812,26993,44.36798,9.21618
010047,Recco,GE,Liguria,0,613,0,44.36976,9.14923
010048,Rezzoaglio,GE,Liguria,527,1701,0,44.51361,9.35917
010049,Ronco Scrivia,GE,Liguria,311,863,0,44.60592,8.94425
010050,Rondanina,GE,Liguria,638,1354,0,44.55049,9.21936
010051,Rossiglione,GE,Liguria,246,945,0,44.55642,8.66322
010052,Rovegno,GE,Liguria,516,1469,0,44.56783,9.31045
010053,San Colombano Certenoli,GE,Liguria,24,1310,0,44.39361,9.32227
010054,Santa Margherita Ligure,GE,Liguria,0,594,0,44.32987,9.19645
010055,Sant'Olcese,GE,Liguria,62,812,0,44.48265,8.96049
010056,Santo Stefano d'Aveto,GE,Liguria,605,1783,0,44.52728,9.4587
010057,Savignone,GE,Liguria,366,964,0,44.557,8.98942
010058,Serra Riccò,GE,Liguria,83,764,0,44.51388,8.94622
010059,Sestri Levante,GE,Liguria,0,801,16963,44.28657,9.42857
010060,Sori,GE,Liguria,0,880,0,44.39245,9.11302
010061,Tiglieto,GE,Liguria,334,1107,0,44.51361,8.62144
010062,Torriglia,GE,Liguria,520,1412,0,44.51662,9.15258
010063,Tribogna,GE,Liguria,137,711,0,44.41705,9.18716
010064,Uscio,GE,Liguria,126,679,0,44.41604,9.15706
010065,Valbrevenna,GE,Liguria,430,1545,0,44.55748,9.08649
010066,Vobbia,GE,Liguria,420,1391,0,44.60167,9.06174
010067,Zoagli,GE,Liguria,0,664,0,44.3465,9.26813
011001,Ameglia,SP,Liguria,0,363,0,44.05823,9.96989
011002,Arcola,SP,Liguria,6,285,0,44.10916,9.91481
011003,Beverino,SP,Liguria,40,808,0,44.19403,9.77439
011004,Bolano,SP,Liguria,12,597,0,44.18655,9.89389
011005,Bonassola,SP,Liguria,0,744,0,44.19261,9.58568
011006,Borghetto di Vara,SP,Liguria,63,722,0,44.21876,9.69542
011007,Brugnato,SP,Liguria,68,444,0,44.23811,9.7317
011008,Calice al Cornoviglio,SP,Liguria,45,1162,0,44.23763,9.83654
011009,Carro,SP,Liguria,153,849,0,44.27846,9.60961
011010,Carrodano,SP,Liguria,120,741,0,44.24373,9.63726
011011,Castelnuovo Magra,SP,Liguria,1,681,0,44.09516,10.01725
011012,Deiva Marina,SP,Liguria,0,848,0,44.23903,9.54967
011013,Follo,SP,Liguria,23,604,0,44.17197,9.83739
011014,Framura,SP,Liguria,4,757,0,44.22012,9.57116
011015,La Spezia,SP,Liguria,0,734,93288,44.10996,9.82121
011016,Lerici,SP,Liguria,0,413,0,44.07877,9.9256
011017,Levanto,SP,Liguria,3,720,0,44.18751,9.63283
011018,Maissana,SP,Liguria,285,1247,0,44.33119,9.54911
011019,Monterosso al Mare,SP,Liguria,0,707,0,44.15912,9.66079
011020,Luni,SP,Liguria,2,675,0,44.08314,10.04083
011021,Pignone,SP,Liguria,135,803,0,44.18314,9.70543
011022,Portovenere,SP,Liguria,0,495,0,44.06028,9.83212
011023,Riccò del Golfo di Spezia,SP,Liguria,77,790,0,44.14778,9.76484
011024,Riomaggiore,SP,Liguria,0,787,0,44.10719,9.74479
011025,Rocchetta di Vara,SP,Liguria,73,1159,0,44.2531,9.78146
011026,Santo Stefano di Magra,SP,Liguria,11,509,0,44.15342,9.92934
011027,Sarzana,SP,Liguria,0,583,20435,44.11087,9.9713
011028,Sesta Godano,SP,Liguria,126,1639,0,44.3085,9.6863
011029,Varese Ligure,SP,Liguria,223,1581,0,44.37791,9.58382
011030,Vernazza,SP,Liguria,0,812,0,44.14086,9.69877
011031,Vezzano Ligure,SP,Liguria,7,354,0,44.14259,9.88521
011032,Zignago,SP,Liguria,184,1100,0,44.28874,9.7424
012001,Agra,VA,Lombardia,340,742,0,46.03654,8.7649
012002,Albizzate,VA,Lombardia,279,354,0,45.72611,8.8004
012003,Angera,VA,Lombardia,192,411,0,45.77584,8.59394
012004,Arcisate,VA,Lombardia,309,1040,0,45.85523,8.86979
012005,Arsago Seprio,VA,Lombardia,264,339,0,45.69666,8.73483
012006,Azzate,VA,Lombardia,237,415,0,45.77959,8.79108
012007,Azzio,VA,Lombardia,266,427,0,45.88862,8.70709
012008,Barasso,VA,Lombardia,298,1225,0,45.84973,8.75783
012010,Bedero Valcuvia,VA,Lombardia,424,783,0,45.91177,8.79801
012011,Besano,VA,Lombardia,272,875,0,45.88908,8.89718
012012,Besnate,VA,Lombardia,264,340,0,45.70138,8.76291
012013,Besozzo,VA,Lombardia,193,358,0,45.84895,8.65534
012014,Biandronno,VA,Lombardia,234,300,0,45.8143,8.71476
012015,Bisuschio,VA,Lombardia,311,1044,0,45.88008,8.86768
012016,Bodio Lomnago,VA,Lombardia,239,412,0,45.7891,8.75189
012017,Brebbia,VA,Lombardia,192,295,0,45.83112,8.64043
012019,Brenta,VA,Lombardia,266,1199,0,45.90628,8.68669
012020,Brezzo di Bedero,VA,Lombardia,192,767,0,45.97881,8.71476
012021,Brinzio,VA,Lombardia,394,1032,0,45.88784,8.79284
012022,Brissago-Valtravaglia,VA,Lombardia,213,1152,0,45.95226,8.73822
012023,Brunello,VA,Lombardia,337,416,0,45.76674,8.79869
012024,Brusimpiano,VA,Lombardia,267,779,0,45.94064,8.88431
012025,Buguggiate,VA,Lombardia,237,378,0,45.78407,8.80699
012026,Busto Arsizio,VA,Lombardia,194,243,83405,45.60627,8.84217
012027,Cadegliano-Viconago,VA,Lombardia,250,983,0,45.96752,8.83226
012029,Cairate,VA,Lombardia,226,325,0,45.68934,8.85877
012030,Cantello,VA,Lombardia,295,460,0,45.8264,8.89157
012031,Caravate,VA,Lombardia,219,521,0,45.87741,8.65409
012032,Cardano al Campo,VA,Lombardia,221,259,0,45.64514,8.75677
012033,Carnago,VA,Lombardia,300,365,0,45.71783,8.83962
012034,Caronno Pertusella,VA,Lombardia,178,204,16377,45.59523,9.04617
012035,Caronno Varesino,VA,Lombardia,297,400,0,45.74,8.8306
012036,Casale Litta,VA,Lombardia,235,415,0,45.76367,8.73094
012037,Casalzuigno,VA,Lombardia,265,1189,0,45.91313,8.70752
012038,Casciago,VA,Lombardia,268,526,0,45.82935,8.7738
012039,Casorate Sempione,VA,Lombardia,227,286,0,45.66431,8.74255
012040,Cassano Magnago,VA,Lombardia,239,323,21208,45.66857,8.82937
012041,Cassano Valcuvia,VA,Lombardia,239,1088,0,45.93259,8.76345
012042,Castellanza,VA,Lombardia,204,254,0,45.61156,8.89938
012043,Castello Cabiaglio,VA,Lombardia,369,1230,0,45.88519,8.76431
012044,Castelseprio,VA,Lombardia,236,356,0,45.71652,8.86097
012045,Castelveccana,VA,Lombardia,186,1235,0,45.9404,8.6645
012046,Castiglione Olona,VA,Lombardia,265,402,0,45.75479,8.86622
012047,Castronno,VA,Lombardia,320,377,0,45.7529,8.81046
012048,Cavaria con Premezzo,VA,Lombardia,253,325,0,45.69329,8.79698
012049,Cazzago Brabbia,VA,Lombardia,236,265,0,45.79981,8.73328
012050,Cislago,VA,Lombardia,225,263,0,45.65317,8.96373
012051,Cittiglio,VA,Lombardia,210,1100,0,45.90647,8.66147
012052,Clivio,VA,Lombardia,393,526,0,45.857,8.92331
012053,Cocquio-Trevisago,VA,Lombardia,231,1139,0,45.86545,8.6966
012054,Comabbio,VA,Lombardia,242,471,0,45.77248,8.6778
012055,Comerio,VA,Lombardia,274,1157,0,45.85267,8.7434
012056,Cremenaga,VA,Lombardia,229,966,0,45.98255,8.79971
012057,Crosio della Valle,VA,Lombardia,295,349,0,45.76049,8.76668
012058,Cuasso al Monte,VA,Lombardia,270,1125,0,45.90936,8.86809
012059,Cugliate-Fabiasco,VA,Lombardia,429,1101,0,45.94317,8.81884
012060,Cunardo,VA,Lombardia,283,795,0,45.93468,8.80282
012061,Curiglia con Monteviasco,VA,Lombardia,451,1627,0,46.06169,8.82789
012062,Cuveglio,VA,Lombardia,263,1084,0,45.9093,8.7449
012063,Cuvio,VA,Lombardia,263,1159,0,45.88811,8.73769
012064,Daverio,VA,Lombardia,274,379,0,45.77296,8.76743
012065,Dumenza,VA,Lombardia,244,1584,0,46.03271,8.79491
012066,Duno,VA,Lombardia,404,1189,0,45.92187,8.73561
012067,Fagnano Olona,VA,Lombardia,216,275,0,45.66669,8.86552
012068,Ferno,VA,Lombardia,206,228,0,45.61944,8.73881
012069,Ferrera di Varese,VA,Lombardia,239,458,0,45.93055,8.78655
012070,Gallarate,VA,Lombardia,227,307,50439,45.66281,8.79319
012071,Galliate Lombardo,VA,Lombardia,232,340,0,45.78978,8.77144
012072,Gavirate,VA,Lombardia,239,1125,0,45.84189,8.72592
012073,Gazzada Schianno,VA,Lombardia,296,441,0,45.77913,8.83172
012074,Gemonio,VA,Lombardia,226,406,0,45.88239,8.68067
012075,Gerenzano,VA,Lombardia,212,233,0,45.6346,8.99052
012076,Germignaga,VA,Lombardia,151,382,0,45.99151,8.72439
012077,Golasecca,VA,Lombardia,184,317,0,45.69701,8.66367
012078,Gorla Maggiore,VA,Lombardia,219,266,0,45.66635,8.90123
012079,Gorla Minore,VA,Lombardia,211,256,0,45.64779,8.91349
012080,Gornate Olona,VA,Lombardia,240,375,0,45.73624,8.86209
012081,Grantola,VA,Lombardia,237,518,0,45.9471,8.78046
012082,Inarzo,VA,Lombardia,244,367,0,45.78638,8.72984
012083,Induno Olona,VA,Lombardia,362,1025,0,45.85677,8.83589
012084,Ispra,VA,Lombardia,189,302,0,45.81378,8.61232
012085,Jerago con Orago,VA,Lombardia,273,354,0,45.70752,8.79305
012086,Lavena Ponte Tresa,VA,Lombardia,260,850,0,45.95729,8.86234
012087,Laveno-Mombello,VA,Lombardia,192,1062,0,45.907,8.61278
012088,Leggiuno,VA,Lombardia,190,351,0,45.87163,8.60253
012089,Lonate Ceppino,VA,Lombardia,239,310,0,45.7077,8.88051
012090,Lonate Pozzolo,VA,Lombardia,122,216,0,45.59008,8.73472
012091,Lozza,VA,Lombardia,260,384,0,45.77525,8.86283
012092,Luino,VA,Lombardia,159,625,0,46.00375,8.75254
012093,Luvinate,VA,Lombardia,322,1224,0,45.8476,8.76966
012096,Malnate,VA,Lombardia,267,493,15466,45.79729,8.88235
012097,Marchirolo,VA,Lombardia,473,1129,0,45.94127,8.83783
012098,Marnate,VA,Lombardia,212,245,0,45.63046,8.91348
012099,Marzio,VA,Lombardia,549,1001,0,45.93714,8.86004
012100,Masciago Primo,VA,Lombardia,272,583,0,45.92009,8.78634
012101,Mercallo,VA,Lombardia,242,471,0,45.75189,8.66924
012102,Mesenzana,VA,Lombardia,223,1083,0,45.94441,8.75232
012103,Montegrino Valtravaglia,VA,Lombardia,213,971,0,45.96743,8.77878
012104,Monvalle,VA,Lombardia,187,271,0,45.85179,8.62064
012105,Morazzone,VA,Lombardia,296,441,0,45.76283,8.83404
012106,Mornago,VA,Lombardia,272,379,0,45.73691,8.75084
012107,Oggiona con Santo Stefano,VA,Lombardia,270,313,0,45.70014,8.81816
012108,Olgiate Olona,VA,Lombardia,210,245,0,45.63005,8.87786
012109,Origgio,VA,Lombardia,182,201,0,45.59317,9.00984
012110,Orino,VA,Lombardia,374,1101,0,45.87993,8.72176
012113,Porto Ceresio,VA,Lombardia,265,775,0,45.90735,8.90643
012114,Porto Valtravaglia,VA,Lombardia,193,1206,0,45.95947,8.69628
012115,Rancio Valcuvia,VA,Lombardia,254,625,0,45.91291,8.77358
012116,Ranco,VA,Lombardia,192,322,0,45.79776,8.57509
012117,Saltrio,VA,Lombardia,431,1005,0,45.87681,8.92484
012118,Samarate,VA,Lombardia,209,235,0,45.62344,8.78251
012119,Saronno,VA,Lombardia,196,230,38099,45.62708,9.03666
012120,Sesto Calende,VA,Lombardia,190,452,0,45.74035,8.63531
012121,Solbiate Arno,VA,Lombardia,273,356,0,45.71811,8.81617
012122,Solbiate Olona,VA,Lombardia,215,261,0,45.64912,8.87414
012123,Somma Lombardo,VA,Lombardia,168,318,0,45.66914,8.69871
012124,Sumirago,VA,Lombardia,270,426,0,45.73704,8.78182
012125,Taino,VA,Lombardia,207,355,0,45.76303,8.61864
012126,Ternate,VA,Lombardia,243,377,0,45.78598,8.69623
012127,Tradate,VA,Lombardia,273,376,17154,45.71533,8.91802
012128,Travedona-Monate,VA,Lombardia,213,366,0,45.80475,8.67222
012129,Tronzano Lago Maggiore,VA,Lombardia,191,1158,0,46.08497,8.73073
012130,Uboldo,VA,Lombardia,196,216,0,45.60972,8.9922
012131,Valganna,VA,Lombardia,429,1057,0,45.9026,8.82568
012132,Varano Borghi,VA,Lombardia,239,382,0,45.77004,8.70382
012133,Varese,VA,Lombardia,238,1150,80588,45.82403,8.81286
012134,Vedano Olona,VA,Lombardia,260,404,0,45.77298,8.88765
012136,Venegono Inferiore,VA,Lombardia,288,381,0,45.73733,8.90302
012137,Venegono Superiore,VA,Lombardia,318,398,0,45.75378,8.90274
012138,Vergiate,VA,Lombardia,242,434,0,45.73163,8.69988
012139,Viggiù,VA,Lombardia,324,1000,0,45.86851,8.90515
012140,Vizzola Ticino,VA,Lombardia,146,234,0,45.62622,8.68586
012141,Sangiano,VA,Lombardia,211,533,0,45.87783,8.63295
012142,Maccagno con Pino e Veddasca,VA,Lombardia,,,0,46.07243,8.76583
012143,Cadrezzate con Osmate,VA,Lombardia,,,0,45.79145,8.64809
012144,Bardello con Malgesso e Bregano,VA,Lombardia,,,0,45.82669,8.68477
013003,Albavilla,CO,Lombardia,260,1300,0,45.80953,9.1854
013004,Albese con Cassano,CO,Lombardia,373,1250,0,45.80875,9.16378
013005,Albiolo,CO,Lombardia,386,425,0,45.80562,8.94192
013006,Alserio,CO,Lombardia,259,355,0,45.78039,9.20375
013007,Alzate Brianza,CO,Lombardia,299,400,0,45.7612,9.18268
013009,Anzano del Parco,CO,Lombardia,280,349,0,45.76942,9.20841
013010,Appiano Gentile,CO,Lombardia,299,401,0,45.73621,8.96808
013011,Argegno,CO,Lombardia,199,949,0,45.94094,9.12742
013012,Arosio,CO,Lombardia,249,359,0,45.72075,9.21033
013013,Asso,CO,Lombardia,345,1053,0,45.86504,9.26468
013015,Barni,CO,Lombardia,581,1300,0,45.90642,9.26683
013021,Bene Lario,CO,Lombardia,269,1696,0,46.0246,9.17165
013022,Beregazzo con Figliaro,CO,Lombardia,383,447,0,45.77244,8.95192
013023,Binago,CO,Lombardia,346,428,0,45.77508,8.92111
013024,Bizzarone,CO,Lombardia,342,525,0,45.83587,8.94419
013025,Blessagno,CO,Lombardia,667,1396,0,45.96564,9.10263
013026,Blevio,CO,Lombardia,199,1130,0,45.83808,9.10538
013028,Bregnano,CO,Lombardia,248,325,0,45.69505,9.05727
013029,Brenna,CO,Lombardia,286,401,0,45.73957,9.18247
013030,Brienno,CO,Lombardia,199,1304,0,45.91432,9.12679
013032,Brunate,CO,Lombardia,399,1002,0,45.82143,9.0998
013034,Bulgarograsso,CO,Lombardia,312,350,0,45.74772,9.00557
013035,Cabiate,CO,Lombardia,229,271,0,45.67535,9.17155
013036,Cadorago,CO,Lombardia,268,336,0,45.72138,9.04227
013037,Caglio,CO,Lombardia,642,1422,0,45.87083,9.22134
013040,Campione d'Italia,CO,Lombardia,271,589,0,45.97222,8.96949
013041,Cantù,CO,Lombardia,243,452,39917,45.73934,9.13973
013042,Canzo,CO,Lombardia,334,1331,0,45.84841,9.29145
013043,Capiago Intimiano,CO,Lombardia,316,524,0,45.77039,9.12769
013044,Carate Urio,CO,Lombardia,199,1351,0,45.87906,9.11378
013045,Carbonate,CO,Lombardia,256,325,0,45.68939,8.9395
013046,Carimate,CO,Lombardia,235,354,0,45.70829,9.11107
013047,Carlazzo,CO,Lombardia,269,1506,0,46.05216,9.15803
013048,Carugo,CO,Lombardia,261,355,0,45.71728,9.19363
013052,Caslino d'Erba,CO,Lombardia,307,1200,0,45.84641,9.2205
013053,Casnate con Bernate,CO,Lombardia,262,350,0,45.75976,9.07327
013055,Cassina Rizzardi,CO,Lombardia,294,351,0,45.75107,9.02693
013058,Castelmarte,CO,Lombardia,324,500,0,45.83614,9.24398
013059,Castelnuovo Bozzente,CO,Lombardia,365,440,0,45.75901,8.9416
013062,Cavargna,CO,Lombardia,749,2126,0,46.10673,9.10104
013063,Cerano d'Intelvi,CO,Lombardia,422,1412,0,45.93147,9.07505
013064,Cermenate,CO,Lombardia,241,329,0,45.7004,9.08232
013065,Cernobbio,CO,Lombardia,196,1329,0,45.85555,9.07074
013068,Cirimido,CO,Lombardia,261,312,0,45.6964,9.01275
013071,Claino con Osteno,CO,Lombardia,262,1300,0,46.00975,9.09523
013074,Colonno,CO,Lombardia,198,1385,0,45.96287,9.14478
013075,Como,CO,Lombardia,199,1141,84808,45.80424,9.08098
013077,Corrido,CO,Lombardia,349,1374,0,46.05532,9.12474
013083,Cremia,CO,Lombardia,199,2100,0,46.08746,9.2569
013084,Cucciago,CO,Lombardia,266,369,0,45.73977,9.09711
013085,Cusino,CO,Lombardia,560,2075,0,46.08605,9.17479
013087,Dizzasco,CO,Lombardia,225,974,0,45.94797,9.11217
013089,Domaso,CO,Lombardia,198,902,0,46.15115,9.3303
013090,Dongo,CO,Lombardia,196,1600,0,46.12473,9.27062
013092,Dosso del Liro,CO,Lombardia,368,2549,0,46.19599,9.23648
013095,Erba,CO,Lombardia,255,1275,16431,45.81192,9.21802
013097,Eupilio,CO,Lombardia,257,1131,0,45.81541,9.26683
013098,Faggeto Lario,CO,Lombardia,199,1435,0,45.85757,9.17087
013099,Faloppio,CO,Lombardia,296,402,0,45.80765,8.96944
013100,Fenegrò,CO,Lombardia,257,317,0,45.69552,8.99899
013101,Figino Serenza,CO,Lombardia,276,354,0,45.71311,9.13518
013102,Fino Mornasco,CO,Lombardia,263,350,0,45.74157,9.05547
013106,Garzeno,CO,Lombardia,349,2238,0,46.12877,9.19533
013107,Gera Lario,CO,Lombardia,190,302,0,46.15896,9.38813
013110,Grandate,CO,Lombardia,279,360,0,45.77252,9.05678
013111,Grandola ed Uniti,CO,Lombardia,314,2077,0,46.04373,9.19459
013113,Griante,CO,Lombardia,199,881,0,45.99908,9.24015
013114,Guanzate,CO,Lombardia,302,351,0,45.72627,9.01183
013118,Inverigo,CO,Lombardia,228,377,0,45.73764,9.22472
013119,Laglio,CO,Lombardia,199,1376,0,45.88815,9.13299
013120,Laino,CO,Lombardia,400,1400,0,45.98246,9.09946
013121,Lambrugo,CO,Lombardia,248,326,0,45.75928,9.24361
013123,Lasnigo,CO,Lombardia,507,1252,0,45.88793,9.26699
013126,Lezzeno,CO,Lombardia,199,1678,0,45.94199,9.19513
013128,Limido Comasco,CO,Lombardia,250,285,0,45.68717,8.97768
013129,Lipomo,CO,Lombardia,299,477,0,45.79072,9.12186
013130,Livo,CO,Lombardia,295,2524,0,46.20972,9.29494
013131,Locate Varesino,CO,Lombardia,259,302,0,45.68977,8.92406
013133,Lomazzo,CO,Lombardia,248,327,0,45.69118,9.03236
013134,Longone al Segrino,CO,Lombardia,319,618,0,45.82228,9.25565
013135,Luisago,CO,Lombardia,299,325,0,45.76073,9.0418
013136,Lurago d'Erba,CO,Lombardia,280,388,0,45.75611,9.22128
013137,Lurago Marinone,CO,Lombardia,274,320,0,45.70461,8.97577
013138,Lurate Caccivio,CO,Lombardia,324,401,0,45.76571,8.99338
013139,Magreglio,CO,Lombardia,692,1601,0,45.91877,9.25144
013143,Mariano Comense,CO,Lombardia,233,337,22643,45.69776,9.17472
013144,Maslianico,CO,Lombardia,207,699,0,45.8446,9.04874
013145,Menaggio,CO,Lombardia,196,1350,0,46.02127,9.2376
013147,Merone,CO,Lombardia,247,310,0,45.78381,9.24788
013152,Moltrasio,CO,Lombardia,199,1253,0,45.87206,9.09241
013153,Monguzzo,CO,Lombardia,247,365,0,45.77942,9.22821
013154,Montano Lucino,CO,Lombardia,306,429,0,45.79135,9.03061
013155,Montemezzo,CO,Lombardia,248,2314,0,46.19666,9.36474
013157,Montorfano,CO,Lombardia,372,524,0,45.78136,9.14586
013159,Mozzate,CO,Lombardia,242,300,0,45.67535,8.94977
013160,Musso,CO,Lombardia,199,1300,0,46.11396,9.27001
013161,Nesso,CO,Lombardia,199,1401,0,45.90389,9.16829
013163,Novedrate,CO,Lombardia,249,299,0,45.69822,9.13196
013165,Olgiate Comasco,CO,Lombardia,345,454,0,45.78597,8.97002
013169,Oltrona di San Mamette,CO,Lombardia,346,406,0,45.75503,8.97115
013170,Orsenigo,CO,Lombardia,323,403,0,45.77824,9.17516
013178,Peglio,CO,Lombardia,463,2249,0,46.18148,9.27678
013183,Pianello del Lario,CO,Lombardia,199,2030,0,46.10252,9.26115
013184,Pigra,CO,Lombardia,357,1440,0,45.96385,9.12398
013185,Plesio,CO,Lombardia,250,2094,0,46.0607,9.21558
013186,Pognana Lario,CO,Lombardia,200,1417,0,45.88176,9.16273
013187,Ponna,CO,Lombardia,466,1574,0,45.99447,9.11128
013188,Ponte Lambro,CO,Lombardia,292,1137,0,45.82948,9.21907
013189,Porlezza,CO,Lombardia,269,1698,0,46.02853,9.12033
013192,Proserpio,CO,Lombardia,382,666,0,45.83052,9.25265
013193,Pusiano,CO,Lombardia,253,1177,0,45.81769,9.2828
013195,Rezzago,CO,Lombardia,494,1175,0,45.85822,9.23812
013197,Rodero,CO,Lombardia,317,515,0,45.82527,8.9185
013201,Rovellasca,CO,Lombardia,234,255,0,45.6681,9.04887
013202,Rovello Porro,CO,Lombardia,224,256,0,45.65456,9.0369
013203,Sala Comacina,CO,Lombardia,199,1425,0,45.96985,9.15625
013204,San Bartolomeo Val Cavargna,CO,Lombardia,592,2134,0,46.09768,9.15846
013206,San Fermo della Battaglia,CO,Lombardia,321,555,0,45.80902,9.03641
013207,San Nazzaro Val Cavargna,CO,Lombardia,660,2245,0,46.10647,9.13174
013211,Schignano,CO,Lombardia,324,1379,0,45.91889,9.09716
013212,Senna Comasco,CO,Lombardia,261,383,0,45.76086,9.10207
013216,Sorico,CO,Lombardia,192,1911,0,46.18846,9.40417
013217,Sormano,CO,Lombardia,640,1575,0,45.89414,9.23239
013218,Stazzona,CO,Lombardia,349,1690,0,46.15058,9.25097
013222,Tavernerio,CO,Lombardia,343,1232,0,45.81338,9.14046
013223,Torno,CO,Lombardia,199,1235,0,45.85086,9.12847
013226,Trezzone,CO,Lombardia,231,1663,0,46.1827,9.35019
013227,Turate,CO,Lombardia,226,263,0,45.66131,9.00477
013229,Valbrona,CO,Lombardia,199,1377,0,45.87729,9.30404
013232,Valmorea,CO,Lombardia,329,454,0,45.81946,8.93448
013233,Val Rezzo,CO,Lombardia,871,1716,0,46.07175,9.09909
013234,Valsolda,CO,Lombardia,269,1801,0,46.03514,9.05096
013236,Veleso,CO,Lombardia,499,1674,0,45.91547,9.18573
013238,Veniano,CO,Lombardia,299,346,0,45.71725,8.98241
013239,Vercana,CO,Lombardia,200,2414,0,46.18921,9.33582
013242,Vertemate con Minoprio,CO,Lombardia,264,353,0,45.72704,9.0789
013245,Villa Guardia,CO,Lombardia,307,387,0,45.77455,9.02284
013246,Zelbio,CO,Lombardia,525,1675,0,45.90192,9.1994
013248,San Siro,CO,Lombardia,189,1885,0,46.06103,9.25799
013249,Gravedona ed Uniti,CO,Lombardia,191,2315,0,46.15555,9.22213
013250,Bellagio,CO,Lombardia,,,0,45.95563,9.24951
013251,Colverde,CO,Lombardia,,,0,45.80569,9.00109
013252,Tremezzina,CO,Lombardia,,,0,45.98454,9.18742
013253,Alta Valle Intelvi,CO,Lombardia,,,0,45.97566,9.03636
013254,Centro Valle Intelvi,CO,Lombardia,,,0,45.94697,9.06121
013255,Solbiate con Cagno,CO,Lombardia,,,0,45.80053,8.91971
013256,Uggiate con Ronago,CO,Lombardia,,,0,45.82519,8.96908
014001,Albaredo per San Marco,SO,Lombardia,539,2432,0,46.08012,9.61999
014002,Albosaggia,SO,Lombardia,274,2572,0,46.12586,9.85955
014003,Andalo Valtellino,SO,Lombardia,198,2258,0,46.11653,9.47396
014004,Aprica,SO,Lombardia,589,2610,0,46.13118,10.14688
014005,Ardenno,SO,Lombardia,244,1988,0,46.18082,9.64619
014006,Bema,SO,Lombardia,375,2150,0,46.07932,9.5832
014007,Berbenno di Valtellina,SO,Lombardia,255,3115,0,46.19153,9.73835
014008,Bianzone,SO,Lombardia,381,2407,0,46.20124,10.09796
014009,Bormio,SO,Lombardia,1138,3454,0,46.4976,10.40697
014010,Buglio in Monte,SO,Lombardia,258,3650,0,46.20965,9.69999
014011,Caiolo,SO,Lombardia,272,2662,0,46.10821,9.81806
014012,Campodolcino,SO,Lombardia,948,3164,0,46.4022,9.34801
014013,Caspoggio,SO,Lombardia,849,2649,0,46.25354,9.87293
014014,Castello dell'Acqua,SO,Lombardia,338,1742,0,46.13982,10.01334
014015,Castione Andevenno,SO,Lombardia,273,2477,0,46.18451,9.80608
014016,Cedrasco,SO,Lombardia,267,2620,0,46.11187,9.79185
014017,Cercino,SO,Lombardia,195,2183,0,46.16469,9.50708
014018,Chiavenna,SO,Lombardia,290,2451,0,46.32693,9.40491
014019,Chiesa in Valmalenco,SO,Lombardia,874,3677,0,46.30064,9.79829
014020,Chiuro,SO,Lombardia,335,3242,0,46.23384,10.01299
014021,Cino,SO,Lombardia,309,2125,0,46.16838,9.4861
014022,Civo,SO,Lombardia,218,2825,0,46.17958,9.58438
014023,Colorina,SO,Lombardia,257,2380,0,46.14134,9.7209
014024,Cosio Valtellino,SO,Lombardia,205,2254,0,46.12121,9.52691
014025,Dazio,SO,Lombardia,258,914,0,46.15911,9.61475
014026,Delebio,SO,Lombardia,190,2600,0,46.11228,9.44759
014027,Dubino,SO,Lombardia,178,1661,0,46.16626,9.44462
014028,Faedo Valtellino,SO,Lombardia,286,1600,0,46.14458,9.90305
014029,Forcola,SO,Lombardia,253,2469,0,46.13877,9.68381
014030,Fusine,SO,Lombardia,259,2510,0,46.10039,9.76352
014031,Gerola Alta,SO,Lombardia,693,2563,0,46.04609,9.55061
014032,Gordona,SO,Lombardia,218,2567,0,46.27945,9.31229
014033,Grosio,SO,Lombardia,618,3349,0,46.34763,10.22316
014034,Grosotto,SO,Lombardia,572,2830,0,46.29639,10.21477
014035,Madesimo,SO,Lombardia,1113,3280,0,46.45927,9.33061
014036,Lanzada,SO,Lombardia,948,4023,0,46.31909,9.92194
014037,Livigno,SO,Lombardia,1688,3320,0,46.52465,10.13691
014038,Lovero,SO,Lombardia,508,2502,0,46.22768,10.23235
014039,Mantello,SO,Lombardia,195,1337,0,46.15621,9.4784
014040,Mazzo di Valtellina,SO,Lombardia,538,2748,0,46.25956,10.25921
014041,Mello,SO,Lombardia,299,2601,0,46.17026,9.54213
014043,Mese,SO,Lombardia,258,883,0,46.30826,9.37684
014044,Montagna in Valtellina,SO,Lombardia,277,3307,0,46.22181,9.92404
014045,Morbegno,SO,Lombardia,215,1549,0,46.13335,9.58694
014046,Novate Mezzola,SO,Lombardia,194,3142,0,46.24188,9.50588
014047,Pedesina,SO,Lombardia,593,2481,0,46.07902,9.52293
014048,Piantedo,SO,Lombardia,194,2600,0,46.12699,9.42352
014049,Piateda,SO,Lombardia,288,3037,0,46.09497,9.91098
014050,Piuro,SO,Lombardia,361,3211,0,46.39618,9.44028
014051,Poggiridenti,SO,Lombardia,287,778,0,46.17246,9.92631
014052,Ponte in Valtellina,SO,Lombardia,325,3100,0,46.14006,9.9824
014053,Postalesio,SO,Lombardia,269,2626,0,46.18866,9.77832
014054,Prata Camportaccio,SO,Lombardia,208,2733,0,46.28465,9.42355
014055,Rasura,SO,Lombardia,469,2353,0,46.09347,9.53393
014056,Rogolo,SO,Lombardia,198,2500,0,46.10146,9.48661
014057,Samolaco,SO,Lombardia,186,2450,0,46.24165,9.37912
014058,San Giacomo Filippo,SO,Lombardia,371,3084,0,46.3537,9.3472
014059,Sernio,SO,Lombardia,470,2671,0,46.22433,10.2098
014060,Sondalo,SO,Lombardia,735,3225,0,46.34306,10.3672
014061,Sondrio,SO,Lombardia,272,2214,19208,46.18004,9.8568
014062,Spriana,SO,Lombardia,500,2400,0,46.21719,9.88158
014063,Talamona,SO,Lombardia,234,2307,0,46.12287,9.62779
014064,Tartano,SO,Lombardia,308,2509,0,46.09052,9.68741
014065,Teglio,SO,Lombardia,349,2905,0,46.13023,10.08706
014066,Tirano,SO,Lombardia,410,2628,0,46.21207,10.17939
014067,Torre di Santa Maria,SO,Lombardia,473,3648,0,46.23256,9.81414
014068,Tovo di Sant'Agata,SO,Lombardia,512,2442,0,46.23243,10.26579
014069,Traona,SO,Lombardia,192,2249,0,46.15136,9.52762
014070,Tresivio,SO,Lombardia,299,3026,0,46.19844,9.95125
014071,Valdidentro,SO,Lombardia,1195,3463,0,46.48842,10.26418
014072,Valdisotto,SO,Lombardia,988,3452,0,46.41835,10.34877
014073,Valfurva,SO,Lombardia,1244,3850,0,46.42764,10.50877
014074,Val Masino,SO,Lombardia,566,3662,0,46.25085,9.63924
014075,Verceia,SO,Lombardia,196,2050,0,46.19708,9.46723
014076,Vervio,SO,Lombardia,512,2812,0,46.26219,10.2071
014077,Villa di Chiavenna,SO,Lombardia,530,3095,0,46.32142,9.49633
014078,Villa di Tirano,SO,Lombardia,385,2249,0,46.18772,10.14
015002,Abbiategrasso,MI,Lombardia,77,125,32784,45.3818,8.89546
015005,Albairate,MI,Lombardia,116,131,0,45.42195,8.94547
015007,Arconate,MI,Lombardia,167,191,0,45.54017,8.84152
015009,Arese,MI,Lombardia,147,174,19138,45.55024,9.07354
015010,Arluno,MI,Lombardia,145,182,0,45.50906,8.9422
015011,Assago,MI,Lombardia,102,111,0,45.40229,9.13562
015012,Bareggio,MI,Lombardia,130,150,16546,45.47464,8.99964
015014,Basiano,MI,Lombardia,153,185,0,45.58073,9.46442
015015,Basiglio,MI,Lombardia,95,99,0,45.34911,9.16523
015016,Bellinzago Lombardo,MI,Lombardia,124,136,0,45.53506,9.44515
015019,Bernate Ticino,MI,Lombardia,112,155,0,45.47736,8.81189
015022,Besate,MI,Lombardia,72,109,0,45.3065,8.96527
015024,Binasco,MI,Lombardia,97,103,0,45.33079,9.1026
015026,Boffalora sopra Ticino,MI,Lombardia,109,146,0,45.45971,8.82884
015027,Bollate,MI,Lombardia,147,172,35235,45.55043,9.11471
015032,Bresso,MI,Lombardia,139,148,25712,45.53643,9.19543
015035,Bubbiano,MI,Lombardia,94,106,0,45.32827,9.00382
015036,Buccinasco,MI,Lombardia,104,116,26163,45.40733,9.10975
015038,Buscate,MI,Lombardia,166,189,0,45.54588,8.81344
015040,Bussero,MI,Lombardia,133,148,0,45.5364,9.36984
015041,Busto Garolfo,MI,Lombardia,166,189,0,45.54455,8.88474
015042,Calvignasco,MI,Lombardia,103,106,0,45.32663,9.02605
015044,Cambiago,MI,Lombardia,148,175,0,45.57182,9.4232
015046,Canegrate,MI,Lombardia,181,196,0,45.56591,8.92518
015050,Carpiano,MI,Lombardia,88,98,0,45.34364,9.27128
015051,Carugate,MI,Lombardia,142,157,15368,45.5513,9.34183
015055,Casarile,MI,Lombardia,96,103,0,45.31435,9.10203
015058,Casorezzo,MI,Lombardia,162,175,0,45.52608,8.90749
015059,Cassano d'Adda,MI,Lombardia,108,154,17267,45.52654,9.5177
015060,Cassina de' Pecchi,MI,Lombardia,122,136,0,45.51566,9.37555
015061,Cassinetta di Lugagnano,MI,Lombardia,122,129,0,45.42607,8.90735
015062,Castano Primo,MI,Lombardia,136,193,0,45.55029,8.7663
015070,Cernusco sul Naviglio,MI,Lombardia,123,145,29078,45.52604,9.33234
015071,Cerro al Lambro,MI,Lombardia,80,90,0,45.33181,9.32757
015072,Cerro Maggiore,MI,Lombardia,182,219,0,45.5895,8.96523
015074,Cesano Boscone,MI,Lombardia,115,123,23368,45.44139,9.08708
015076,Cesate,MI,Lombardia,186,205,0,45.59725,9.07991
015077,Cinisello Balsamo,MI,Lombardia,141,167,75943,45.55732,9.21817
015078,Cisliano,MI,Lombardia,116,136,0,45.43905,8.98615
015081,Cologno Monzese,MI,Lombardia,129,142,45786,45.53329,9.28012
015082,Colturano,MI,Lombardia,83,93,0,45.38018,9.33952
015085,Corbetta,MI,Lombardia,127,146,0,45.46019,8.93019
015086,Cormano,MI,Lombardia,144,155,20031,45.54371,9.16456
015087,Cornaredo,MI,Lombardia,132,150,20098,45.49166,9.02418
015093,Corsico,MI,Lombardia,113,121,33669,45.43307,9.10081
015096,Cuggiono,MI,Lombardia,121,168,0,45.50459,8.79924
015097,Cusago,MI,Lombardia,118,133,0,45.44667,9.02961
015098,Cusano Milanino,MI,Lombardia,147,157,18904,45.5527,9.18456
015099,Dairago,MI,Lombardia,186,201,0,45.56496,8.85502
015101,Dresano,MI,Lombardia,88,92,0,45.37507,9.36505
015103,Gaggiano,MI,Lombardia,108,125,0,45.40034,9.02585
015105,Garbagnate Milanese,MI,Lombardia,167,190,25974,45.57457,9.07716
015106,Gessate,MI,Lombardia,133,163,0,45.55543,9.43422
015108,Gorgonzola,MI,Lombardia,122,143,18979,45.52957,9.40984
015110,Grezzago,MI,Lombardia,169,190,0,45.59174,9.49482
015112,Gudo Visconti,MI,Lombardia,109,118,0,45.37698,8.99577
015113,Inveruno,MI,Lombardia,155,173,0,45.51721,8.85403
015114,Inzago,MI,Lombardia,124,152,0,45.54181,9.47979
015115,Lacchiarella,MI,Lombardia,90,101,0,45.32156,9.15727
015116,Lainate,MI,Lombardia,163,187,25011,45.56617,9.02567
015118,Legnano,MI,Lombardia,190,229,57589,45.59359,8.90752
015122,Liscate,MI,Lombardia,104,119,0,45.47495,9.41115
015125,Locate di Triulzi,MI,Lombardia,90,101,0,45.35811,9.22984
015130,Magenta,MI,Lombardia,97,145,22566,45.4534,8.86243
015131,Magnago,MI,Lombardia,185,212,0,45.57683,8.80921
015134,Marcallo con Casone,MI,Lombardia,140,157,0,45.48645,8.8695
015136,Masate,MI,Lombardia,143,172,0,45.56479,9.46295
015139,Mediglia,MI,Lombardia,90,103,0,45.41009,9.33846
015140,Melegnano,MI,Lombardia,83,93,16707,45.35522,9.32009
015142,Melzo,MI,Lombardia,111,125,18031,45.49826,9.42545
015144,Mesero,MI,Lombardia,142,157,0,45.4956,8.85012
015146,Milano,MI,Lombardia,100,147,1371498,45.46843,9.17304
015150,Morimondo,MI,Lombardia,76,115,0,45.3433,8.95515
015151,Motta Visconti,MI,Lombardia,72,105,0,45.28425,8.98906
015154,Nerviano,MI,Lombardia,162,185,17030,45.55249,8.98
015155,Nosate,MI,Lombardia,137,189,0,45.55496,8.72104
015157,Novate Milanese,MI,Lombardia,140,151,19758,45.53184,9.14019
015158,Noviglio,MI,Lombardia,100,113,0,45.36277,9.06704
015159,Opera,MI,Lombardia,96,103,0,45.38003,9.20844
015164,Ossona,MI,Lombardia,148,163,0,45.5049,8.89925
015165,Ozzero,MI,Lombardia,85,116,0,45.36347,8.92144
015166,Paderno Dugnano,MI,Lombardia,153,178,46235,45.57202,9.16661
015167,Pantigliate,MI,Lombardia,99,109,0,45.44073,9.35953
015168,Parabiago,MI,Lombardia,165,191,26364,45.54921,8.94329
015169,Paullo,MI,Lombardia,92,101,0,45.41669,9.40435
015170,Pero,MI,Lombardia,138,151,0,45.5105,9.07716
015171,Peschiera Borromeo,MI,Lombardia,96,112,0,45.44243,9.30277
015172,Pessano con Bornago,MI,Lombardia,141,154,0,45.55089,9.38908
015173,Pieve Emanuele,MI,Lombardia,90,100,0,45.35186,9.19611
015175,Pioltello,MI,Lombardia,108,129,34203,45.49109,9.32372
015176,Pogliano Milanese,MI,Lombardia,159,170,0,45.53709,8.99163
015177,Pozzo d'Adda,MI,Lombardia,150,173,0,45.57165,9.4979
015178,Pozzuolo Martesana,MI,Lombardia,109,129,0,45.51227,9.46008
015179,Pregnana Milanese,MI,Lombardia,148,159,0,45.51563,9.00592
015181,Rescaldina,MI,Lombardia,209,239,0,45.62234,8.95154
015182,Rho,MI,Lombardia,141,169,47086,45.53087,9.04963
015183,Robecchetto con Induno,MI,Lombardia,125,176,0,45.51547,8.76262
015184,Robecco sul Naviglio,MI,Lombardia,97,135,0,45.42657,8.86911
015185,Rodano,MI,Lombardia,106,124,0,45.472,9.35036
015188,Rosate,MI,Lombardia,102,112,0,45.35107,9.01878
015189,Rozzano,MI,Lombardia,97,106,39731,45.38383,9.15995
015191,San Colombano al Lambro,MI,Lombardia,57,150,0,45.17895,9.48825
015192,San Donato Milanese,MI,Lombardia,95,108,28351,45.41252,9.25919
015194,San Giorgio su Legnano,MI,Lombardia,188,200,0,45.57064,8.90913
015195,San Giuliano Milanese,MI,Lombardia,84,102,31050,45.38245,9.28027
015200,Santo Stefano Ticino,MI,Lombardia,143,155,0,45.48815,8.91325
015201,San Vittore Olona,MI,Lombardia,182,205,0,45.58223,8.94334
015202,San Zenone al Lambro,MI,Lombardia,77,86,0,45.32397,9.36466
015204,Sedriano,MI,Lombardia,135,151,0,45.48736,8.97479
015205,Segrate,MI,Lombardia,108,125,28296,45.4843,9.28567
015206,Senago,MI,Lombardia,156,188,20620,45.57348,9.11937
015209,Sesto San Giovanni,MI,Lombardia,130,149,81822,45.53522,9.24238
015210,Settala,MI,Lombardia,97,117,0,45.45338,9.38952
015211,Settimo Milanese,MI,Lombardia,125,146,0,45.48058,9.05342
015213,Solaro,MI,Lombardia,197,216,0,45.61492,9.08061
015219,Trezzano Rosa,MI,Lombardia,159,188,0,45.58416,9.48215
015220,Trezzano sul Naviglio,MI,Lombardia,111,121,20001,45.42082,9.05814
015221,Trezzo sull'Adda,MI,Lombardia,128,234,0,45.60906,9.50527
015222,Tribiano,MI,Lombardia,91,99,0,45.40383,9.37372
015224,Truccazzano,MI,Lombardia,90,120,0,45.48004,9.47326
015226,Turbigo,MI,Lombardia,128,176,0,45.5268,8.73511
015229,Vanzago,MI,Lombardia,150,170,0,45.51966,8.98454
015230,Vaprio d'Adda,MI,Lombardia,133,173,0,45.57344,9.5209
015236,Vernate,MI,Lombardia,100,108,0,45.32161,9.0544
015237,Vignate,MI,Lombardia,113,128,0,45.49832,9.37913
015242,Vimodrone,MI,Lombardia,124,134,17072,45.51508,9.28775
015243,Vittuone,MI,Lombardia,132,151,0,45.47915,8.95582
015244,Vizzolo Predabissi,MI,Lombardia,81,91,0,45.35634,9.34705
015247,Zibido San Giacomo,MI,Lombardia,98,113,0,45.36829,9.10645
015248,Villa Cortese,MI,Lombardia,186,203,0,45.56667,8.88622
015249,Vanzaghello,MI,Lombardia,186,211,0,45.58215,8.78086
015250,Baranzate,MI,Lombardia,140,150,0,45.52856,9.11216
015251,Vermezzo con Zelo,MI,Lombardia,,,0,45.39111,8.98077
016001,Adrara San Martino,BG,Lombardia,221,1332,0,45.71008,9.95523
016002,Adrara San Rocco,BG,Lombardia,363,1288,0,45.726,9.97257
016003,Albano Sant'Alessandro,BG,Lombardia,237,462,0,45.68887,9.77485
016004,Albino,BG,Lombardia,312,1150,0,45.75832,9.82238
016005,Almè,BG,Lombardia,243,312,0,45.73798,9.61459
016006,Almenno San Bartolomeo,BG,Lombardia,230,1216,0,45.74997,9.56683
016007,Almenno San Salvatore,BG,Lombardia,242,800,0,45.75223,9.59182
016008,Alzano Lombardo,BG,Lombardia,272,1202,0,45.75261,9.7166
016009,Ambivere,BG,Lombardia,255,537,0,45.72121,9.53877
016010,Antegnate,BG,Lombardia,103,122,0,45.48798,9.80022
016011,Arcene,BG,Lombardia,142,160,0,45.57321,9.61477
016012,Ardesio,BG,Lombardia,512,2500,0,45.94563,9.8883
016013,Arzago d'Adda,BG,Lombardia,98,113,0,45.47429,9.56509
016014,Averara,BG,Lombardia,589,2127,0,46.01198,9.6351
016015,Aviatico,BG,Lombardia,369,1360,0,45.79126,9.78377
016016,Azzano San Paolo,BG,Lombardia,212,234,0,45.65767,9.68111
016017,Azzone,BG,Lombardia,600,2491,0,45.97407,10.13278
016018,Bagnatica,BG,Lombardia,197,357,0,45.65425,9.77074
016019,Barbata,BG,Lombardia,90,110,0,45.45899,9.77306
016020,Bariano,BG,Lombardia,109,123,0,45.51354,9.70922
016021,Barzana,BG,Lombardia,272,352,0,45.73107,9.56777
016022,Bedulita,BG,Lombardia,362,1008,0,45.7922,9.54405
016023,Berbenno,BG,Lombardia,346,891,0,45.80594,9.56795
016024,Bergamo,BG,Lombardia,207,635,121200,45.69657,9.66386
016025,Berzo San Fermo,BG,Lombardia,294,1140,0,45.71343,9.9111
016026,Bianzano,BG,Lombardia,460,1036,0,45.77447,9.90023
016027,Blello,BG,Lombardia,499,1157,0,45.83347,9.57022
016028,Bolgare,BG,Lombardia,170,215,0,45.63135,9.81874
016029,Boltiere,BG,Lombardia,153,176,0,45.5989,9.57784
016030,Bonate Sopra,BG,Lombardia,190,240,0,45.68169,9.56237
016031,Bonate Sotto,BG,Lombardia,173,223,0,45.66334,9.56246
016032,Borgo di Terzo,BG,Lombardia,291,1078,0,45.72591,9.87772
016033,Bossico,BG,Lombardia,582,1455,0,45.84049,10.0455
016034,Bottanuco,BG,Lombardia,144,228,0,45.63934,9.51317
016035,Bracca,BG,Lombardia,374,1111,0,45.8209,9.70507
016036,Branzi,BG,Lombardia,794,2555,0,45.99919,9.77858
016037,Brembate,BG,Lombardia,143,207,0,45.60796,9.54808
016038,Brembate di Sopra,BG,Lombardia,222,301,0,45.71742,9.57999
016040,Brignano Gera d'Adda,BG,Lombardia,122,143,0,45.54794,9.65444
016041,Brumano,BG,Lombardia,644,1823,0,45.85623,9.49433
016042,Brusaporto,BG,Lombardia,221,371,0,45.67001,9.76366
016043,Calcinate,BG,Lombardia,168,216,0,45.6208,9.79063
016044,Calcio,BG,Lombardia,105,133,0,45.50261,9.84367
016046,Calusco d'Adda,BG,Lombardia,193,411,0,45.68725,9.47772
016047,Calvenzano,BG,Lombardia,106,118,0,45.48907,9.60123
016048,Camerata Cornello,BG,Lombardia,425,1924,0,45.91636,9.64112
016049,Canonica d'Adda,BG,Lombardia,131,168,0,45.57688,9.54431
016050,Capizzone,BG,Lombardia,337,1002,0,45.78821,9.57906
016051,Capriate San Gervasio,BG,Lombardia,134,220,0,45.61357,9.53143
016052,Caprino Bergamasco,BG,Lombardia,249,1413,0,45.75933,9.49706
016053,Caravaggio,BG,Lombardia,91,128,0,45.49238,9.65352
016055,Carobbio degli Angeli,BG,Lombardia,209,613,0,45.66302,9.83905
016056,Carona,BG,Lombardia,991,2916,0,46.02719,9.83527
016057,Carvico,BG,Lombardia,252,706,0,45.70434,9.48794
016058,Casazza,BG,Lombardia,318,1255,0,45.74627,9.90634
016059,Casirate d'Adda,BG,Lombardia,103,120,0,45.49814,9.55659
016060,Casnigo,BG,Lombardia,379,1284,0,45.826,9.87107
016061,Cassiglio,BG,Lombardia,578,2000,0,45.95293,9.60793
016062,Castelli Calepio,BG,Lombardia,152,541,0,45.63441,9.89844
016063,Castel Rozzone,BG,Lombardia,134,143,0,45.55314,9.62207
016064,Castione della Presolana,BG,Lombardia,684,2500,0,45.91864,10.0587
016065,Castro,BG,Lombardia,165,450,0,45.8002,10.06332
016066,Cavernago,BG,Lombardia,176,213,0,45.62092,9.75863
016067,Cazzano Sant'Andrea,BG,Lombardia,418,891,0,45.81114,9.8809
016068,Cenate Sopra,BG,Lombardia,296,1138,0,45.71986,9.82191
016069,Cenate Sotto,BG,Lombardia,246,462,0,45.70152,9.81413
016070,Cene,BG,Lombardia,342,768,0,45.77995,9.84557
016071,Cerete,BG,Lombardia,412,1419,0,45.85544,9.99925
016072,Chignolo d'Isola,BG,Lombardia,201,233,0,45.66593,9.52882
016073,Chiuduno,BG,Lombardia,198,454,0,45.64999,9.85015
016074,Cisano Bergamasco,BG,Lombardia,191,570,0,45.74858,9.46727
016075,Ciserano,BG,Lombardia,154,168,0,45.58561,9.59623
016076,Cividate al Piano,BG,Lombardia,126,148,0,45.54549,9.8299
016077,Clusone,BG,Lombardia,481,1634,0,45.87333,9.93769
016078,Colere,BG,Lombardia,594,2510,0,45.96228,10.08249
016079,Cologno al Serio,BG,Lombardia,137,176,0,45.57275,9.7153
016080,Colzate,BG,Lombardia,382,1520,0,45.8341,9.8408
016081,Comun Nuovo,BG,Lombardia,169,199,0,45.61548,9.66117
016082,Corna Imagna,BG,Lombardia,408,1200,0,45.8338,9.5488
016083,Cortenuova,BG,Lombardia,126,140,0,45.53324,9.80196
016084,Costa di Mezzate,BG,Lombardia,196,326,0,45.65484,9.7972
016085,Costa Valle Imagna,BG,Lombardia,799,1407,0,45.80238,9.50279
016086,Costa Volpino,BG,Lombardia,184,1721,0,45.84082,10.08919
016087,Covo,BG,Lombardia,106,129,0,45.50552,9.78869
016088,Credaro,BG,Lombardia,173,560,0,45.66185,9.91899
016089,Curno,BG,Lombardia,199,248,0,45.68656,9.60672
016090,Cusio,BG,Lombardia,637,2358,0,46.00258,9.60077
016091,Dalmine,BG,Lombardia,173,216,22881,45.64651,9.59968
016092,Dossena,BG,Lombardia,473,1804,0,45.89513,9.70103
016093,Endine Gaiano,BG,Lombardia,332,1378,0,45.78621,9.9785
016094,Entratico,BG,Lombardia,265,719,0,45.70282,9.88171
016096,Fara Gera d'Adda,BG,Lombardia,121,143,0,45.54544,9.54587
016097,Fara Olivana con Sola,BG,Lombardia,101,113,0,45.49042,9.73725
016098,Filago,BG,Lombardia,172,205,0,45.63292,9.55095
016099,Fino del Monte,BG,Lombardia,623,1701,0,45.90708,9.99646
016100,Fiorano al Serio,BG,Lombardia,376,581,0,45.80285,9.83927
016101,Fontanella,BG,Lombardia,89,112,0,45.45491,9.80391
016102,Fonteno,BG,Lombardia,347,1350,0,45.75329,10.00284
016103,Foppolo,BG,Lombardia,1293,2601,0,46.04864,9.75755
016104,Foresto Sparso,BG,Lombardia,234,724,0,45.69269,9.91388
016105,Fornovo San Giovanni,BG,Lombardia,102,113,0,45.494,9.691
016106,Fuipiano Valle Imagna,BG,Lombardia,712,1558,0,45.85646,9.53202
016107,Gandellino,BG,Lombardia,670,2700,0,46.00619,9.9372
016108,Gandino,BG,Lombardia,425,1624,0,45.8243,9.92997
016109,Gandosso,BG,Lombardia,230,623,0,45.66167,9.89533
016110,Gaverina Terme,BG,Lombardia,392,1038,0,45.75837,9.88263
016111,Gazzaniga,BG,Lombardia,345,1500,0,45.81081,9.79995
016113,Ghisalba,BG,Lombardia,155,181,0,45.59416,9.76181
016114,Gorlago,BG,Lombardia,214,475,0,45.67153,9.83349
016115,Gorle,BG,Lombardia,245,275,0,45.70222,9.71552
016116,Gorno,BG,Lombardia,457,1756,0,45.86644,9.84279
016117,Grassobbio,BG,Lombardia,194,241,0,45.64772,9.72384
016118,Gromo,BG,Lombardia,585,2353,0,45.97294,9.96247
016119,Grone,BG,Lombardia,314,1320,0,45.73085,9.93136
016120,Grumello del Monte,BG,Lombardia,182,615,0,45.63831,9.87453
016121,Isola di Fondra,BG,Lombardia,630,2363,0,45.97584,9.74248
016122,Isso,BG,Lombardia,96,108,0,45.47298,9.74873
016123,Lallio,BG,Lombardia,203,223,0,45.6624,9.6278
016124,Leffe,BG,Lombardia,421,885,0,45.79006,9.88222
016125,Lenna,BG,Lombardia,423,1815,0,45.93327,9.6832
016126,Levate,BG,Lombardia,178,196,0,45.62706,9.62767
016127,Locatello,BG,Lombardia,420,1073,0,45.84327,9.53048
016128,Lovere,BG,Lombardia,183,1192,0,45.81942,10.07084
016129,Lurano,BG,Lombardia,139,153,0,45.56758,9.64061
016130,Luzzana,BG,Lombardia,279,910,0,45.72165,9.86799
016131,Madone,BG,Lombardia,185,220,0,45.64986,9.54639
016132,Mapello,BG,Lombardia,234,533,0,45.70675,9.541
016133,Martinengo,BG,Lombardia,131,158,0,45.56067,9.77353
016134,Mezzoldo,BG,Lombardia,666,2384,0,46.03284,9.65897
016135,Misano di Gera d'Adda,BG,Lombardia,96,108,0,45.46811,9.62752
016136,Moio de' Calvi,BG,Lombardia,459,1750,0,45.96235,9.70242
016137,Monasterolo del Castello,BG,Lombardia,335,1322,0,45.75851,9.9422
016139,Montello,BG,Lombardia,216,306,0,45.67228,9.79937
016140,Morengo,BG,Lombardia,119,140,0,45.5407,9.70829
016141,Mornico al Serio,BG,Lombardia,148,174,0,45.58763,9.80485
016142,Mozzanica,BG,Lombardia,93,111,0,45.47128,9.6899
016143,Mozzo,BG,Lombardia,218,388,0,45.70237,9.60949
016144,Nembro,BG,Lombardia,283,1213,0,45.75239,9.75323
016145,Olmo al Brembo,BG,Lombardia,528,1604,0,45.97023,9.64894
016146,Oltre il Colle,BG,Lombardia,675,2525,0,45.91254,9.78468
016147,Oltressenda Alta,BG,Lombardia,583,2411,0,45.94169,9.98579
016148,Oneta,BG,Lombardia,597,2014,0,45.86863,9.80938
016149,Onore,BG,Lombardia,645,1427,0,45.8884,10.02701
016150,Orio al Serio,BG,Lombardia,227,248,0,45.66991,9.69828
016151,Ornica,BG,Lombardia,634,2500,0,45.99954,9.57076
016152,Osio Sopra,BG,Lombardia,174,197,0,45.62975,9.58464
016153,Osio Sotto,BG,Lombardia,166,187,0,45.61504,9.58516
016154,Pagazzano,BG,Lombardia,119,134,0,45.53451,9.67503
016155,Paladina,BG,Lombardia,229,358,0,45.72854,9.61046
016156,Palazzago,BG,Lombardia,257,1384,0,45.75045,9.53305
016157,Palosco,BG,Lombardia,140,174,0,45.58405,9.83169
016158,Parre,BG,Lombardia,456,2313,0,45.90339,9.88232
016159,Parzanica,BG,Lombardia,150,1100,0,45.73682,10.04305
016160,Pedrengo,BG,Lombardia,238,264,0,45.69547,9.74005
016161,Peia,BG,Lombardia,474,1207,0,45.79581,9.91068
016162,Pianico,BG,Lombardia,246,707,0,45.80615,10.04088
016163,Piario,BG,Lombardia,469,806,0,45.89224,9.92298
016164,Piazza Brembana,BG,Lombardia,471,1717,0,45.94913,9.65796
016165,Piazzatorre,BG,Lombardia,666,2327,0,46.00619,9.69475
016166,Piazzolo,BG,Lombardia,596,1459,0,45.97391,9.67274
016167,Pognano,BG,Lombardia,149,164,0,45.58362,9.6407
016168,Ponte Nossa,BG,Lombardia,424,1206,0,45.8599,9.88677
016169,Ponteranica,BG,Lombardia,291,1055,0,45.7404,9.67445
016170,Ponte San Pietro,BG,Lombardia,203,287,0,45.7019,9.57943
016171,Pontida,BG,Lombardia,198,710,0,45.73082,9.49905
016172,Pontirolo Nuovo,BG,Lombardia,131,166,0,45.57214,9.56897
016173,Pradalunga,BG,Lombardia,295,1160,0,45.73774,9.79395
016174,Predore,BG,Lombardia,179,957,0,45.68535,10.01824
016175,Premolo,BG,Lombardia,463,2446,0,45.89818,9.84794
016176,Presezzo,BG,Lombardia,208,243,0,45.69277,9.56934
016177,Pumenengo,BG,Lombardia,91,113,0,45.47019,9.86398
016178,Ranica,BG,Lombardia,267,732,0,45.72843,9.71137
016179,Ranzanico,BG,Lombardia,332,1355,0,45.7911,9.94019
016180,Riva di Solto,BG,Lombardia,169,1230,0,45.76716,10.04091
016182,Rogno,BG,Lombardia,178,1882,0,45.86297,10.11686
016183,Romano di Lombardia,BG,Lombardia,110,138,17549,45.52236,9.75086
016184,Roncobello,BG,Lombardia,521,2368,0,45.9532,9.76264
016185,Roncola,BG,Lombardia,571,1418,0,45.77849,9.54523
016186,Rota d'Imagna,BG,Lombardia,408,1103,0,45.83515,9.51286
016187,Rovetta,BG,Lombardia,498,2501,0,45.90614,9.99261
016188,San Giovanni Bianco,BG,Lombardia,343,1824,0,45.88113,9.64652
016189,San Paolo d'Argon,BG,Lombardia,227,481,0,45.6862,9.80337
016190,San Pellegrino Terme,BG,Lombardia,291,1500,0,45.84023,9.66211
016191,Santa Brigida,BG,Lombardia,580,2351,0,46.00033,9.61875
016193,Sarnico,BG,Lombardia,175,813,0,45.67445,9.96987
016194,Scanzorosciate,BG,Lombardia,252,688,0,45.71296,9.76586
016195,Schilpario,BG,Lombardia,875,2638,0,46.02436,10.17288
016196,Sedrina,BG,Lombardia,278,871,0,45.77505,9.62958
016197,Selvino,BG,Lombardia,549,1194,0,45.78394,9.74948
016198,Seriate,BG,Lombardia,195,281,23552,45.6721,9.73277
016199,Serina,BG,Lombardia,583,2300,0,45.88603,9.73467
016200,Solto Collina,BG,Lombardia,184,1236,0,45.78462,10.02456
016201,Songavazzo,BG,Lombardia,570,1638,0,45.87258,10.04102
016202,Sorisole,BG,Lombardia,289,1125,0,45.75115,9.65227
016203,Sotto il Monte Giovanni XXIII,BG,Lombardia,242,624,0,45.70698,9.50781
016204,Sovere,BG,Lombardia,255,1358,0,45.82328,10.0138
016205,Spinone al Lago,BG,Lombardia,333,550,0,45.76493,9.91868
016206,Spirano,BG,Lombardia,138,172,0,45.58153,9.66804
016207,Stezzano,BG,Lombardia,188,218,0,45.64473,9.65148
016208,Strozza,BG,Lombardia,273,900,0,45.77142,9.58088
016209,Suisio,BG,Lombardia,148,245,0,45.65652,9.50445
016210,Taleggio,BG,Lombardia,515,1965,0,45.90139,9.57699
016211,Tavernola Bergamasca,BG,Lombardia,69,956,0,45.70332,10.0455
016212,Telgate,BG,Lombardia,169,202,0,45.61902,9.84877
016213,Terno d'Isola,BG,Lombardia,224,254,0,45.68556,9.52648
016214,Torre Boldone,BG,Lombardia,271,716,0,45.72216,9.70191
016215,Torre de' Busi,BG,Lombardia,,,0,45.78058,9.48499
016216,Torre de' Roveri,BG,Lombardia,244,480,0,45.70102,9.77542
016217,Torre Pallavicina,BG,Lombardia,84,105,0,45.44825,9.86326
016218,Trescore Balneario,BG,Lombardia,233,850,0,45.69912,9.85127
016219,Treviglio,BG,Lombardia,114,151,24937,45.53059,9.59448
016220,Treviolo,BG,Lombardia,177,233,0,45.67082,9.60649
016221,Ubiale Clanezzo,BG,Lombardia,273,1032,0,45.7815,9.60704
016222,Urgnano,BG,Lombardia,156,194,0,45.6044,9.70731
016223,Valbondione,BG,Lombardia,744,3049,0,46.04434,10.00969
016224,Valbrembo,BG,Lombardia,222,290,0,45.71713,9.60575
016225,Valgoglio,BG,Lombardia,700,2622,0,45.98384,9.87904
016226,Valleve,BG,Lombardia,1072,2368,0,46.03636,9.71824
016227,Valnegra,BG,Lombardia,475,1351,0,45.95648,9.68486
016229,Valtorta,BG,Lombardia,688,2506,0,45.98177,9.53522
016230,Vedeseta,BG,Lombardia,617,2030,0,45.90776,9.5388
016232,Verdellino,BG,Lombardia,160,179,0,45.60272,9.61188
016233,Verdello,BG,Lombardia,153,181,0,45.60241,9.63524
016234,Vertova,BG,Lombardia,375,1867,0,45.8287,9.81379
016235,Viadanica,BG,Lombardia,238,979,0,45.69018,9.9739
016236,Vigano San Martino,BG,Lombardia,312,1075,0,45.73133,9.89006
016237,Vigolo,BG,Lombardia,434,1328,0,45.72082,10.00738
016238,Villa d'Adda,BG,Lombardia,192,632,0,45.71625,9.46392
016239,Villa d'Almè,BG,Lombardia,248,625,0,45.75335,9.62318
016240,Villa di Serio,BG,Lombardia,268,501,0,45.72401,9.74468
016241,Villa d'Ogna,BG,Lombardia,495,1599,0,45.90784,9.93285
016242,Villongo,BG,Lombardia,176,611,0,45.67413,9.92844
016243,Vilminore di Scalve,BG,Lombardia,765,2814,0,46.00752,10.07369
016244,Zandobbio,BG,Lombardia,241,700,0,45.68431,9.87647
016245,Zanica,BG,Lombardia,182,229,0,45.63248,9.69801
016246,Zogno,BG,Lombardia,278,1250,0,45.79439,9.68017
016247,Costa Serina,BG,Lombardia,432,1533,0,45.82447,9.74771
016248,Algua,BG,Lombardia,436,1136,0,45.81828,9.73063
016249,Cornalba,BG,Lombardia,634,1989,0,45.85508,9.759
016250,Medolago,BG,Lombardia,144,252,0,45.67136,9.49911
016251,Solza,BG,Lombardia,199,255,0,45.67782,9.48789
016252,Sant'Omobono Terme,BG,Lombardia,,,0,45.81768,9.51495
016253,Val Brembilla,BG,Lombardia,,,0,45.82938,9.59887
017001,Acquafredda,BS,Lombardia,47,60,0,45.30656,10.40834
017002,Adro,BS,Lombardia,198,656,0,45.61968,9.96631
017003,Agnosine,BS,Lombardia,288,987,0,45.64291,10.34962
017004,Alfianello,BS,Lombardia,38,57,0,45.26647,10.14977
017005,Anfo,BS,Lombardia,359,1800,0,45.78456,10.48162
017006,Angolo Terme,BS,Lombardia,275,1880,0,45.90696,10.13229
017007,Artogne,BS,Lombardia,200,2056,0,45.83876,10.19709
017008,Azzano Mella,BS,Lombardia,84,106,0,45.46481,10.11262
017009,Bagnolo Mella,BS,Lombardia,72,105,0,45.42158,10.18351
017010,Bagolino,BS,Lombardia,367,2555,0,45.85546,10.45384
017011,Barbariga,BS,Lombardia,74,89,0,45.40714,10.04652
017012,Barghe,BS,Lombardia,267,707,0,45.68225,10.40647
017013,Bassano Bresciano,BS,Lombardia,59,67,0,45.32426,10.12871
017014,Bedizzole,BS,Lombardia,133,214,0,45.50006,10.42078
017015,Berlingo,BS,Lombardia,117,135,0,45.50597,10.03392
017016,Berzo Demo,BS,Lombardia,485,2450,0,46.10314,10.34324
017017,Berzo Inferiore,BS,Lombardia,272,2159,0,45.89764,10.29562
017018,Bienno,BS,Lombardia,369,2207,0,45.90296,10.35356
017019,Bione,BS,Lombardia,344,1257,0,45.67529,10.33829
017020,Borgo San Giacomo,BS,Lombardia,48,80,0,45.34585,9.97866
017021,Borgosatollo,BS,Lombardia,104,119,0,45.47835,10.23911
017022,Borno,BS,Lombardia,611,2476,0,45.95567,10.17916
017023,Botticino,BS,Lombardia,116,914,0,45.55002,10.31404
017024,Bovegno,BS,Lombardia,524,2210,0,45.81358,10.27652
017025,Bovezzo,BS,Lombardia,166,1006,0,45.60093,10.24987
017026,Brandico,BS,Lombardia,91,107,0,45.4537,10.04301
017027,Braone,BS,Lombardia,314,2674,0,45.97316,10.3862
017028,Breno,BS,Lombardia,272,2836,0,45.93988,10.40396
017029,Brescia,BS,Lombardia,101,863,200423,45.53257,10.22595
017030,Brione,BS,Lombardia,334,1033,0,45.64379,10.15397
017031,Caino,BS,Lombardia,300,1200,0,45.61716,10.32546
017032,Calcinato,BS,Lombardia,109,177,0,45.45812,10.4031
017033,Calvagese della Riviera,BS,Lombardia,159,307,0,45.52851,10.4579
017034,Calvisano,BS,Lombardia,57,88,0,45.35253,10.3503
017035,Capo di Ponte,BS,Lombardia,349,2207,0,46.04507,10.31163
017036,Capovalle,BS,Lombardia,500,1517,0,45.74533,10.53866
017037,Capriano del Colle,BS,Lombardia,79,131,0,45.4521,10.13771
017038,Capriolo,BS,Lombardia,155,606,0,45.63536,9.9323
017039,Carpenedolo,BS,Lombardia,56,122,0,45.34922,10.4353
017040,Castegnato,BS,Lombardia,122,158,0,45.5578,10.11316
017041,Castelcovati,BS,Lombardia,112,128,0,45.49731,9.94512
017042,Castel Mella,BS,Lombardia,100,120,0,45.50003,10.14348
017043,Castenedolo,BS,Lombardia,107,163,0,45.46725,10.29528
017044,Casto,BS,Lombardia,324,1436,0,45.69017,10.29967
017045,Castrezzato,BS,Lombardia,114,140,0,45.50901,9.98147
017046,Cazzago San Martino,BS,Lombardia,133,296,0,45.57535,10.03539
017047,Cedegolo,BS,Lombardia,390,2408,0,46.06144,10.38308
017048,Cellatica,BS,Lombardia,129,479,0,45.57838,10.17834
017049,Cerveno,BS,Lombardia,322,2527,0,46.01394,10.28535
017050,Ceto,BS,Lombardia,323,2766,0,45.99394,10.41146
017051,Cevo,BS,Lombardia,488,2887,0,46.06771,10.43042
017052,Chiari,BS,Lombardia,116,166,15541,45.53319,9.91809
017053,Cigole,BS,Lombardia,48,61,0,45.31195,10.18465
017054,Cimbergo,BS,Lombardia,489,2881,0,46.02295,10.40772
017055,Cividate Camuno,BS,Lombardia,230,475,0,45.93909,10.26661
017056,Coccaglio,BS,Lombardia,123,375,0,45.55479,9.96792
017057,Collebeato,BS,Lombardia,137,472,0,45.58486,10.20794
017058,Collio,BS,Lombardia,679,2215,0,45.82431,10.35209
017059,Cologne,BS,Lombardia,146,452,0,45.57717,9.93142
017060,Comezzano-Cizzago,BS,Lombardia,94,118,0,45.46919,9.95378
017061,Concesio,BS,Lombardia,133,1155,0,45.61134,10.21471
017062,Corte Franca,BS,Lombardia,153,630,0,45.63094,10.00215
017063,Corteno Golgi,BS,Lombardia,698,2729,0,46.13933,10.22031
017064,Corzano,BS,Lombardia,81,104,0,45.4392,10.01708
017065,Darfo Boario Terme,BS,Lombardia,167,1889,0,45.88693,10.19785
017066,Dello,BS,Lombardia,70,92,0,45.41635,10.09971
017067,Desenzano del Garda,BS,Lombardia,44,158,22665,45.45376,10.56395
017068,Edolo,BS,Lombardia,615,3539,0,46.18224,10.38137
017069,Erbusco,BS,Lombardia,174,450,0,45.59419,9.96766
017070,Esine,BS,Lombardia,207,2207,0,45.89075,10.25809
017071,Fiesse,BS,Lombardia,35,47,0,45.2285,10.33412
017072,Flero,BS,Lombardia,92,108,0,45.48073,10.17219
017073,Gambara,BS,Lombardia,37,53,0,45.25781,10.30749
017074,Gardone Riviera,BS,Lombardia,65,1287,0,45.63684,10.56649
017075,Gardone Val Trompia,BS,Lombardia,256,1412,0,45.70249,10.17718
017076,Gargnano,BS,Lombardia,65,1496,0,45.70537,10.64198
017077,Gavardo,BS,Lombardia,177,936,0,45.59015,10.44089
017078,Ghedi,BS,Lombardia,59,114,16351,45.39997,10.27875
017079,Gianico,BS,Lombardia,179,2011,0,45.85586,10.22075
017080,Gottolengo,BS,Lombardia,45,65,0,45.30462,10.27222
017081,Gussago,BS,Lombardia,126,875,0,45.59037,10.15127
017082,Idro,BS,Lombardia,344,1175,0,45.75597,10.49769
017083,Incudine,BS,Lombardia,850,2888,0,46.22818,10.36504
017084,Irma,BS,Lombardia,617,1525,0,45.7746,10.29924
017085,Iseo,BS,Lombardia,90,983,0,45.66292,10.0422
017086,Isorella,BS,Lombardia,47,60,0,45.30735,10.31606
017087,Lavenone,BS,Lombardia,322,1983,0,45.76502,10.42862
017088,Leno,BS,Lombardia,51,79,0,45.36097,10.21814
017089,Limone sul Garda,BS,Lombardia,65,1600,0,45.82032,10.79457
017090,Lodrino,BS,Lombardia,425,1453,0,45.71426,10.27033
017091,Lograto,BS,Lombardia,102,123,0,45.48778,10.06903
017092,Lonato del Garda,BS,Lombardia,65,281,0,45.44265,10.49992
017093,Longhena,BS,Lombardia,88,97,0,45.43498,10.06039
017094,Losine,BS,Lombardia,285,1150,0,45.97946,10.30795
017095,Lozio,BS,Lombardia,505,2531,0,45.99609,10.24862
017096,Lumezzane,BS,Lombardia,309,1336,23712,45.64869,10.26955
017097,Maclodio,BS,Lombardia,103,122,0,45.48009,10.04077
017098,Magasa,BS,Lombardia,618,1976,0,45.7828,10.63369
017099,Mairano,BS,Lombardia,85,109,0,45.45525,10.08309
017100,Malegno,BS,Lombardia,243,1151,0,45.95993,10.27067
017101,Malonno,BS,Lombardia,500,2516,0,46.12167,10.29861
017102,Manerba del Garda,BS,Lombardia,51,208,0,45.5527,10.58249
017103,Manerbio,BS,Lombardia,55,73,0,45.35259,10.14664
017104,Marcheno,BS,Lombardia,344,1890,0,45.71001,10.22191
017105,Marmentino,BS,Lombardia,521,1753,0,45.75178,10.28911
017106,Marone,BS,Lombardia,174,1526,0,45.74649,10.09744
017107,Mazzano,BS,Lombardia,130,504,0,45.49936,10.35421
017108,Milzano,BS,Lombardia,37,55,0,45.27493,10.19293
017109,Moniga del Garda,BS,Lombardia,65,155,0,45.52565,10.5746
017110,Monno,BS,Lombardia,783,2904,0,46.23468,10.3223
017111,Monte Isola,BS,Lombardia,169,599,0,45.70905,10.08005
017112,Monticelli Brusati,BS,Lombardia,184,728,0,45.63491,10.09739
017113,Montichiari,BS,Lombardia,71,148,15030,45.41118,10.38191
017114,Montirone,BS,Lombardia,89,112,0,45.44585,10.23264
017115,Mura,BS,Lombardia,320,1382,0,45.71503,10.34159
017116,Muscoline,BS,Lombardia,178,356,0,45.55793,10.46723
017117,Nave,BS,Lombardia,179,1153,0,45.58985,10.28779
017118,Niardo,BS,Lombardia,293,2658,0,45.95902,10.36542
017119,Nuvolento,BS,Lombardia,159,457,0,45.54164,10.38745
017120,Nuvolera,BS,Lombardia,153,661,0,45.53415,10.36594
017121,Odolo,BS,Lombardia,314,714,0,45.63921,10.38787
017122,Offlaga,BS,Lombardia,63,79,0,45.38258,10.1105
017123,Ome,BS,Lombardia,192,736,0,45.62983,10.12414
017124,Ono San Pietro,BS,Lombardia,344,2161,0,46.03262,10.29407
017125,Orzinuovi,BS,Lombardia,64,92,0,45.39785,9.93638
017126,Orzivecchi,BS,Lombardia,82,99,0,45.42169,9.96419
017127,Ospitaletto,BS,Lombardia,130,169,0,45.55141,10.07546
017128,Ossimo,BS,Lombardia,247,2383,0,45.96578,10.23044
017129,Padenghe sul Garda,BS,Lombardia,65,279,0,45.5083,10.54596
017130,Paderno Franciacorta,BS,Lombardia,155,200,0,45.58261,10.08417
017131,Paisco Loveno,BS,Lombardia,519,2715,0,46.07379,10.23576
017132,Paitone,BS,Lombardia,176,864,0,45.56876,10.39705
017133,Palazzolo sull'Oglio,BS,Lombardia,148,208,17973,45.59267,9.89027
017134,Paratico,BS,Lombardia,181,593,0,45.65626,9.95757
017135,Paspardo,BS,Lombardia,412,2356,0,46.04305,10.38207
017136,Passirano,BS,Lombardia,155,334,0,45.59841,10.06175
017137,Pavone del Mella,BS,Lombardia,43,58,0,45.30253,10.21911
017138,San Paolo,BS,Lombardia,69,81,0,45.37454,10.02839
017139,Pertica Alta,BS,Lombardia,396,1632,0,45.74154,10.34222
017140,Pertica Bassa,BS,Lombardia,363,1979,0,45.76037,10.3774
017141,Pezzaze,BS,Lombardia,475,1852,0,45.78052,10.22388
017142,Pian Camuno,BS,Lombardia,191,1826,0,45.83052,10.16145
017143,Pisogne,BS,Lombardia,169,1954,0,45.79689,10.13767
017144,Polaveno,BS,Lombardia,355,1000,0,45.66359,10.13637
017145,Polpenazze del Garda,BS,Lombardia,104,333,0,45.54617,10.50056
017146,Pompiano,BS,Lombardia,77,100,0,45.41927,9.99413
017147,Poncarale,BS,Lombardia,85,123,0,45.45819,10.18288
017148,Ponte di Legno,BS,Lombardia,1194,3325,0,46.27871,10.52417
017149,Pontevico,BS,Lombardia,39,62,0,45.28039,10.10185
017150,Pontoglio,BS,Lombardia,130,169,0,45.56255,9.85714
017151,Pozzolengo,BS,Lombardia,70,142,0,45.40969,10.62271
017152,Pralboino,BS,Lombardia,35,53,0,45.26435,10.23272
017153,Preseglie,BS,Lombardia,234,861,0,45.66836,10.38526
017155,Prevalle,BS,Lombardia,154,385,0,45.54437,10.42069
017156,Provaglio d'Iseo,BS,Lombardia,117,662,0,45.63248,10.05356
017157,Provaglio Val Sabbia,BS,Lombardia,302,1115,0,45.68695,10.44446
017158,Puegnago del Garda,BS,Lombardia,125,358,0,45.57104,10.51079
017159,Quinzano d'Oglio,BS,Lombardia,45,70,0,45.31204,10.00578
017160,Remedello,BS,Lombardia,41,54,0,45.27444,10.36907
017161,Rezzato,BS,Lombardia,124,482,0,45.50755,10.31731
017162,Roccafranca,BS,Lombardia,82,116,0,45.45491,9.91734
017163,Rodengo Saiano,BS,Lombardia,137,577,0,45.59323,10.111
017164,Roè Volciano,BS,Lombardia,100,675,0,45.61758,10.49713
017165,Roncadelle,BS,Lombardia,112,141,0,45.53495,10.14314
017166,Rovato,BS,Lombardia,133,307,0,45.54522,10.01046
017167,Rudiano,BS,Lombardia,94,125,0,45.48783,9.89355
017168,Sabbio Chiese,BS,Lombardia,236,736,0,45.64424,10.43184
017169,Sale Marasino,BS,Lombardia,178,1390,0,45.71107,10.12802
017170,Salò,BS,Lombardia,29,910,0,45.60797,10.54106
017171,San Felice del Benaco,BS,Lombardia,63,182,0,45.58649,10.58053
017172,San Gervasio Bresciano,BS,Lombardia,54,62,0,45.30004,10.15292
017173,San Zeno Naviglio,BS,Lombardia,100,117,0,45.48658,10.21495
017174,Sarezzo,BS,Lombardia,220,1322,0,45.66503,10.20257
017175,Saviore dell'Adamello,BS,Lombardia,858,3533,0,46.11584,10.48661
017176,Sellero,BS,Lombardia,374,2130,0,46.06553,10.32625
017177,Seniga,BS,Lombardia,36,52,0,45.24579,10.18885
017178,Serle,BS,Lombardia,220,1157,0,45.57865,10.35863
017179,Sirmione,BS,Lombardia,65,103,0,45.47856,10.61597
017180,Soiano del Lago,BS,Lombardia,121,287,0,45.53132,10.50667
017181,Sonico,BS,Lombardia,521,3367,0,46.1421,10.40665
017182,Sulzano,BS,Lombardia,172,1115,0,45.68082,10.10902
017183,Tavernole sul Mella,BS,Lombardia,406,1947,0,45.75083,10.21319
017184,Temù,BS,Lombardia,1082,3211,0,46.25302,10.48113
017185,Tignale,BS,Lombardia,65,1525,0,45.74657,10.70376
017186,Torbole Casaglia,BS,Lombardia,100,125,0,45.50713,10.11351
017187,Toscolano-Maderno,BS,Lombardia,65,1579,0,45.65687,10.60845
017188,Travagliato,BS,Lombardia,110,144,0,45.52212,10.07748
017189,Tremosine sul Garda,BS,Lombardia,65,1965,0,45.79836,10.72552
017190,Trenzano,BS,Lombardia,98,134,0,45.47869,10.00328
017191,Treviso Bresciano,BS,Lombardia,367,1179,0,45.71272,10.46911
017192,Urago d'Oglio,BS,Lombardia,106,147,0,45.5194,9.87239
017193,Vallio Terme,BS,Lombardia,247,970,0,45.61177,10.38816
017194,Valvestino,BS,Lombardia,494,1750,0,45.7621,10.59202
017195,Verolanuova,BS,Lombardia,58,74,0,45.33743,10.07912
017196,Verolavecchia,BS,Lombardia,43,70,0,45.31452,10.04811
017197,Vestone,BS,Lombardia,287,919,0,45.70969,10.40129
017198,Vezza d'Oglio,BS,Lombardia,948,3175,0,46.26775,10.39638
017199,Villa Carcina,BS,Lombardia,193,1156,0,45.63635,10.1915
017200,Villachiara,BS,Lombardia,52,77,0,45.3544,9.91763
017201,Villanuova sul Clisi,BS,Lombardia,169,975,0,45.61076,10.46396
017202,Vione,BS,Lombardia,1027,3163,0,46.26097,10.4406
017203,Visano,BS,Lombardia,51,63,0,45.31234,10.36664
017204,Vobarno,BS,Lombardia,201,1506,0,45.67129,10.50121
017205,Zone,BS,Lombardia,396,1951,0,45.75887,10.13181
017206,Piancogno,BS,Lombardia,223,1550,0,45.93053,10.19706
018001,Alagna,PV,Lombardia,90,94,0,45.16656,8.89162
018003,Albonese,PV,Lombardia,113,115,0,45.28967,8.707
018004,Albuzzano,PV,Lombardia,69,79,0,45.18847,9.27068
018005,Arena Po,PV,Lombardia,56,104,0,45.08417,9.37745
018006,Badia Pavese,PV,Lombardia,53,58,0,45.12375,9.45679
018007,Bagnaria,PV,Lombardia,281,732,0,44.82561,9.13234
018008,Barbianello,PV,Lombardia,61,74,0,45.07634,9.20312
018009,Bascapè,PV,Lombardia,79,90,0,45.30324,9.3202
018011,Bastida Pancarana,PV,Lombardia,60,71,0,45.09702,9.08858
018012,Battuda,PV,Lombardia,87,100,0,45.27435,9.06397
018013,Belgioioso,PV,Lombardia,56,77,0,45.14696,9.30471
018014,Bereguardo,PV,Lombardia,65,102,0,45.2527,9.01428
018015,Borgarello,PV,Lombardia,86,96,0,45.24075,9.14883
018016,Borgo Priolo,PV,Lombardia,99,481,0,44.95514,9.145
018017,Borgoratto Mormorolo,PV,Lombardia,190,551,0,44.94157,9.20048
018018,Borgo San Siro,PV,Lombardia,67,101,0,45.24418,8.92564
018019,Bornasco,PV,Lombardia,79,91,0,45.26653,9.21252
018020,Bosnasco,PV,Lombardia,82,187,0,45.05765,9.36584
018021,Brallo di Pregola,PV,Lombardia,357,1714,0,44.7208,9.28095
018022,Breme,PV,Lombardia,96,103,0,45.13301,8.62228
018023,Bressana Bottarone,PV,Lombardia,55,74,0,45.08178,9.12886
018024,Broni,PV,Lombardia,61,263,0,45.07061,9.25013
018025,Calvignano,PV,Lombardia,122,433,0,44.98366,9.16469
018026,Campospinoso Albaredo,PV,Lombardia,62,70,0,45.10867,9.24395
018027,Candia Lomellina,PV,Lombardia,97,105,0,45.17543,8.58611
018029,Canneto Pavese,PV,Lombardia,97,314,0,45.04731,9.28421
018030,Carbonara al Ticino,PV,Lombardia,61,88,0,45.17673,9.08029
018031,Casanova Lonati,PV,Lombardia,61,68,0,45.09464,9.21315
018032,Casatisma,PV,Lombardia,60,81,0,45.05325,9.12259
018033,Casei Gerola,PV,Lombardia,70,91,0,45.01186,8.93271
018034,Casorate Primo,PV,Lombardia,99,108,0,45.30649,9.01311
018035,Cassolnovo,PV,Lombardia,88,124,0,45.3684,8.80283
018036,Castana,PV,Lombardia,107,337,0,45.02382,9.27764
018037,Casteggio,PV,Lombardia,78,376,0,45.00928,9.13186
018038,Castelletto di Branduzzo,PV,Lombardia,61,75,0,45.06623,9.09105
018039,Castello d'Agogna,PV,Lombardia,105,111,0,45.23084,8.6868
018040,Castelnovetto,PV,Lombardia,105,116,0,45.25816,8.62478
018041,Cava Manara,PV,Lombardia,61,85,0,45.12715,9.11935
018042,Cecima,PV,Lombardia,218,734,0,44.8454,9.07398
018043,Ceranova,PV,Lombardia,81,86,0,45.25651,9.24706
018044,Ceretto Lomellina,PV,Lombardia,108,113,0,45.2507,8.67009
018045,Cergnago,PV,Lombardia,100,106,0,45.19855,8.76417
018046,Certosa di Pavia,PV,Lombardia,88,95,0,45.25034,9.12361
018047,Cervesina,PV,Lombardia,67,76,0,45.06533,9.01062
018048,Chignolo Po,PV,Lombardia,52,85,0,45.14706,9.49983
018049,Cigognola,PV,Lombardia,77,325,0,45.03822,9.24732
018050,Cilavegna,PV,Lombardia,108,119,0,45.3064,8.74828
018051,Codevilla,PV,Lombardia,90,457,0,44.9642,9.06116
018052,Confienza,PV,Lombardia,119,130,0,45.3346,8.57559
018053,Copiano,PV,Lombardia,67,79,0,45.19557,9.33149
018054,Corana,PV,Lombardia,67,75,0,45.06712,8.97164
018057,Corvino San Quirico,PV,Lombardia,80,263,0,45.01691,9.15557
018058,Costa de' Nobili,PV,Lombardia,55,71,0,45.134,9.38999
018059,Cozzo,PV,Lombardia,102,110,0,45.20739,8.61698
018060,Cura Carpignano,PV,Lombardia,68,82,0,45.20641,9.24889
018061,Dorno,PV,Lombardia,70,92,0,45.14867,8.95264
018062,Ferrera Erbognone,PV,Lombardia,73,92,0,45.10328,8.85824
018063,Filighera,PV,Lombardia,63,77,0,45.17774,9.3148
018064,Fortunago,PV,Lombardia,269,559,0,44.9127,9.18281
018065,Frascarolo,PV,Lombardia,81,98,0,45.04544,8.68651
018066,Galliavola,PV,Lombardia,75,90,0,45.0947,8.81991
018067,Gambarana,PV,Lombardia,75,85,0,45.03978,8.76632
018068,Gambolò,PV,Lombardia,70,108,0,45.25839,8.86229
018069,Garlasco,PV,Lombardia,68,100,0,45.20383,8.93278
018071,Gerenzago,PV,Lombardia,72,79,0,45.19957,9.36301
018072,Giussago,PV,Lombardia,86,98,0,45.2808,9.15124
018073,Godiasco Salice Terme,PV,Lombardia,166,626,0,44.88911,9.06638
018074,Golferenzo,PV,Lombardia,223,604,0,44.96026,9.30627
018075,Gravellona Lomellina,PV,Lombardia,108,122,0,45.33646,8.77529
018076,Gropello Cairoli,PV,Lombardia,66,94,0,45.1739,8.99699
018077,Inverno e Monteleone,PV,Lombardia,71,102,0,45.19377,9.39631
018078,Landriano,PV,Lombardia,81,92,0,45.30991,9.27113
018079,Langosco,PV,Lombardia,103,113,0,45.21786,8.55791
018080,Lardirago,PV,Lombardia,75,85,0,45.23931,9.24673
018081,Linarolo,PV,Lombardia,60,77,0,45.15019,9.25414
018082,Lirio,PV,Lombardia,147,338,0,44.99829,9.25765
018083,Lomello,PV,Lombardia,85,96,0,45.12197,8.78586
018084,Lungavilla,PV,Lombardia,73,82,0,45.03628,9.08136
018085,Magherno,PV,Lombardia,73,77,0,45.21992,9.33238
018086,Marcignago,PV,Lombardia,86,98,0,45.24742,9.08516
018087,Marzano,PV,Lombardia,72,83,0,45.24846,9.29013
018088,Mede,PV,Lombardia,81,99,0,45.09504,8.73831
018089,Menconico,PV,Lombardia,491,1459,0,44.80006,9.2769
018090,Mezzana Bigli,PV,Lombardia,68,89,0,45.06514,8.88458
018091,Mezzana Rabattone,PV,Lombardia,64,70,0,45.09833,9.03732
018092,Mezzanino,PV,Lombardia,60,69,0,45.12753,9.20698
018093,Miradolo Terme,PV,Lombardia,65,147,0,45.1743,9.44405
018094,Montalto Pavese,PV,Lombardia,167,466,0,44.97682,9.21822
018095,Montebello della Battaglia,PV,Lombardia,76,234,0,45.0039,9.09482
018096,Montecalvo Versiggia,PV,Lombardia,171,479,0,44.97763,9.27553
018097,Montescano,PV,Lombardia,120,317,0,45.0287,9.29164
018098,Montesegale,PV,Lombardia,216,555,0,44.9042,9.12769
018099,Monticelli Pavese,PV,Lombardia,51,56,0,45.11117,9.51667
018100,Montù Beccaria,PV,Lombardia,94,309,0,45.03051,9.3205
018101,Mornico Losana,PV,Lombardia,120,404,0,45.00687,9.21076
018102,Mortara,PV,Lombardia,104,114,0,45.25014,8.74813
018103,Nicorvo,PV,Lombardia,112,116,0,45.28373,8.66962
018104,Olevano di Lomellina,PV,Lombardia,104,108,0,45.2082,8.72212
018105,Oliva Gessi,PV,Lombardia,120,282,0,45.00107,9.18328
018106,Ottobiano,PV,Lombardia,89,101,0,45.15361,8.82873
018107,Palestro,PV,Lombardia,110,126,0,45.294,8.53554
018108,Pancarana,PV,Lombardia,67,72,0,45.07504,9.04857
018109,Parona,PV,Lombardia,108,114,0,45.28333,8.76141
018110,Pavia,PV,Lombardia,59,98,65734,45.19762,9.16476
018111,Pietra de' Giorgi,PV,Lombardia,93,399,0,45.01645,9.24071
018112,Pieve Albignola,PV,Lombardia,66,87,0,45.10415,8.96577
018113,Pieve del Cairo,PV,Lombardia,73,90,0,45.05867,8.80856
018114,Pieve Porto Morone,PV,Lombardia,51,66,0,45.10766,9.44944
018115,Pinarolo Po,PV,Lombardia,61,73,0,45.08082,9.17078
018116,Pizzale,PV,Lombardia,69,81,0,45.04372,9.05606
018117,Ponte Nizza,PV,Lombardia,261,758,0,44.85484,9.11594
018118,Portalbera,PV,Lombardia,58,71,0,45.09687,9.31922
018119,Rea,PV,Lombardia,61,69,0,45.11568,9.15501
018120,Redavalle,PV,Lombardia,66,226,0,45.04664,9.20663
018121,Retorbido,PV,Lombardia,113,529,0,44.94775,9.0442
018122,Rivanazzano Terme,PV,Lombardia,109,552,0,44.93146,9.01819
018123,Robbio,PV,Lombardia,114,125,0,45.30085,8.61115
018124,Robecco Pavese,PV,Lombardia,67,83,0,45.04899,9.14974
018125,Rocca de' Giorgi,PV,Lombardia,215,510,0,44.95545,9.25346
018126,Rocca Susella,PV,Lombardia,187,588,0,44.91737,9.09543
018127,Rognano,PV,Lombardia,94,103,0,45.29565,9.08717
018128,Romagnese,PV,Lombardia,469,1260,0,44.83417,9.32448
018129,Roncaro,PV,Lombardia,74,83,0,45.2287,9.2707
018130,Rosasco,PV,Lombardia,106,116,0,45.25282,8.56678
018131,Rovescala,PV,Lombardia,131,329,0,45.00897,9.34851
018133,San Cipriano Po,PV,Lombardia,57,66,0,45.11341,9.28565
018134,San Damiano al Colle,PV,Lombardia,94,261,0,45.03167,9.35398
018135,San Genesio ed Uniti,PV,Lombardia,82,89,0,45.23769,9.1895
018136,San Giorgio di Lomellina,PV,Lombardia,94,105,0,45.17436,8.78432
018137,San Martino Siccomario,PV,Lombardia,60,85,0,45.15915,9.11748
018138,Sannazzaro de' Burgondi,PV,Lombardia,68,89,0,45.09707,8.91279
018139,Santa Cristina e Bissone,PV,Lombardia,53,76,0,45.15559,9.41911
018140,Santa Giuletta,PV,Lombardia,58,351,0,45.03722,9.18628
018141,Sant'Alessio con Vialone,PV,Lombardia,73,85,0,45.22426,9.22851
018142,Santa Margherita di Staffora,PV,Lombardia,510,1691,0,44.74301,9.23382
018143,Santa Maria della Versa,PV,Lombardia,147,527,0,44.98828,9.30895
018144,Sant'Angelo Lomellina,PV,Lombardia,106,113,0,45.23832,8.6449
018145,San Zenone al Po,PV,Lombardia,56,63,0,45.11192,9.37083
018146,Sartirana Lomellina,PV,Lombardia,90,102,0,45.10718,8.66455
018147,Scaldasole,PV,Lombardia,85,93,0,45.13158,8.90238
018148,Semiana,PV,Lombardia,92,100,0,45.13809,8.72661
018149,Silvano Pietra,PV,Lombardia,68,77,0,45.04764,8.94779
018150,Siziano,PV,Lombardia,87,95,0,45.31196,9.2108
018151,Sommo,PV,Lombardia,61,85,0,45.1227,9.07919
018152,Spessa,PV,Lombardia,57,71,0,45.1187,9.33393
018153,Stradella,PV,Lombardia,60,288,0,45.07594,9.30519
018154,Suardi,PV,Lombardia,78,88,0,45.02835,8.74309
018155,Torrazza Coste,PV,Lombardia,90,553,0,44.96103,9.09235
018156,Torre Beretti e Castellaro,PV,Lombardia,83,98,0,45.07268,8.68642
018157,Torre d'Arese,PV,Lombardia,73,79,0,45.23679,9.31761
018158,Torre de' Negri,PV,Lombardia,59,76,0,45.14614,9.33857
018159,Torre d'Isola,PV,Lombardia,62,95,0,45.22421,9.07045
018160,Torrevecchia Pia,PV,Lombardia,76,88,0,45.27636,9.29359
018161,Torricella Verzate,PV,Lombardia,78,232,0,45.02295,9.16934
018162,Travacò Siccomario,PV,Lombardia,59,66,0,45.14914,9.17365
018163,Trivolzio,PV,Lombardia,93,97,0,45.26156,9.04707
018164,Tromello,PV,Lombardia,93,105,0,45.20822,8.85295
018165,Trovo,PV,Lombardia,92,105,0,45.28837,9.04076
018166,Val di Nizza,PV,Lombardia,343,858,0,44.87249,9.18382
018167,Valeggio,PV,Lombardia,90,94,0,45.14948,8.86871
018168,Valle Lomellina,PV,Lombardia,97,104,0,45.15684,8.67256
018169,Valle Salimbene,PV,Lombardia,61,78,0,45.16551,9.23168
018171,Varzi,PV,Lombardia,346,1382,0,44.8128,9.20554
018172,Velezzo Lomellina,PV,Lombardia,92,104,0,45.15931,8.73799
018173,Vellezzo Bellini,PV,Lombardia,91,98,0,45.2735,9.10364
018174,Verretto,PV,Lombardia,74,81,0,45.04122,9.1082
018175,Verrua Po,PV,Lombardia,61,69,0,45.11115,9.17531
018176,Vidigulfo,PV,Lombardia,80,91,0,45.28892,9.23837
018177,Vigevano,PV,Lombardia,70,117,57970,45.30773,8.86814
018178,Villa Biscossi,PV,Lombardia,85,92,0,45.08644,8.78678
018179,Villanova d'Ardenghi,PV,Lombardia,66,88,0,45.16512,9.03958
018180,Villanterio,PV,Lombardia,73,80,0,45.22579,9.36406
018181,Vistarino,PV,Lombardia,69,80,0,45.20992,9.30648
018182,Voghera,PV,Lombardia,71,125,38464,45.00841,9.01352
018183,Volpara,PV,Lombardia,284,655,0,44.94695,9.30438
018184,Zavattarello,PV,Lombardia,358,1178,0,44.86668,9.27704
018185,Zeccone,PV,Lombardia,85,88,0,45.2599,9.18978
018186,Zeme,PV,Lombardia,100,108,0,45.19317,8.67489
018187,Zenevredo,PV,Lombardia,88,204,0,45.05619,9.33811
018188,Zerbo,PV,Lombardia,55,68,0,45.10683,9.40073
018189,Zerbolò,PV,Lombardia,60,76,0,45.21327,9.01911
018190,Zinasco,PV,Lombardia,66,90,0,45.12,9.02431
018191,Cornale e Bastida,PV,Lombardia,,,0,45.04629,8.91447
018192,Corteolona e Genzone,PV,Lombardia,,,0,45.16698,9.3644
018193,Colli Verdi,PV,Lombardia,,,0,44.90485,9.24937
019001,Acquanegra Cremonese,CR,Lombardia,38,54,0,45.17495,9.89092
019002,Agnadello,CR,Lombardia,89,102,0,45.44291,9.55912
019003,Annicco,CR,Lombardia,57,66,0,45.25251,9.88269
019004,Azzanello,CR,Lombardia,48,71,0,45.31282,9.91871
019005,Bagnolo Cremasco,CR,Lombardia,68,84,0,45.36536,9.61336
019006,Bonemerse,CR,Lombardia,35,40,0,45.10811,10.09073
019007,Bordolano,CR,Lombardia,45,64,0,45.28926,9.97822
019009,Calvatone,CR,Lombardia,21,32,0,45.1306,10.45176
019010,Camisano,CR,Lombardia,90,102,0,45.44515,9.7481
019011,Campagnola Cremasca,CR,Lombardia,80,87,0,45.40058,9.67237
019012,Capergnanica,CR,Lombardia,63,79,0,45.33354,9.64338
019013,Cappella Cantone,CR,Lombardia,48,66,0,45.24525,9.83433
019014,Cappella de' Picenardi,CR,Lombardia,36,42,0,45.14505,10.2327
019015,Capralba,CR,Lombardia,83,99,0,45.43565,9.64269
019016,Casalbuttano ed Uniti,CR,Lombardia,52,64,0,45.24977,9.96341
019017,Casale Cremasco-Vidolasco,CR,Lombardia,86,102,0,45.44075,9.71765
019018,Casaletto Ceredano,CR,Lombardia,58,77,0,45.31312,9.62128
019019,Casaletto di Sopra,CR,Lombardia,85,94,0,45.41557,9.79142
019020,Casaletto Vaprio,CR,Lombardia,82,91,0,45.40998,9.64217
019021,Casalmaggiore,CR,Lombardia,17,36,0,44.98695,10.45432
019022,Casalmorano,CR,Lombardia,63,70,0,45.28802,9.90556
019023,Casteldidone,CR,Lombardia,24,29,0,45.06519,10.402
019024,Castel Gabbiano,CR,Lombardia,95,104,0,45.4695,9.71737
019025,Castelleone,CR,Lombardia,54,76,0,45.29163,9.77185
019026,Castelverde,CR,Lombardia,46,56,0,45.19976,9.98961
019027,Castelvisconti,CR,Lombardia,48,67,0,45.30129,9.94785
019028,Cella Dati,CR,Lombardia,30,35,0,45.08629,10.21439
019029,Chieve,CR,Lombardia,66,78,0,45.33796,9.61283
019030,Cicognolo,CR,Lombardia,39,44,0,45.1637,10.20329
019031,Cingia de' Botti,CR,Lombardia,28,33,0,45.08025,10.26847
019032,Corte de' Cortesi con Cignone,CR,Lombardia,44,62,0,45.26695,10.00493
019033,Corte de' Frati,CR,Lombardia,35,52,0,45.22702,10.1055
019034,Credera Rubbiano,CR,Lombardia,53,76,0,45.29815,9.65149
019035,Crema,CR,Lombardia,66,82,31481,45.36601,9.68291
019036,Cremona,CR,Lombardia,35,51,71223,45.14091,10.02962
019037,Cremosano,CR,Lombardia,78,89,0,45.38909,9.64568
019038,Crotta d'Adda,CR,Lombardia,39,54,0,45.15506,9.86689
019039,Cumignano sul Naviglio,CR,Lombardia,68,86,0,45.34945,9.83958
019040,Derovere,CR,Lombardia,31,37,0,45.11158,10.24471
019041,Dovera,CR,Lombardia,70,81,0,45.36602,9.53787
019043,Fiesco,CR,Lombardia,68,76,0,45.33468,9.77747
019044,Formigara,CR,Lombardia,43,65,0,45.23155,9.75661
019045,Gabbioneta-Binanuova,CR,Lombardia,36,47,0,45.21818,10.20453
019046,Gadesco-Pieve Delmona,CR,Lombardia,41,47,0,45.1638,10.1203
019047,Genivolta,CR,Lombardia,55,82,0,45.33884,9.8761
019048,Gerre de' Caprioli,CR,Lombardia,35,42,0,45.08864,10.03791
019049,Gombito,CR,Lombardia,45,67,0,45.25398,9.73601
019050,Grontardo,CR,Lombardia,44,49,0,45.20213,10.1427
019051,Grumello Cremonese ed Uniti,CR,Lombardia,44,60,0,45.20286,9.86293
019052,Gussola,CR,Lombardia,25,38,0,45.00859,10.34303
019053,Isola Dovarese,CR,Lombardia,28,39,0,45.16998,10.31165
019054,Izano,CR,Lombardia,71,81,0,45.35447,9.7526
019055,Madignano,CR,Lombardia,61,76,0,45.33715,9.72325
019056,Malagnino,CR,Lombardia,37,43,0,45.12989,10.11741
019057,Martignana di Po,CR,Lombardia,25,33,0,45.00562,10.37483
019058,Monte Cremasco,CR,Lombardia,75,87,0,45.37553,9.57004
019059,Montodine,CR,Lombardia,50,73,0,45.2778,9.69989
019060,Moscazzano,CR,Lombardia,53,75,0,45.29149,9.67911
019061,Motta Baluffi,CR,Lombardia,29,36,0,45.04919,10.23979
019062,Offanengo,CR,Lombardia,76,87,0,45.38604,9.74978
019063,Olmeneta,CR,Lombardia,52,57,0,45.23945,10.02839
019064,Ostiano,CR,Lombardia,35,48,0,45.22512,10.25941
019065,Paderno Ponchielli,CR,Lombardia,50,66,0,45.23081,9.92647
019066,Palazzo Pignano,CR,Lombardia,81,91,0,45.39981,9.58248
019067,Pandino,CR,Lombardia,79,93,0,45.41045,9.53906
019068,Persico Dosimo,CR,Lombardia,43,50,0,45.18345,10.08329
019069,Pescarolo ed Uniti,CR,Lombardia,42,50,0,45.19347,10.19851
019070,Pessina Cremonese,CR,Lombardia,34,46,0,45.18176,10.2614
019072,Pianengo,CR,Lombardia,81,88,0,45.40351,9.69671
019073,Pieranica,CR,Lombardia,87,95,0,45.42894,9.60934
019074,Pieve d'Olmi,CR,Lombardia,32,38,0,45.0788,10.13358
019075,Pieve San Giacomo,CR,Lombardia,33,41,0,45.12704,10.19207
019076,Pizzighettone,CR,Lombardia,42,58,0,45.1914,9.80517
019077,Pozzaglio ed Uniti,CR,Lombardia,46,54,0,45.21277,10.04657
019078,Quintano,CR,Lombardia,86,94,0,45.4213,9.62139
019079,Ricengo,CR,Lombardia,79,92,0,45.41025,9.73706
019080,Ripalta Arpina,CR,Lombardia,50,72,0,45.29013,9.7234
019081,Ripalta Cremasca,CR,Lombardia,59,78,0,45.32784,9.68228
019082,Ripalta Guerina,CR,Lombardia,60,76,0,45.30649,9.70584
019083,Rivarolo del Re ed Uniti,CR,Lombardia,19,25,0,45.03622,10.46985
019084,Rivolta d'Adda,CR,Lombardia,85,110,0,45.4601,9.51357
019085,Robecco d'Oglio,CR,Lombardia,41,59,0,45.25796,10.0594
019086,Romanengo,CR,Lombardia,75,95,0,45.38366,9.78775
019087,Salvirola,CR,Lombardia,73,85,0,45.35698,9.79081
019088,San Bassano,CR,Lombardia,48,65,0,45.23888,9.80107
019089,San Daniele Po,CR,Lombardia,29,38,0,45.05523,10.17964
019090,San Giovanni in Croce,CR,Lombardia,25,33,0,45.07627,10.37843
019091,San Martino del Lago,CR,Lombardia,26,31,0,45.07876,10.31544
019092,Scandolara Ravara,CR,Lombardia,26,32,0,45.04838,10.31137
019093,Scandolara Ripa d'Oglio,CR,Lombardia,38,49,0,45.22646,10.1517
019094,Sergnano,CR,Lombardia,85,97,0,45.43141,9.68942
019095,Sesto ed Uniti,CR,Lombardia,38,57,0,45.183,9.92567
019096,Solarolo Rainerio,CR,Lombardia,26,33,0,45.07295,10.35122
019097,Soncino,CR,Lombardia,61,99,0,45.40696,9.85253
019098,Soresina,CR,Lombardia,62,75,0,45.29083,9.85095
019099,Sospiro,CR,Lombardia,32,41,0,45.10735,10.16107
019100,Spinadesco,CR,Lombardia,35,49,0,45.13243,9.93279
019101,Spineda,CR,Lombardia,20,26,0,45.06078,10.51598
019102,Spino d'Adda,CR,Lombardia,75,89,0,45.39368,9.48709
019103,Stagno Lombardo,CR,Lombardia,32,40,0,45.06203,10.08961
019104,Ticengo,CR,Lombardia,74,95,0,45.38183,9.82173
019105,Torlino Vimercati,CR,Lombardia,84,96,0,45.42749,9.59423
019106,Tornata,CR,Lombardia,27,31,0,45.10412,10.43655
019107,Torre de' Picenardi,CR,Lombardia,28,39,0,45.13028,10.29047
019108,Torricella del Pizzo,CR,Lombardia,24,35,0,45.01908,10.28401
019109,Trescore Cremasco,CR,Lombardia,78,88,0,45.39882,9.61626
019110,Trigolo,CR,Lombardia,69,78,0,45.32662,9.81806
019111,Vaiano Cremasco,CR,Lombardia,72,87,0,45.37432,9.59195
019112,Vailate,CR,Lombardia,93,107,0,45.45675,9.59753
019113,Vescovato,CR,Lombardia,40,50,0,45.16325,10.16709
019114,Volongo,CR,Lombardia,33,46,0,45.20592,10.30052
019115,Voltido,CR,Lombardia,29,35,0,45.10876,10.33492
019116,Piadena Drizzona,CR,Lombardia,,,0,45.13138,10.36985
020001,Acquanegra sul Chiese,MN,Lombardia,22,35,0,45.15708,10.45456
020002,Asola,MN,Lombardia,32,49,0,45.2195,10.42984
020003,Bagnolo San Vito,MN,Lombardia,13,23,0,45.07949,10.88216
020007,Bozzolo,MN,Lombardia,22,32,0,45.10678,10.48635
020008,Canneto sull'Oglio,MN,Lombardia,24,42,0,45.16638,10.38144
020010,Casalmoro,MN,Lombardia,42,52,0,45.27021,10.41258
020011,Casaloldo,MN,Lombardia,39,49,0,45.25492,10.48593
020012,Casalromano,MN,Lombardia,32,43,0,45.19758,10.34711
020013,Castelbelforte,MN,Lombardia,26,30,0,45.21786,10.89455
020014,Castel d'Ario,MN,Lombardia,17,26,0,45.17617,10.97105
020015,Castel Goffredo,MN,Lombardia,45,63,0,45.29601,10.47851
020016,Castellucchio,MN,Lombardia,20,30,0,45.14829,10.63351
020017,Castiglione delle Stiviere,MN,Lombardia,59,204,18530,45.37878,10.4946
020018,Cavriana,MN,Lombardia,43,202,0,45.34657,10.60553
020019,Ceresara,MN,Lombardia,34,49,0,45.2539,10.55964
020020,Commessaggio,MN,Lombardia,20,23,0,45.03709,10.56585
020021,Curtatone,MN,Lombardia,16,28,0,45.10736,10.71522
020022,Dosolo,MN,Lombardia,21,27,0,44.96384,10.6405
020024,Gazoldo degli Ippoliti,MN,Lombardia,29,38,0,45.19403,10.56565
020025,Gazzuolo,MN,Lombardia,20,25,0,45.0704,10.56686
020026,Goito,MN,Lombardia,22,56,0,45.25051,10.66099
020027,Gonzaga,MN,Lombardia,17,21,0,44.9543,10.83112
020028,Guidizzolo,MN,Lombardia,45,87,0,45.3088,10.57092
020029,Magnacavallo,MN,Lombardia,10,15,0,45.00276,11.18131
020030,Mantova,MN,Lombardia,16,28,39260,45.1492,10.80731
020031,Marcaria,MN,Lombardia,19,33,0,45.10468,10.59729
020032,Mariana Mantovana,MN,Lombardia,29,39,0,45.18596,10.48972
020033,Marmirolo,MN,Lombardia,23,66,0,45.24115,10.74568
020034,Medole,MN,Lombardia,47,96,0,45.3291,10.52194
020035,Moglia,MN,Lombardia,16,20,0,44.95074,10.92587
020036,Monzambano,MN,Lombardia,65,179,0,45.37989,10.66812
020037,Motteggiana,MN,Lombardia,16,26,0,45.03472,10.76374
020038,Ostiglia,MN,Lombardia,11,20,0,45.08577,11.15084
020039,Pegognaga,MN,Lombardia,16,23,0,44.99785,10.86247
020041,Piubega,MN,Lombardia,33,43,0,45.21967,10.52604
020042,Poggio Rusco,MN,Lombardia,10,16,0,44.96368,11.15836
020043,Pomponesco,MN,Lombardia,20,25,0,44.93988,10.59549
020044,Ponti sul Mincio,MN,Lombardia,62,140,0,45.41103,10.68945
020045,Porto Mantovano,MN,Lombardia,18,34,0,45.19228,10.75544
020046,Quingentole,MN,Lombardia,14,22,0,45.03372,11.04737
020047,Quistello,MN,Lombardia,14,23,0,45.00068,10.99447
020048,Redondesco,MN,Lombardia,27,38,0,45.17258,10.51748
020050,Rivarolo Mantovano,MN,Lombardia,21,29,0,45.06909,10.44786
020051,Rodigo,MN,Lombardia,19,37,0,45.19535,10.64182
020052,Roncoferraro,MN,Lombardia,13,25,0,45.12298,10.9483
020053,Roverbella,MN,Lombardia,28,61,0,45.26133,10.80755
020054,Sabbioneta,MN,Lombardia,18,24,0,45.00735,10.516
020055,San Benedetto Po,MN,Lombardia,15,24,0,45.03432,10.92999
020056,San Giacomo delle Segnate,MN,Lombardia,14,18,0,44.96789,11.01613
020057,San Giorgio Bigarello,MN,Lombardia,20,32,0,45.18361,10.88334
020058,San Giovanni del Dosso,MN,Lombardia,13,16,0,44.9712,11.06514
020059,San Martino dall'Argine,MN,Lombardia,21,30,0,45.09523,10.5292
020060,Schivenoglia,MN,Lombardia,13,16,0,45.00127,11.06872
020061,Sermide e Felonica,MN,Lombardia,9,19,0,44.97829,11.29538
020062,Serravalle a Po,MN,Lombardia,13,22,0,45.07501,11.08019
020063,Solferino,MN,Lombardia,88,214,0,45.36864,10.55632
020064,Sustinente,MN,Lombardia,14,22,0,45.08061,11.02544
020065,Suzzara,MN,Lombardia,10,27,16571,45.00414,10.74377
020066,Viadana,MN,Lombardia,18,26,20013,44.97661,10.58223
020068,Villimpenta,MN,Lombardia,15,20,0,45.13789,11.01521
020070,Volta Mantovana,MN,Lombardia,42,143,0,45.31415,10.6652
020071,Borgo Virgilio,MN,Lombardia,,,0,45.08172,10.78644
020072,Borgo Mantovano,MN,Lombardia,,,0,45.02686,11.1152
020073,Borgocarbonara,MN,Lombardia,,,0,45.03253,11.21815
021001,Aldino/Aldein,BZ,Trentino-Alto Adige/Südtirol,500,2439,0,46.35953,11.39227
021002,Andriano/Andrian,BZ,Trentino-Alto Adige/Südtirol,247,975,0,46.51832,11.23122
021003,Anterivo/Altrei,BZ,Trentino-Alto Adige/Südtirol,700,1628,0,46.27957,11.36799
021004,Appiano sulla strada del vino/Eppan an der Weinstraße,BZ,Trentino-Alto Adige/Südtirol,239,1850,15062,46.46738,11.25599
021005,Avelengo/Hafling,BZ,Trentino-Alto Adige/Südtirol,1046,2678,0,46.65847,11.24982
021006,Badia/Abtei,BZ,Trentino-Alto Adige/Südtirol,1196,3025,0,46.58242,11.92038
021007,Barbiano/Barbian,BZ,Trentino-Alto Adige/Südtirol,444,2255,0,46.60664,11.49233
021008,Bolzano/Bozen,BZ,Trentino-Alto Adige/Südtirol,232,1616,107436,46.48576,11.34868
021009,Braies/Prags,BZ,Trentino-Alto Adige/Südtirol,1125,3100,0,46.68764,12.12204
021010,Brennero/Brenner,BZ,Trentino-Alto Adige/Südtirol,1062,3250,0,46.96269,11.39863
021011,Bressanone/Brixen,BZ,Trentino-Alto Adige/Südtirol,541,2571,15868,46.69955,11.68406
021012,Bronzolo/Branzoll,BZ,Trentino-Alto Adige/Südtirol,220,935,0,46.39833,11.31928
021013,Brunico/Bruneck,BZ,Trentino-Alto Adige/Südtirol,800,2278,0,46.79072,11.94896
021014,Caines/Kuens,BZ,Trentino-Alto Adige/Südtirol,373,1225,0,46.70159,11.16923
021015,Caldaro sulla strada del vino/Kaltern an der Weinstraße,BZ,Trentino-Alto Adige/Südtirol,208,1816,0,46.39332,11.24549
021016,Campo di Trens/Freienfeld,BZ,Trentino-Alto Adige/Südtirol,843,2984,0,46.85867,11.51011
021017,Campo Tures/Sand in Taufers,BZ,Trentino-Alto Adige/Südtirol,837,3384,0,46.9306,12.03752
021018,Castelbello-Ciardes/Kastelbell-Tschars,BZ,Trentino-Alto Adige/Südtirol,554,2892,0,46.62567,10.92942
021019,Castelrotto/Kastelruth,BZ,Trentino-Alto Adige/Südtirol,388,2950,0,46.54645,11.61306
021020,Cermes/Tscherms,BZ,Trentino-Alto Adige/Südtirol,269,1837,0,46.63393,11.13525
021021,Chienes/Kiens,BZ,Trentino-Alto Adige/Südtirol,758,2477,0,46.81458,11.82337
021022,Chiusa/Klausen,BZ,Trentino-Alto Adige/Südtirol,512,2562,0,46.67115,11.54004
021023,Cornedo all'Isarco/Karneid,BZ,Trentino-Alto Adige/Südtirol,282,1678,0,46.46626,11.46217
021024,Cortaccia sulla strada del vino/Kurtatsch an der Weinstraße,BZ,Trentino-Alto Adige/Südtirol,212,1850,0,46.30588,11.20134
021025,Cortina sulla strada del vino/Kurtinig an der Weinstraße,BZ,Trentino-Alto Adige/Südtirol,210,221,0,46.26647,11.22296
021026,Corvara in Badia/Corvara,BZ,Trentino-Alto Adige/Südtirol,1496,3139,0,46.54475,11.8565
021027,Curon Venosta/Graun im Vinschgau,BZ,Trentino-Alto Adige/Südtirol,1435,3731,0,46.80878,10.57939
021028,Dobbiaco/Toblach,BZ,Trentino-Alto Adige/Südtirol,1175,2948,0,46.69661,12.23733
021029,Egna/Neumarkt,BZ,Trentino-Alto Adige/Südtirol,211,1711,0,46.29551,11.26871
021030,Falzes/Pfalzen,BZ,Trentino-Alto Adige/Südtirol,871,2431,0,46.83055,11.8794
021031,Fiè allo Sciliar/Völs am Schlern,BZ,Trentino-Alto Adige/Südtirol,319,2601,0,46.50804,11.5202
021032,Fortezza/Franzensfeste,BZ,Trentino-Alto Adige/Südtirol,662,2700,0,46.79911,11.55875
021033,Funes/Villnöß,BZ,Trentino-Alto Adige/Südtirol,535,3025,0,46.63946,11.71318
021034,Gais/Gais,BZ,Trentino-Alto Adige/Südtirol,826,3124,0,46.85699,11.97885
021035,Gargazzone/Gargazon,BZ,Trentino-Alto Adige/Südtirol,255,438,0,46.57738,11.20282
021036,Glorenza/Glurns,BZ,Trentino-Alto Adige/Südtirol,888,2525,0,46.65615,10.54572
021037,Laces/Latsch,BZ,Trentino-Alto Adige/Südtirol,625,3253,0,46.60119,10.8574
021038,Lagundo/Algund,BZ,Trentino-Alto Adige/Südtirol,302,2550,0,46.67769,11.099
021039,Laion/Lajen,BZ,Trentino-Alto Adige/Südtirol,468,2281,0,46.61207,11.59704
021040,Laives/Leifers,BZ,Trentino-Alto Adige/Südtirol,226,1542,0,46.43845,11.34511
021041,Lana/Lana,BZ,Trentino-Alto Adige/Südtirol,254,1913,0,46.60346,11.14404
021042,Lasa/Laas,BZ,Trentino-Alto Adige/Südtirol,815,3526,0,46.6061,10.66911
021043,Lauregno/Laurein,BZ,Trentino-Alto Adige/Südtirol,900,2375,0,46.47517,11.05102
021044,Luson/Lüsen,BZ,Trentino-Alto Adige/Südtirol,600,2575,0,46.73315,11.77098
021045,Magrè sulla strada del vino/Margreid an der Weinstraße,BZ,Trentino-Alto Adige/Südtirol,209,1260,0,46.27378,11.19995
021046,Malles Venosta/Mals,BZ,Trentino-Alto Adige/Südtirol,918,3714,0,46.72295,10.58552
021047,Marebbe/Enneberg,BZ,Trentino-Alto Adige/Südtirol,956,3053,0,46.66518,11.97412
021048,Marlengo/Marling,BZ,Trentino-Alto Adige/Südtirol,270,1802,0,46.65284,11.12939
021049,Martello/Martell,BZ,Trentino-Alto Adige/Südtirol,970,3757,0,46.51435,10.72087
021050,Meltina/Mölten,BZ,Trentino-Alto Adige/Südtirol,350,1993,0,46.58642,11.26312
021051,Merano/Meran,BZ,Trentino-Alto Adige/Südtirol,265,1620,41051,46.65622,11.1828
021052,Monguelfo-Tesido/Welsberg-Taisten,BZ,Trentino-Alto Adige/Südtirol,1042,2650,0,46.77658,12.1176
021053,Montagna sulla strada del vino/Montan an der Weinstraße,BZ,Trentino-Alto Adige/Südtirol,217,1790,0,46.3221,11.31633
021054,Moso in Passiria/Moos in Passeier,BZ,Trentino-Alto Adige/Südtirol,800,3469,0,46.83557,11.12811
021055,Nalles/Nals,BZ,Trentino-Alto Adige/Südtirol,244,1775,0,46.5338,11.20216
021056,Naturno/Naturns,BZ,Trentino-Alto Adige/Südtirol,514,3053,0,46.64147,11.00209
021057,Naz-Sciaves/Natz-Schabs,BZ,Trentino-Alto Adige/Südtirol,594,1250,0,46.76472,11.66652
021058,Nova Levante/Welschnofen,BZ,Trentino-Alto Adige/Südtirol,849,2810,0,46.42422,11.56382
021059,Nova Ponente/Deutschnofen,BZ,Trentino-Alto Adige/Südtirol,425,2752,0,46.40368,11.45695
021060,Ora/Auer,BZ,Trentino-Alto Adige/Südtirol,218,825,0,46.36311,11.30474
021061,Ortisei/St. Ulrich,BZ,Trentino-Alto Adige/Südtirol,1146,2518,0,46.59073,11.68813
021062,Parcines/Partschins,BZ,Trentino-Alto Adige/Südtirol,482,3319,0,46.69814,11.0449
021063,Perca/Percha,BZ,Trentino-Alto Adige/Südtirol,895,3065,0,46.82472,12.02423
021064,Plaus/Plaus,BZ,Trentino-Alto Adige/Südtirol,518,2026,0,46.64368,11.05179
021065,Ponte Gardena/Waidbruck,BZ,Trentino-Alto Adige/Südtirol,447,960,0,46.59215,11.53797
021066,Postal/Burgstall,BZ,Trentino-Alto Adige/Südtirol,257,1038,0,46.60488,11.19655
021067,Prato allo Stelvio/Prad am Stilfserjoch,BZ,Trentino-Alto Adige/Südtirol,879,3360,0,46.60597,10.57335
021068,Predoi/Prettau,BZ,Trentino-Alto Adige/Südtirol,1325,3488,0,47.04673,12.14043
021069,Proves/Proveis,BZ,Trentino-Alto Adige/Südtirol,875,2600,0,46.48831,11.01653
021070,Racines/Ratschings,BZ,Trentino-Alto Adige/Südtirol,943,3475,0,46.88702,11.30402
021071,Rasun-Anterselva/Rasen-Antholz,BZ,Trentino-Alto Adige/Südtirol,918,3436,0,46.84506,12.11014
021072,Renon/Ritten,BZ,Trentino-Alto Adige/Südtirol,299,2175,0,46.55386,11.43611
021073,Rifiano/Riffian,BZ,Trentino-Alto Adige/Südtirol,393,2858,0,46.74717,11.14861
021074,Rio di Pusteria/Mühlbach,BZ,Trentino-Alto Adige/Südtirol,673,3127,0,46.85268,11.63431
021075,Rodengo/Rodeneck,BZ,Trentino-Alto Adige/Südtirol,620,2117,0,46.78708,11.72443
021076,Salorno sulla strada del vino/Salurn an der Weinstraße,BZ,Trentino-Alto Adige/Südtirol,207,1789,0,46.25081,11.24165
021077,San Candido/Innichen,BZ,Trentino-Alto Adige/Südtirol,1115,3145,0,46.71372,12.3073
021079,San Genesio Atesino/Jenesien,BZ,Trentino-Alto Adige/Südtirol,245,1846,0,46.56173,11.32177
021080,San Leonardo in Passiria/St. Leonhard in Passeier,BZ,Trentino-Alto Adige/Südtirol,449,2748,0,46.79789,11.27522
021081,San Lorenzo di Sebato/St. Lorenzen,BZ,Trentino-Alto Adige/Südtirol,793,2194,0,46.76567,11.87175
021082,San Martino in Badia/St. Martin in Thurn,BZ,Trentino-Alto Adige/Südtirol,1046,2913,0,46.65469,11.8444
021083,San Martino in Passiria/St. Martin in Passeier,BZ,Trentino-Alto Adige/Südtirol,450,2850,0,46.77824,11.20063
021084,San Pancrazio/St. Pankraz,BZ,Trentino-Alto Adige/Südtirol,400,2593,0,46.57387,11.06664
021085,Santa Cristina Valgardena/St. Christina in Gröden,BZ,Trentino-Alto Adige/Südtirol,1267,3200,0,46.56629,11.73561
021086,Sarentino/Sarntal,BZ,Trentino-Alto Adige/Südtirol,572,2750,0,46.71181,11.38659
021087,Scena/Schenna,BZ,Trentino-Alto Adige/Südtirol,371,2775,0,46.70976,11.23412
021088,Selva dei Molini/Mühlwald,BZ,Trentino-Alto Adige/Südtirol,1000,3425,0,46.91673,11.81549
021089,Selva di Val Gardena/Wolkenstein in Gröden,BZ,Trentino-Alto Adige/Südtirol,1397,3175,0,46.55469,11.78138
021091,Senales/Schnals,BZ,Trentino-Alto Adige/Südtirol,838,3586,0,46.7299,10.87271
021092,Sesto/Sexten,BZ,Trentino-Alto Adige/Südtirol,1244,3100,0,46.6729,12.37407
021093,Silandro/Schlanders,BZ,Trentino-Alto Adige/Südtirol,663,3338,0,46.64929,10.76327
021094,Sluderno/Schluderns,BZ,Trentino-Alto Adige/Südtirol,880,2775,0,46.65799,10.60535
021095,Stelvio/Stilfs,BZ,Trentino-Alto Adige/Südtirol,1073,3903,0,46.5383,10.54681
021096,Terento/Terenten,BZ,Trentino-Alto Adige/Südtirol,900,2826,0,46.84705,11.78231
021097,Terlano/Terlan,BZ,Trentino-Alto Adige/Südtirol,240,1175,0,46.53279,11.25024
021098,Termeno sulla strada del vino/Tramin an der Weinstraße,BZ,Trentino-Alto Adige/Südtirol,213,2050,0,46.34343,11.23569
021099,Tesimo/Tisens,BZ,Trentino-Alto Adige/Südtirol,257,2275,0,46.55101,11.14996
021100,Tires/Tiers,BZ,Trentino-Alto Adige/Südtirol,699,3014,0,46.47472,11.58124
021101,Tirolo/Tirol,BZ,Trentino-Alto Adige/Südtirol,325,2921,0,46.7138,11.12897
021102,Trodena nel parco naturale/Truden im Naturpark,BZ,Trentino-Alto Adige/Südtirol,725,1832,0,46.31504,11.3566
021103,Tubre/Taufers im Münstertal,BZ,Trentino-Alto Adige/Südtirol,1050,3175,0,46.65807,10.44395
021104,Ultimo/Ulten,BZ,Trentino-Alto Adige/Südtirol,894,3425,0,46.51055,10.90621
021105,Vadena/Pfatten,BZ,Trentino-Alto Adige/Südtirol,214,635,0,46.39388,11.29421
021106,Valdaora/Olang,BZ,Trentino-Alto Adige/Südtirol,993,2569,0,46.7405,12.0234
021107,Val di Vizze/Pfitsch,BZ,Trentino-Alto Adige/Südtirol,943,3504,0,46.95074,11.5855
021108,Valle Aurina/Ahrntal,BZ,Trentino-Alto Adige/Südtirol,947,3375,0,46.9881,11.94307
021109,Valle di Casies/Gsies,BZ,Trentino-Alto Adige/Südtirol,1186,2813,0,46.82092,12.22528
021110,Vandoies/Vintl,BZ,Trentino-Alto Adige/Südtirol,737,3200,0,46.88636,11.70253
021111,Varna/Vahrn,BZ,Trentino-Alto Adige/Südtirol,571,2742,0,46.74587,11.57017
021112,Verano/Vöran,BZ,Trentino-Alto Adige/Südtirol,625,2031,0,46.62114,11.24661
021113,Villabassa/Niederdorf,BZ,Trentino-Alto Adige/Südtirol,1120,2364,0,46.73548,12.16599
021114,Villandro/Villanders,BZ,Trentino-Alto Adige/Südtirol,493,2500,0,46.64479,11.4849
021115,Vipiteno/Sterzing,BZ,Trentino-Alto Adige/Südtirol,941,2700,0,46.91421,11.42317
021116,Velturno/Feldthurns,BZ,Trentino-Alto Adige/Südtirol,525,2425,0,46.68495,11.58526
021117,La Valle/Wengen,BZ,Trentino-Alto Adige/Südtirol,1100,3025,0,46.64913,11.93903
021118,Senale-San Felice/Unsere Liebe Frau im Walde-St. Felix,BZ,Trentino-Alto Adige/Südtirol,975,2401,0,46.50945,11.131
022001,Ala,TN,Trentino-Alto Adige/Südtirol,130,2259,0,45.74796,11.03997
022002,Albiano,TN,Trentino-Alto Adige/Südtirol,302,964,0,46.14182,11.18507
022003,Aldeno,TN,Trentino-Alto Adige/Südtirol,174,1213,0,45.97122,11.0926
022005,Andalo,TN,Trentino-Alto Adige/Südtirol,986,1907,0,46.16166,10.99538
022006,Arco,TN,Trentino-Alto Adige/Südtirol,65,2055,0,45.92918,10.90575
022007,Avio,TN,Trentino-Alto Adige/Südtirol,121,2177,0,45.73205,10.91926
022009,Baselga di Pinè,TN,Trentino-Alto Adige/Südtirol,649,2490,0,46.14054,11.28152
022011,Bedollo,TN,Trentino-Alto Adige/Südtirol,797,2415,0,46.16462,11.31664
022013,Besenello,TN,Trentino-Alto Adige/Südtirol,177,2175,0,45.95294,11.14236
022015,Bieno,TN,Trentino-Alto Adige/Südtirol,615,2484,0,46.09787,11.563
022017,Bleggio Superiore,TN,Trentino-Alto Adige/Südtirol,491,2152,0,46.00941,10.79337
022018,Bocenago,TN,Trentino-Alto Adige/Südtirol,693,2058,0,46.11782,10.77224
022021,Bondone,TN,Trentino-Alto Adige/Südtirol,368,1950,0,45.80405,10.57576
022022,Borgo Valsugana,TN,Trentino-Alto Adige/Südtirol,375,2336,0,46.01497,11.43452
022025,Brentonico,TN,Trentino-Alto Adige/Südtirol,225,2075,0,45.80441,10.93577
022026,Bresimo,TN,Trentino-Alto Adige/Südtirol,775,2675,0,46.42274,10.92418
022029,Caderzone Terme,TN,Trentino-Alto Adige/Südtirol,711,2396,0,46.14757,10.72857
022032,Calceranica al Lago,TN,Trentino-Alto Adige/Südtirol,440,855,0,45.99868,11.24359
022033,Caldes,TN,Trentino-Alto Adige/Südtirol,550,2375,0,46.37634,10.9569
022034,Caldonazzo,TN,Trentino-Alto Adige/Südtirol,433,1524,0,45.98282,11.27108
022035,Calliano,TN,Trentino-Alto Adige/Südtirol,179,1558,0,45.94331,11.11646
022036,Campitello di Fassa,TN,Trentino-Alto Adige/Südtirol,1398,3025,0,46.49041,11.71096
022037,Campodenno,TN,Trentino-Alto Adige/Südtirol,269,2675,0,46.24771,11.00292
022038,Canal San Bovo,TN,Trentino-Alto Adige/Südtirol,479,2712,0,46.19912,11.70028
022039,Canazei,TN,Trentino-Alto Adige/Südtirol,1416,3334,0,46.46979,11.8105
022040,Capriana,TN,Trentino-Alto Adige/Südtirol,642,1817,0,46.27023,11.33084
022042,Carisolo,TN,Trentino-Alto Adige/Südtirol,770,3250,0,46.20386,10.73162
022043,Carzano,TN,Trentino-Alto Adige/Südtirol,375,707,0,46.07254,11.49388
022045,Castel Condino,TN,Trentino-Alto Adige/Südtirol,525,2148,0,45.92244,10.58586
022047,Castello-Molina di Fiemme,TN,Trentino-Alto Adige/Südtirol,725,2574,0,46.226,11.43276
022048,Castello Tesino,TN,Trentino-Alto Adige/Südtirol,317,2847,0,46.1211,11.6459
022049,Castelnuovo,TN,Trentino-Alto Adige/Südtirol,337,2215,0,46.03748,11.49486
022050,Cavalese,TN,Trentino-Alto Adige/Südtirol,843,2578,0,46.24783,11.47451
022051,Cavareno,TN,Trentino-Alto Adige/Südtirol,922,1670,0,46.40652,11.17389
022052,Cavedago,TN,Trentino-Alto Adige/Südtirol,567,2427,0,46.18388,11.00912
022053,Cavedine,TN,Trentino-Alto Adige/Südtirol,223,2178,0,45.98599,10.98907
022054,Cavizzana,TN,Trentino-Alto Adige/Südtirol,599,1507,0,46.3639,10.9643
022058,Cimone,TN,Trentino-Alto Adige/Südtirol,250,2078,0,45.97968,11.05904
022059,Cinte Tesino,TN,Trentino-Alto Adige/Südtirol,350,2419,0,46.09317,11.65294
022060,Cis,TN,Trentino-Alto Adige/Südtirol,544,1550,0,46.40099,10.99191
022061,Civezzano,TN,Trentino-Alto Adige/Südtirol,352,991,0,46.10093,11.18109
022062,Cles,TN,Trentino-Alto Adige/Südtirol,527,2639,0,46.34718,10.98912
022064,Commezzadura,TN,Trentino-Alto Adige/Südtirol,770,2537,0,46.31355,10.83753
022068,Croviana,TN,Trentino-Alto Adige/Südtirol,710,2007,0,46.33215,10.91367
022071,Dambel,TN,Trentino-Alto Adige/Südtirol,600,981,0,46.4025,11.09616
022074,Denno,TN,Trentino-Alto Adige/Südtirol,272,1954,0,46.27321,11.02075
022078,Drena,TN,Trentino-Alto Adige/Südtirol,197,1916,0,45.95548,10.9614
022079,Dro,TN,Trentino-Alto Adige/Südtirol,88,1552,0,45.99027,10.92382
022081,Fai della Paganella,TN,Trentino-Alto Adige/Südtirol,695,2111,0,46.17745,11.06045
022083,Fiavè,TN,Trentino-Alto Adige/Südtirol,448,2150,0,45.98514,10.82015
022085,Fierozzo,TN,Trentino-Alto Adige/Südtirol,723,2378,0,46.10562,11.34231
022087,Folgaria,TN,Trentino-Alto Adige/Südtirol,325,2056,0,45.90871,11.19919
022089,Fornace,TN,Trentino-Alto Adige/Südtirol,581,1041,0,46.12237,11.20538
022090,Frassilongo,TN,Trentino-Alto Adige/Südtirol,621,2340,0,46.07627,11.31661
022091,Garniga Terme,TN,Trentino-Alto Adige/Südtirol,250,2101,0,46.00507,11.07312
022092,Giovo,TN,Trentino-Alto Adige/Südtirol,223,1107,0,46.17913,11.16072
022093,Giustino,TN,Trentino-Alto Adige/Südtirol,725,3550,0,46.19005,10.715
022095,Grigno,TN,Trentino-Alto Adige/Südtirol,218,1658,0,45.99387,11.63241
022097,Imer,TN,Trentino-Alto Adige/Südtirol,520,2461,0,46.15023,11.78669
022098,Isera,TN,Trentino-Alto Adige/Südtirol,167,1305,0,45.89307,10.9973
022102,Lavarone,TN,Trentino-Alto Adige/Südtirol,575,1542,0,45.94146,11.28561
022103,Lavis,TN,Trentino-Alto Adige/Südtirol,174,513,0,46.15101,11.10367
022104,Levico Terme,TN,Trentino-Alto Adige/Südtirol,426,2017,0,45.9966,11.33014
022106,Livo,TN,Trentino-Alto Adige/Südtirol,527,2400,0,46.42135,11.0057
022108,Lona-Lases,TN,Trentino-Alto Adige/Südtirol,375,2452,0,46.1674,11.27902
022109,Luserna,TN,Trentino-Alto Adige/Südtirol,1100,1582,0,45.93231,11.33671
022110,Malé,TN,Trentino-Alto Adige/Südtirol,691,2550,0,46.36044,10.89403
022112,Massimeno,TN,Trentino-Alto Adige/Südtirol,720,3680,0,46.14206,10.65438
022113,Mazzin,TN,Trentino-Alto Adige/Südtirol,1349,2875,0,46.46524,11.7071
022114,Mezzana,TN,Trentino-Alto Adige/Südtirol,850,2857,0,46.3225,10.80053
022115,Mezzano,TN,Trentino-Alto Adige/Südtirol,628,2432,0,46.15884,11.81544
022116,Mezzocorona,TN,Trentino-Alto Adige/Südtirol,203,1850,0,46.23049,11.12793
022117,Mezzolombardo,TN,Trentino-Alto Adige/Südtirol,199,1432,0,46.20643,11.09067
022118,Moena,TN,Trentino-Alto Adige/Südtirol,1094,2823,0,46.36452,11.70614
022120,Molveno,TN,Trentino-Alto Adige/Südtirol,813,3150,0,46.15651,10.94613
022123,Mori,TN,Trentino-Alto Adige/Südtirol,150,1700,0,45.85986,10.95755
022124,Nago-Torbole,TN,Trentino-Alto Adige/Südtirol,62,2079,0,45.85078,10.88126
022127,Nogaredo,TN,Trentino-Alto Adige/Südtirol,171,632,0,45.90782,11.01763
022128,Nomi,TN,Trentino-Alto Adige/Südtirol,176,1001,0,45.94004,11.08513
022129,Novaledo,TN,Trentino-Alto Adige/Südtirol,418,1988,0,46.02867,11.36648
022130,Ospedaletto,TN,Trentino-Alto Adige/Südtirol,268,1912,0,46.03146,11.57024
022131,Ossana,TN,Trentino-Alto Adige/Südtirol,901,3238,0,46.27492,10.72939
022133,Palù del Fersina,TN,Trentino-Alto Adige/Südtirol,1122,2425,0,46.13356,11.3669
022134,Panchià,TN,Trentino-Alto Adige/Südtirol,907,2553,0,46.26672,11.54851
022135,Ronzo-Chienis,TN,Trentino-Alto Adige/Südtirol,833,2000,0,45.89859,10.9572
022136,Peio,TN,Trentino-Alto Adige/Südtirol,968,3738,0,46.37026,10.65207
022137,Pellizzano,TN,Trentino-Alto Adige/Südtirol,899,2966,0,46.31023,10.72439
022138,Pelugo,TN,Trentino-Alto Adige/Südtirol,615,3676,0,46.10343,10.64984
022139,Pergine Valsugana,TN,Trentino-Alto Adige/Südtirol,403,1990,0,46.05845,11.23635
022142,Pieve Tesino,TN,Trentino-Alto Adige/Südtirol,722,2825,0,46.1468,11.58141
022143,Pinzolo,TN,Trentino-Alto Adige/Südtirol,756,2900,0,46.22164,10.79554
022144,Pomarolo,TN,Trentino-Alto Adige/Südtirol,175,1350,0,45.94125,11.05673
022147,Predazzo,TN,Trentino-Alto Adige/Südtirol,973,2842,0,46.31235,11.64297
022150,Rabbi,TN,Trentino-Alto Adige/Südtirol,775,3443,0,46.4117,10.79271
022153,Riva del Garda,TN,Trentino-Alto Adige/Südtirol,61,2075,17331,45.88913,10.82126
022155,Romeno,TN,Trentino-Alto Adige/Südtirol,638,1006,0,46.38523,11.10948
022156,Roncegno Terme,TN,Trentino-Alto Adige/Südtirol,395,2375,0,46.05608,11.38718
022157,Ronchi Valsugana,TN,Trentino-Alto Adige/Südtirol,493,2250,0,46.08168,11.41836
022159,Ronzone,TN,Trentino-Alto Adige/Südtirol,989,1718,0,46.44594,11.18572
022160,Roverè della Luna,TN,Trentino-Alto Adige/Südtirol,207,1825,0,46.25841,11.16202
022161,Rovereto,TN,Trentino-Alto Adige/Südtirol,150,1884,34152,45.8652,11.04576
022162,Ruffrè-Mendola,TN,Trentino-Alto Adige/Südtirol,1078,1725,0,46.42392,11.19284
022163,Rumo,TN,Trentino-Alto Adige/Südtirol,663,2650,0,46.4561,10.98879
022164,Sagron Mis,TN,Trentino-Alto Adige/Südtirol,721,2423,0,46.19516,11.93375
022165,Samone,TN,Trentino-Alto Adige/Südtirol,550,2032,0,46.08967,11.52364
022167,San Michele all'Adige,TN,Trentino-Alto Adige/Südtirol,200,438,0,46.20051,11.14832
022168,Sant'Orsola Terme,TN,Trentino-Alto Adige/Südtirol,642,1943,0,46.11419,11.29672
022169,Sanzeno,TN,Trentino-Alto Adige/Südtirol,527,910,0,46.37467,11.07218
022170,Sarnonico,TN,Trentino-Alto Adige/Südtirol,648,1729,0,46.43145,11.16078
022171,Scurelle,TN,Trentino-Alto Adige/Südtirol,346,2528,0,46.13161,11.53029
022172,Segonzano,TN,Trentino-Alto Adige/Südtirol,425,1550,0,46.19202,11.28233
022173,Sfruz,TN,Trentino-Alto Adige/Südtirol,750,2100,0,46.34385,11.15292
022176,Soraga di Fassa,TN,Trentino-Alto Adige/Südtirol,1200,3010,0,46.39279,11.75339
022177,Sover,TN,Trentino-Alto Adige/Südtirol,593,2025,0,46.21902,11.3327
022179,Spiazzo,TN,Trentino-Alto Adige/Südtirol,632,3400,0,46.14952,10.64683
022180,Spormaggiore,TN,Trentino-Alto Adige/Südtirol,285,2801,0,46.20343,11.00732
022181,Sporminore,TN,Trentino-Alto Adige/Südtirol,268,2550,0,46.2261,11.00842
022182,Stenico,TN,Trentino-Alto Adige/Südtirol,329,3140,0,46.09715,10.84028
022183,Storo,TN,Trentino-Alto Adige/Südtirol,368,2206,0,45.84873,10.55939
022184,Strembo,TN,Trentino-Alto Adige/Südtirol,680,3379,0,46.17338,10.64729
022188,Telve,TN,Trentino-Alto Adige/Südtirol,396,2489,0,46.13866,11.46295
022189,Telve di Sopra,TN,Trentino-Alto Adige/Südtirol,450,2375,0,46.10773,11.44457
022190,Tenna,TN,Trentino-Alto Adige/Südtirol,437,654,0,46.02164,11.26118
022191,Tenno,TN,Trentino-Alto Adige/Südtirol,150,2134,0,45.93973,10.8155
022193,Terragnolo,TN,Trentino-Alto Adige/Südtirol,325,1891,0,45.86182,11.16945
022195,Terzolas,TN,Trentino-Alto Adige/Südtirol,664,2275,0,46.35948,10.93135
022196,Tesero,TN,Trentino-Alto Adige/Südtirol,870,2616,0,46.28706,11.51991
022199,Tione di Trento,TN,Trentino-Alto Adige/Südtirol,464,2501,0,46.02465,10.7175
022200,Ton,TN,Trentino-Alto Adige/Südtirol,272,1873,0,46.26258,11.09692
022202,Torcegno,TN,Trentino-Alto Adige/Südtirol,550,2356,0,46.09874,11.41765
022203,Trambileno,TN,Trentino-Alto Adige/Südtirol,225,2232,0,45.83537,11.12937
022205,Trento,TN,Trentino-Alto Adige/Südtirol,152,2175,120709,46.06137,11.11079
022209,Valfloriana,TN,Trentino-Alto Adige/Südtirol,663,2475,0,46.21769,11.38406
022210,Vallarsa,TN,Trentino-Alto Adige/Südtirol,275,2257,0,45.7825,11.11931
022213,Vermiglio,TN,Trentino-Alto Adige/Südtirol,1046,3561,0,46.26968,10.64617
022216,Vignola-Falesina,TN,Trentino-Alto Adige/Südtirol,524,1838,0,46.05381,11.28219
022222,Villa Lagarina,TN,Trentino-Alto Adige/Südtirol,174,1959,0,45.94296,11.02005
022224,Volano,TN,Trentino-Alto Adige/Südtirol,175,1563,0,45.91291,11.08109
022226,Ziano di Fiemme,TN,Trentino-Alto Adige/Südtirol,930,2526,0,46.26963,11.58272
022228,Comano Terme,TN,Trentino-Alto Adige/Südtirol,313,3010,0,46.04525,10.86243
022229,Ledro,TN,Trentino-Alto Adige/Südtirol,65,2251,0,45.88507,10.71893
022230,Predaia,TN,Trentino-Alto Adige/Südtirol,,,0,46.3278,11.11959
022231,San Lorenzo Dorsino,TN,Trentino-Alto Adige/Südtirol,,,0,46.10891,10.90249
022232,Valdaone,TN,Trentino-Alto Adige/Südtirol,,,0,46.01649,10.54484
022233,Dimaro Folgarida,TN,Trentino-Alto Adige/Südtirol,,,0,46.29768,10.88237
022234,Pieve di Bono-Prezzo,TN,Trentino-Alto Adige/Südtirol,,,0,45.94022,10.65604
022235,Altavalle,TN,Trentino-Alto Adige/Südtirol,,,0,46.22353,11.26763
022236,Altopiano della Vigolana,TN,Trentino-Alto Adige/Südtirol,,,0,45.9872,11.20032
022237,Amblar-Don,TN,Trentino-Alto Adige/Südtirol,,,0,46.38562,11.17155
022238,Borgo Chiese,TN,Trentino-Alto Adige/Südtirol,,,0,45.89998,10.57019
022239,Borgo Lares,TN,Trentino-Alto Adige/Südtirol,,,0,46.0052,10.73582
022240,Castel Ivano,TN,Trentino-Alto Adige/Südtirol,,,0,46.06488,11.53519
022241,Cembra Lisignago,TN,Trentino-Alto Adige/Südtirol,,,0,46.18291,11.20564
022242,Contà,TN,Trentino-Alto Adige/Südtirol,,,0,46.29489,11.01761
022243,Madruzzo,TN,Trentino-Alto Adige/Südtirol,,,0,46.03586,10.98385
022244,Porte di Rendena,TN,Trentino-Alto Adige/Südtirol,,,0,46.07453,10.66073
022245,Primiero San Martino di Castrozza,TN,Trentino-Alto Adige/Südtirol,,,0,46.24221,11.82669
022246,Sella Giudicarie,TN,Trentino-Alto Adige/Südtirol,,,0,46.01303,10.63672
022247,Tre Ville,TN,Trentino-Alto Adige/Südtirol,,,0,46.15645,10.83152
022248,Vallelaghi,TN,Trentino-Alto Adige/Südtirol,,,0,46.10065,11.00926
022249,Ville d'Anaunia,TN,Trentino-Alto Adige/Südtirol,,,0,46.27693,10.96178
022250,San Giovanni di Fassa-Sèn Jan,TN,Trentino-Alto Adige/Südtirol,,,0,46.42378,11.70409
022251,Terre d'Adige,TN,Trentino-Alto Adige/Südtirol,,,0,46.16155,11.06897
022252,Borgo d'Anaunia,TN,Trentino-Alto Adige/Südtirol,,,0,46.47323,11.13835
022253,Novella,TN,Trentino-Alto Adige/Südtirol,,,0,46.43068,11.07065
022254,Ville di Fiemme,TN,Trentino-Alto Adige/Südtirol,,,0,46.31757,11.44901
023001,Affi,VR,Veneto,165,413,0,45.5568,10.77673
023002,Albaredo d'Adige,VR,Veneto,18,27,0,45.29807,11.29174
023003,Angiari,VR,Veneto,16,21,0,45.22235,11.26596
023004,Arcole,VR,Veneto,22,31,0,45.36557,11.29849
023005,Badia Calavena,VR,Veneto,397,939,0,45.5746,11.15405
023006,Bardolino,VR,Veneto,65,314,0,45.53897,10.69609
023007,Belfiore,VR,Veneto,22,30,0,45.37458,11.21719
023008,Bevilacqua,VR,Veneto,12,18,0,45.21623,11.39175
023009,Bonavigo,VR,Veneto,16,22,0,45.24609,11.29585
023010,Boschi Sant'Anna,VR,Veneto,10,15,0,45.2076,11.36697
023011,Bosco Chiesanuova,VR,Veneto,419,1865,0,45.65364,11.04631
023012,Bovolone,VR,Veneto,20,33,0,45.26423,11.1166
023013,Brentino Belluno,VR,Veneto,96,1612,0,45.6701,10.88175
023014,Brenzone sul Garda,VR,Veneto,65,2200,0,45.69494,10.76549
023015,Bussolengo,VR,Veneto,73,244,15170,45.4663,10.84592
023016,Buttapietra,VR,Veneto,32,46,0,45.34288,11.003
023017,Caldiero,VR,Veneto,23,81,0,45.40643,11.1692
023018,Caprino Veronese,VR,Veneto,182,1688,0,45.61829,10.80245
023019,Casaleone,VR,Veneto,11,19,0,45.14501,11.19878
023020,Castagnaro,VR,Veneto,8,17,0,45.08956,11.40318
023021,Castel d'Azzano,VR,Veneto,41,56,0,45.35863,10.94872
023022,Castelnuovo del Garda,VR,Veneto,65,185,0,45.44413,10.74033
023023,Cavaion Veronese,VR,Veneto,94,327,0,45.53112,10.77808
023024,Cazzano di Tramigna,VR,Veneto,35,675,0,45.48281,11.21133
023025,Cerea,VR,Veneto,10,21,0,45.17366,11.21815
023026,Cerro Veronese,VR,Veneto,325,782,0,45.56992,11.03207
023027,Cologna Veneta,VR,Veneto,15,29,0,45.30837,11.39806
023028,Colognola ai Colli,VR,Veneto,23,226,0,45.42794,11.18908
023029,Concamarise,VR,Veneto,17,22,0,45.2045,11.14203
023030,Costermano sul Garda,VR,Veneto,106,670,0,45.59199,10.73676
023031,Dolcè,VR,Veneto,94,1248,0,45.61951,10.87707
023032,Erbè,VR,Veneto,23,30,0,45.24162,10.97348
023033,Erbezzo,VR,Veneto,500,1765,0,45.66116,10.99711
023034,Ferrara di Monte Baldo,VR,Veneto,500,2175,0,45.68239,10.84663
023035,Fumane,VR,Veneto,157,1125,0,45.58192,10.88996
023036,Garda,VR,Veneto,65,378,0,45.57656,10.68758
023037,Gazzo Veronese,VR,Veneto,6,20,0,45.13481,11.09469
023038,Grezzana,VR,Veneto,142,814,0,45.54718,11.01736
023039,Illasi,VR,Veneto,48,500,0,45.46868,11.17694
023040,Isola della Scala,VR,Veneto,21,39,0,45.27748,11.02058
023041,Isola Rizza,VR,Veneto,20,28,0,45.27783,11.19014
023042,Lavagno,VR,Veneto,33,294,0,45.4402,11.13165
023043,Lazise,VR,Veneto,65,175,0,45.48583,10.71077
023044,Legnago,VR,Veneto,8,23,21646,45.16477,11.30132
023045,Malcesine,VR,Veneto,65,2209,0,45.76876,10.83076
023046,Marano di Valpolicella,VR,Veneto,147,786,0,45.55825,10.91578
023047,Mezzane di Sotto,VR,Veneto,95,608,0,45.48841,11.12226
023048,Minerbe,VR,Veneto,12,20,0,45.24911,11.35289
023049,Montecchia di Crosara,VR,Veneto,36,656,0,45.47787,11.26734
023050,Monteforte d'Alpone,VR,Veneto,31,277,0,45.43614,11.2867
023051,Mozzecane,VR,Veneto,34,62,0,45.30887,10.83832
023052,Negrar di Valpolicella,VR,Veneto,75,869,0,45.53853,10.95277
023053,Nogara,VR,Veneto,15,26,0,45.1877,11.0645
023054,Nogarole Rocca,VR,Veneto,29,53,0,45.28038,10.87932
023055,Oppeano,VR,Veneto,21,39,0,45.31029,11.11346
023056,Palù,VR,Veneto,21,31,0,45.32633,11.14268
023057,Pastrengo,VR,Veneto,80,234,0,45.49716,10.79623
023058,Pescantina,VR,Veneto,68,130,0,45.4906,10.86119
023059,Peschiera del Garda,VR,Veneto,65,136,0,45.43843,10.67387
023060,Povegliano Veronese,VR,Veneto,34,56,0,45.33997,10.8895
023061,Pressana,VR,Veneto,16,21,0,45.27476,11.39717
023062,Rivoli Veronese,VR,Veneto,93,613,0,45.57272,10.81035
023063,Roncà,VR,Veneto,44,688,0,45.4847,11.29926
023064,Ronco all'Adige,VR,Veneto,19,27,0,45.32611,11.22443
023065,Roverchiara,VR,Veneto,18,26,0,45.26399,11.23995
023066,Roveredo di Guà,VR,Veneto,15,23,0,45.27348,11.46315
023067,Roverè Veronese,VR,Veneto,310,1573,0,45.60048,11.07804
023068,Salizzole,VR,Veneto,17,27,0,45.22206,11.08962
023069,San Bonifacio,VR,Veneto,22,42,17347,45.39684,11.28651
023070,San Giovanni Ilarione,VR,Veneto,123,687,0,45.52651,11.23644
023071,San Giovanni Lupatoto,VR,Veneto,31,52,20038,45.36897,11.03763
023072,Sanguinetto,VR,Veneto,14,19,0,45.1736,11.15391
023073,San Martino Buon Albergo,VR,Veneto,29,364,0,45.41997,11.09863
023074,San Mauro di Saline,VR,Veneto,300,1030,0,45.56012,11.10953
023075,San Pietro di Morubio,VR,Veneto,18,23,0,45.24276,11.20096
023076,San Pietro in Cariano,VR,Veneto,70,260,0,45.50636,10.8986
023077,Sant'Ambrogio di Valpolicella,VR,Veneto,95,1065,0,45.53858,10.84185
023078,Sant'Anna d'Alfaedo,VR,Veneto,325,1545,0,45.6312,10.95006
023079,San Zeno di Montagna,VR,Veneto,250,1875,0,45.64825,10.76626
023080,Selva di Progno,VR,Veneto,457,1900,0,45.64201,11.14249
023081,Soave,VR,Veneto,25,405,0,45.43635,11.24197
023082,Sommacampagna,VR,Veneto,64,175,0,45.40102,10.84538
023083,Sona,VR,Veneto,83,240,0,45.42833,10.81378
023084,Sorgà,VR,Veneto,16,28,0,45.19899,10.99023
023085,Terrazzo,VR,Veneto,10,23,0,45.16395,11.39276
023086,Torri del Benaco,VR,Veneto,65,570,0,45.61895,10.68088
023087,Tregnago,VR,Veneto,193,834,0,45.5283,11.16675
023088,Trevenzuolo,VR,Veneto,28,34,0,45.26553,10.93245
023089,Valeggio sul Mincio,VR,Veneto,51,185,0,45.35376,10.74183
023090,Velo Veronese,VR,Veneto,697,1439,0,45.612,11.10674
023091,Verona,VR,Veneto,34,689,258031,45.44864,11.00215
023092,Veronella,VR,Veneto,16,27,0,45.31842,11.31759
023093,Vestenanova,VR,Veneto,269,939,0,45.58327,11.2158
023094,Vigasio,VR,Veneto,32,56,0,45.32373,10.93914
023095,Villa Bartolomea,VR,Veneto,10,23,0,45.11815,11.3506
023096,Villafranca di Verona,VR,Veneto,39,86,15895,45.35999,10.85005
023097,Zevio,VR,Veneto,22,45,0,45.36211,11.12212
023098,Zimella,VR,Veneto,20,30,0,45.34777,11.35806
024001,Agugliaro,VI,Veneto,11,19,0,45.32457,11.5805
024002,Albettone,VI,Veneto,13,139,0,45.35919,11.59674
024003,Alonte,VI,Veneto,18,179,0,45.36241,11.43269
024004,Altavilla Vicentina,VI,Veneto,33,316,0,45.50441,11.47731
024005,Altissimo,VI,Veneto,272,1325,0,45.61508,11.24671
024006,Arcugnano,VI,Veneto,22,415,0,45.4781,11.53432
024007,Arsiero,VI,Veneto,258,1896,0,45.83944,11.30913
024008,Arzignano,VI,Veneto,77,642,21247,45.5256,11.33806
024009,Asiago,VI,Veneto,300,2325,0,45.92919,11.50701
024010,Asigliano Veneto,VI,Veneto,17,22,0,45.31132,11.45833
024012,Bassano del Grappa,VI,Veneto,84,1250,38224,45.77389,11.70734
024013,Bolzano Vicentino,VI,Veneto,35,49,0,45.59812,11.61894
024014,Breganze,VI,Veneto,65,274,0,45.69854,11.57941
024015,Brendola,VI,Veneto,37,378,0,45.46522,11.45324
024016,Bressanvido,VI,Veneto,46,64,0,45.63968,11.63744
024017,Brogliano,VI,Veneto,147,850,0,45.5907,11.33271
024018,Caldogno,VI,Veneto,35,68,0,45.61138,11.51276
024019,Caltrano,VI,Veneto,169,1518,0,45.79012,11.47388
024020,Calvene,VI,Veneto,163,1512,0,45.78444,11.51037
024021,Camisano Vicentino,VI,Veneto,21,33,0,45.52536,11.71191
024022,Campiglia dei Berici,VI,Veneto,13,18,0,45.33313,11.54503
024024,Carrè,VI,Veneto,187,405,0,45.74431,11.46518
024025,Cartigliano,VI,Veneto,68,93,0,45.70745,11.70012
024026,Cassola,VI,Veneto,80,132,0,45.74413,11.7812
024027,Castegnero,VI,Veneto,19,409,0,45.43742,11.60339
024028,Castelgomberto,VI,Veneto,43,438,0,45.58536,11.40294
024029,Chiampo,VI,Veneto,143,678,0,45.54748,11.27693
024030,Chiuppano,VI,Veneto,172,408,0,45.76,11.47256
024032,Cogollo del Cengio,VI,Veneto,214,1417,0,45.80882,11.41193
024034,Cornedo Vicentino,VI,Veneto,150,787,0,45.61595,11.34905
024035,Costabissara,VI,Veneto,38,230,0,45.58736,11.48372
024036,Creazzo,VI,Veneto,32,222,0,45.53748,11.46992
024037,Crespadoro,VI,Veneto,323,1976,0,45.64725,11.18925
024038,Dueville,VI,Veneto,41,72,0,45.6287,11.55472
024039,Enego,VI,Veneto,193,1658,0,45.94012,11.65842
024040,Fara Vicentino,VI,Veneto,113,400,0,45.73563,11.5598
024041,Foza,VI,Veneto,244,1824,0,45.90596,11.6289
024042,Gallio,VI,Veneto,375,1787,0,45.90388,11.56414
024043,Gambellara,VI,Veneto,30,363,0,45.45126,11.33914
024046,Grisignano di Zocco,VI,Veneto,21,27,0,45.48209,11.70369
024047,Grumolo delle Abbadesse,VI,Veneto,23,33,0,45.50661,11.6609
024048,Isola Vicentina,VI,Veneto,52,425,0,45.61974,11.45151
024049,Laghi,VI,Veneto,450,1895,0,45.8339,11.25153
024050,Lastebasse,VI,Veneto,425,1818,0,45.89525,11.2835
024051,Longare,VI,Veneto,21,354,0,45.47164,11.60658
024052,Lonigo,VI,Veneto,19,239,0,45.38541,11.38324
024053,Lugo di Vicenza,VI,Veneto,144,1407,0,45.77293,11.52857
024055,Malo,VI,Veneto,84,483,0,45.65736,11.42361
024056,Marano Vicentino,VI,Veneto,111,173,0,45.6941,11.43336
024057,Marostica,VI,Veneto,75,844,0,45.75798,11.64762
024060,Montebello Vicentino,VI,Veneto,38,381,0,45.45998,11.38182
024061,Montecchio Maggiore,VI,Veneto,43,308,20815,45.51322,11.4077
024062,Montecchio Precalcino,VI,Veneto,65,160,0,45.66725,11.54286
024063,Monte di Malo,VI,Veneto,118,781,0,45.64958,11.36554
024064,Montegalda,VI,Veneto,18,74,0,45.46086,11.66394
024065,Montegaldella,VI,Veneto,19,27,0,45.43574,11.65066
024066,Monteviale,VI,Veneto,33,224,0,45.56066,11.47038
024067,Monticello Conte Otto,VI,Veneto,38,50,0,45.60139,11.58176
024068,Montorso Vicentino,VI,Veneto,60,400,0,45.4915,11.3562
024070,Mussolente,VI,Veneto,85,231,0,45.77079,11.80824
024071,Nanto,VI,Veneto,18,444,0,45.42514,11.5911
024072,Nogarole Vicentino,VI,Veneto,239,831,0,45.57261,11.29052
024073,Nove,VI,Veneto,72,90,0,45.71608,11.6757
024074,Noventa Vicentina,VI,Veneto,11,16,0,45.28529,11.55887
024075,Orgiano,VI,Veneto,11,211,0,45.34455,11.46615
024076,Pedemonte,VI,Veneto,372,1509,0,45.91118,11.33054
024077,Pianezze,VI,Veneto,82,360,0,45.73366,11.63662
024078,Piovene Rocchette,VI,Veneto,191,1244,0,45.7568,11.42389
024079,Pojana Maggiore,VI,Veneto,14,20,0,45.29052,11.50639
024080,Posina,VI,Veneto,386,2050,0,45.79673,11.25475
024081,Pove del Grappa,VI,Veneto,123,1516,0,45.83011,11.73822
024082,Pozzoleone,VI,Veneto,52,76,0,45.66636,11.67644
024083,Quinto Vicentino,VI,Veneto,32,41,0,45.56931,11.64281
024084,Recoaro Terme,VI,Veneto,343,2050,0,45.69623,11.21025
024085,Roana,VI,Veneto,488,2015,0,45.88216,11.44381
024086,Romano d'Ezzelino,VI,Veneto,94,1115,0,45.78963,11.765
024087,Rosà,VI,Veneto,72,107,0,45.71723,11.75132
024088,Rossano Veneto,VI,Veneto,59,88,0,45.70557,11.80452
024089,Rotzo,VI,Veneto,525,1916,0,45.89986,11.39118
024090,Salcedo,VI,Veneto,168,544,0,45.75982,11.57082
024091,Sandrigo,VI,Veneto,48,93,0,45.65609,11.60777
024094,San Pietro Mussolino,VI,Veneto,220,538,0,45.58836,11.25148
024095,Santorso,VI,Veneto,171,1285,0,45.73826,11.39539
024096,San Vito di Leguzzano,VI,Veneto,141,451,0,45.682,11.37305
024097,Sarcedo,VI,Veneto,70,203,0,45.70105,11.52308
024098,Sarego,VI,Veneto,27,260,0,45.42154,11.41456
024099,Schiavon,VI,Veneto,62,76,0,45.68508,11.6478
024100,Schio,VI,Veneto,143,1676,33740,45.72615,11.34934
024101,Solagna,VI,Veneto,121,1485,0,45.84434,11.7213
024102,Sossano,VI,Veneto,14,258,0,45.35169,11.51617
024104,Tezze sul Brenta,VI,Veneto,58,83,0,45.68684,11.73499
024105,Thiene,VI,Veneto,71,166,21145,45.6908,11.48432
024106,Tonezza del Cimone,VI,Veneto,663,1815,0,45.85609,11.33155
024107,Torrebelvicino,VI,Veneto,222,975,0,45.71761,11.29593
024108,Torri di Quartesolo,VI,Veneto,27,34,0,45.52606,11.63001
024110,Trissino,VI,Veneto,104,785,0,45.56661,11.34781
024111,Valdagno,VI,Veneto,217,1325,22555,45.64698,11.2846
024112,Valdastico,VI,Veneto,292,1704,0,45.87812,11.35838
024113,Valli del Pasubio,VI,Veneto,300,2155,0,45.75121,11.22883
024115,Velo d'Astico,VI,Veneto,233,1652,0,45.78434,11.35907
024116,Vicenza,VI,Veneto,24,177,111980,45.54492,11.55388
024117,Villaga,VI,Veneto,12,415,0,45.39165,11.52544
024118,Villaverla,VI,Veneto,46,98,0,45.6483,11.4983
024119,Zanè,VI,Veneto,149,210,0,45.72157,11.44825
024120,Zermeghedo,VI,Veneto,60,282,0,45.47653,11.37448
024121,Zovencedo,VI,Veneto,50,410,0,45.43798,11.4943
024122,Zugliano,VI,Veneto,121,346,0,45.73042,11.50206
024123,Val Liona,VI,Veneto,,,0,45.4039,11.46884
024124,Barbarano Mossano,VI,Veneto,,,0,45.40877,11.56471
024125,Valbrenta,VI,Veneto,,,0,45.8781,11.70174
024126,Colceresa,VI,Veneto,,,0,45.7221,11.61486
024127,Lusiana Conco,VI,Veneto,,,0,45.80577,11.59098
024128,Sovizzo,VI,Veneto,,,0,45.55389,11.4345
025001,Agordo,BL,Veneto,546,2875,0,46.30296,12.04754
025003,Alleghe,BL,Veneto,834,3220,0,46.40414,12.0367
025004,Arsiè,BL,Veneto,250,1512,0,45.97744,11.7432
025005,Auronzo di Cadore,BL,Veneto,718,3221,0,46.56509,12.3391
025006,Belluno,BL,Veneto,265,2550,25064,46.1406,12.21917
025007,Borca di Cadore,BL,Veneto,855,3225,0,46.43623,12.17896
025008,Calalzo di Cadore,BL,Veneto,683,3256,0,46.47771,12.32612
025010,Cencenighe Agordino,BL,Veneto,700,2476,0,46.34613,11.96953
025011,Cesiomaggiore,BL,Veneto,228,2547,0,46.11252,11.95883
025012,Chies d'Alpago,BL,Veneto,470,2345,0,46.17275,12.42663
025013,Cibiana di Cadore,BL,Veneto,823,2405,0,46.37438,12.27048
025014,Colle Santa Lucia,BL,Veneto,1019,2649,0,46.46751,12.01969
025015,Comelico Superiore,BL,Veneto,996,3052,0,46.62808,12.47332
025016,Cortina d'Ampezzo,BL,Veneto,1049,3238,0,46.55721,12.1229
025017,Danta di Cadore,BL,Veneto,997,1686,0,46.56217,12.50634
025018,Domegge di Cadore,BL,Veneto,683,2600,0,46.4478,12.43006
025019,Falcade,BL,Veneto,1023,3054,0,46.35844,11.84559
025021,Feltre,BL,Veneto,206,2265,0,46.04071,11.9165
025022,Fonzaso,BL,Veneto,268,1458,0,46.00496,11.80326
025023,Canale d'Agordo,BL,Veneto,893,3175,0,46.32737,11.88462
025025,Gosaldo,BL,Veneto,475,2843,0,46.21096,11.97437
025026,Lamon,BL,Veneto,350,2069,0,46.05813,11.72351
025027,La Valle Agordina,BL,Veneto,472,2550,0,46.28097,12.09846
025029,Limana,BL,Veneto,276,1462,0,46.07553,12.20461
025030,Livinallongo del Col di Lana,BL,Veneto,1075,3130,0,46.49796,11.92746
025032,Lorenzago di Cadore,BL,Veneto,690,2581,0,46.45864,12.48735
025033,Lozzo di Cadore,BL,Veneto,675,2475,0,46.50826,12.42362
025035,Ospitale di Cadore,BL,Veneto,468,2487,0,46.3274,12.30777
025036,Pedavena,BL,Veneto,293,1445,0,46.04371,11.85714
025037,Perarolo di Cadore,BL,Veneto,475,2706,0,46.36246,12.37195
025039,Pieve di Cadore,BL,Veneto,543,3100,0,46.416,12.3815
025040,Ponte nelle Alpi,BL,Veneto,362,2088,0,46.1665,12.29339
025043,Rivamonte Agordino,BL,Veneto,495,2240,0,46.24162,12.03873
025044,Rocca Pietore,BL,Veneto,843,3300,0,46.42928,11.93166
025045,San Gregorio nelle Alpi,BL,Veneto,322,2182,0,46.12147,12.02926
025046,San Nicolò di Comelico,BL,Veneto,974,2571,0,46.61562,12.54549
025047,San Pietro di Cadore,BL,Veneto,946,2544,0,46.61765,12.60364
025048,Santa Giustina,BL,Veneto,240,2175,0,46.09273,12.03287
025049,San Tomaso Agordino,BL,Veneto,785,2403,0,46.38632,11.97421
025050,Santo Stefano di Cadore,BL,Veneto,850,2694,0,46.57512,12.6103
025051,San Vito di Cadore,BL,Veneto,934,3250,0,46.47322,12.18053
025053,Sedico,BL,Veneto,267,2562,0,46.1871,12.12366
025054,Selva di Cadore,BL,Veneto,1044,2657,0,46.44714,12.0641
025055,Seren del Grappa,BL,Veneto,279,1775,0,45.95214,11.83422
025056,Sospirolo,BL,Veneto,306,2150,0,46.16847,12.06086
025057,Soverzene,BL,Veneto,400,2300,0,46.20921,12.33359
025058,Sovramonte,BL,Veneto,366,2335,0,46.07075,11.80311
025059,Taibon Agordino,BL,Veneto,593,3200,0,46.30971,11.97011
025060,Tambre,BL,Veneto,541,2250,0,46.1141,12.43884
025062,Vallada Agordina,BL,Veneto,818,2375,0,46.37612,11.93412
025063,Valle di Cadore,BL,Veneto,537,2205,0,46.40316,12.30374
025065,Vigo di Cadore,BL,Veneto,682,2537,0,46.49459,12.55495
025066,Vodo Cadore,BL,Veneto,793,3204,0,46.41399,12.21339
025067,Voltago Agordino,BL,Veneto,625,2853,0,46.26039,11.97795
025069,Zoppè di Cadore,BL,Veneto,1048,1900,0,46.38835,12.17878
025071,Longarone,BL,Veneto,,,0,46.26393,12.25446
025072,Alpago,BL,Veneto,,,0,46.12991,12.36397
025073,Val di Zoldo,BL,Veneto,,,0,46.35282,12.15207
025074,Borgo Valbelluna,BL,Veneto,,,0,46.02846,12.09477
025075,Setteville,BL,Veneto,,,0,45.93255,11.90691
026001,Altivole,TV,Veneto,70,105,0,45.75002,11.95273
026002,Arcade,TV,Veneto,49,65,0,45.78168,12.22439
026003,Asolo,TV,Veneto,74,377,0,45.78887,11.9101
026004,Borso del Grappa,TV,Veneto,144,1756,0,45.83175,11.78318
026005,Breda di Piave,TV,Veneto,11,27,0,45.71815,12.35877
026006,Caerano di San Marco,TV,Veneto,89,177,0,45.7826,11.99726
026007,Cappella Maggiore,TV,Veneto,84,325,0,45.97782,12.34873
026008,Carbonera,TV,Veneto,12,37,0,45.69822,12.30159
026009,Casale sul Sile,TV,Veneto,3,11,0,45.60588,12.31254
026010,Casier,TV,Veneto,4,14,0,45.62827,12.26892
026011,Castelcucco,TV,Veneto,116,381,0,45.8303,11.89134
026012,Castelfranco Veneto,TV,Veneto,29,59,25545,45.66704,11.93474
026013,Castello di Godego,TV,Veneto,44,68,0,45.69172,11.87448
026014,Cavaso del Tomba,TV,Veneto,150,1132,0,45.86502,11.90613
026015,Cessalto,TV,Veneto,2,8,0,45.71311,12.62537
026016,Chiarano,TV,Veneto,5,7,0,45.73081,12.57001
026017,Cimadolmo,TV,Veneto,18,47,0,45.77889,12.35438
026018,Cison di Valmarino,TV,Veneto,187,1284,0,45.97576,12.16655
026019,Codognè,TV,Veneto,18,36,0,45.86921,12.42864
026020,Colle Umberto,TV,Veneto,59,151,0,45.94322,12.34876
026021,Conegliano,TV,Veneto,43,188,30765,45.89934,12.29344
026022,Cordignano,TV,Veneto,15,1078,0,45.95409,12.41813
026023,Cornuda,TV,Veneto,135,456,0,45.83218,11.99597
026025,Crocetta del Montello,TV,Veneto,112,334,0,45.82891,12.06051
026026,Farra di Soligo,TV,Veneto,123,460,0,45.90265,12.11721
026027,Follina,TV,Veneto,144,1350,0,45.96444,12.12743
026028,Fontanelle,TV,Veneto,12,23,0,45.82413,12.45861
026029,Fonte,TV,Veneto,75,197,0,45.78661,11.87206
026030,Fregona,TV,Veneto,120,1575,0,46.0297,12.36237
026031,Gaiarine,TV,Veneto,11,25,0,45.88578,12.49751
026032,Giavera del Montello,TV,Veneto,56,256,0,45.79844,12.16621
026033,Godega di Sant'Urbano,TV,Veneto,20,64,0,45.90791,12.41444
026034,Gorgo al Monticano,TV,Veneto,5,13,0,45.78407,12.56607
026035,Istrana,TV,Veneto,22,68,0,45.68029,12.08857
026036,Loria,TV,Veneto,56,91,0,45.7194,11.84596
026037,Mansuè,TV,Veneto,9,17,0,45.82627,12.52597
026038,Mareno di Piave,TV,Veneto,29,53,0,45.83723,12.33354
026039,Maser,TV,Veneto,95,496,0,45.80093,11.96261
026040,Maserada sul Piave,TV,Veneto,18,45,0,45.74989,12.33521
026041,Meduna di Livenza,TV,Veneto,7,12,0,45.81055,12.62402
026042,Miane,TV,Veneto,167,1464,0,45.94233,12.08491
026043,Mogliano Veneto,TV,Veneto,2,14,21991,45.56783,12.25257
026044,Monastier di Treviso,TV,Veneto,2,9,0,45.65954,12.4418
026045,Monfumo,TV,Veneto,118,425,0,45.834,11.93655
026046,Montebelluna,TV,Veneto,67,347,26670,45.7712,12.04261
026047,Morgano,TV,Veneto,20,31,0,45.64302,12.10451
026048,Moriago della Battaglia,TV,Veneto,109,136,0,45.86154,12.09377
026049,Motta di Livenza,TV,Veneto,2,11,0,45.76626,12.62314
026050,Nervesa della Battaglia,TV,Veneto,60,209,0,45.82,12.19628
026051,Oderzo,TV,Veneto,6,16,15764,45.77189,12.49792
026052,Ormelle,TV,Veneto,14,24,0,45.77063,12.42379
026053,Orsago,TV,Veneto,18,55,0,45.92076,12.44382
026055,Paese,TV,Veneto,22,70,0,45.69466,12.14881
026056,Pederobba,TV,Veneto,130,776,0,45.86503,11.97111
026057,Pieve di Soligo,TV,Veneto,93,440,0,45.90593,12.17755
026058,Ponte di Piave,TV,Veneto,4,20,0,45.73202,12.467
026059,Ponzano Veneto,TV,Veneto,24,63,0,45.72221,12.19582
026060,Portobuffolè,TV,Veneto,9,17,0,45.8522,12.53518
026061,Possagno,TV,Veneto,221,1592,0,45.86638,11.86238
026062,Povegliano,TV,Veneto,41,71,0,45.75491,12.19229
026063,Preganziol,TV,Veneto,7,15,0,45.60753,12.22711
026064,Quinto di Treviso,TV,Veneto,14,27,0,45.64299,12.15583
026065,Refrontolo,TV,Veneto,85,380,0,45.91744,12.21283
026066,Resana,TV,Veneto,26,38,0,45.63534,11.96797
026067,Revine Lago,TV,Veneto,215,1334,0,46.00016,12.22741
026068,Riese Pio X,TV,Veneto,46,81,0,45.7262,11.91313
026069,Roncade,TV,Veneto,1,10,0,45.61296,12.39574
026070,Salgareda,TV,Veneto,2,14,0,45.70291,12.52055
026071,San Biagio di Callalta,TV,Veneto,5,17,0,45.68629,12.38673
026072,San Fior,TV,Veneto,27,124,0,45.90561,12.36338
026073,San Pietro di Feletto,TV,Veneto,63,279,0,45.90799,12.24805
026074,San Polo di Piave,TV,Veneto,18,37,0,45.79221,12.39194
026075,Santa Lucia di Piave,TV,Veneto,47,63,0,45.83258,12.29025
026076,San Vendemiano,TV,Veneto,31,104,0,45.88304,12.34921
026077,San Zenone degli Ezzelini,TV,Veneto,76,241,0,45.7772,11.83879
026078,Sarmede,TV,Veneto,72,1123,0,45.99279,12.39124
026079,Segusino,TV,Veneto,169,1380,0,45.93348,11.97003
026080,Sernaglia della Battaglia,TV,Veneto,90,138,0,45.86625,12.14322
026081,Silea,TV,Veneto,3,15,0,45.64057,12.32445
026082,Spresiano,TV,Veneto,36,63,0,45.77569,12.27439
026083,Susegana,TV,Veneto,56,262,0,45.85145,12.22929
026084,Tarzo,TV,Veneto,120,566,0,45.96333,12.22545
026085,Trevignano,TV,Veneto,55,91,0,45.73455,12.09336
026086,Treviso,TV,Veneto,6,33,85760,45.66372,12.22773
026087,Valdobbiadene,TV,Veneto,143,1570,0,45.91294,12.01613
026088,Vazzola,TV,Veneto,20,45,0,45.8291,12.38336
026089,Vedelago,TV,Veneto,24,77,0,45.69207,12.02237
026090,Vidor,TV,Veneto,125,380,0,45.87054,12.0506
026091,Villorba,TV,Veneto,17,53,15265,45.72958,12.25265
026092,Vittorio Veneto,TV,Veneto,81,1744,24789,46.00391,12.29669
026093,Volpago del Montello,TV,Veneto,60,371,0,45.78582,12.12333
026094,Zenson di Piave,TV,Veneto,4,13,0,45.67774,12.48153
026095,Zero Branco,TV,Veneto,11,22,0,45.60724,12.14223
026096,Pieve del Grappa,TV,Veneto,,,0,45.84978,11.83266
027001,Annone Veneto,VE,Veneto,2,11,0,45.7657,12.7009
027002,Campagna Lupia,VE,Veneto,-1,7,0,45.33994,12.1672
027003,Campolongo Maggiore,VE,Veneto,2,12,0,45.33625,12.05795
027004,Camponogara,VE,Veneto,2,7,0,45.37917,12.08757
027005,Caorle,VE,Veneto,-3,5,0,45.63949,12.86979
027006,Cavarzere,VE,Veneto,-3,10,0,45.12401,12.11997
027007,Ceggia,VE,Veneto,-1,5,0,45.68374,12.64884
027008,Chioggia,VE,Veneto,-3,6,46951,45.21801,12.24646
027009,Cinto Caomaggiore,VE,Veneto,6,15,0,45.82153,12.78035
027010,Cona,VE,Veneto,-3,8,0,45.17887,12.08078
027011,Concordia Sagittaria,VE,Veneto,-2,5,0,45.72057,12.8324
027012,Dolo,VE,Veneto,1,10,0,45.41946,12.08696
027013,Eraclea,VE,Veneto,-1,7,0,45.59502,12.71992
027014,Fiesso d'Artico,VE,Veneto,5,10,0,45.42169,12.03561
027015,Fossalta di Piave,VE,Veneto,2,12,0,45.64833,12.50601
027016,Fossalta di Portogruaro,VE,Veneto,1,12,0,45.78153,12.91009
027017,Fossò,VE,Veneto,2,13,0,45.37662,12.04601
027018,Gruaro,VE,Veneto,6,16,0,45.8247,12.83842
027019,Jesolo,VE,Veneto,-1,9,0,45.53465,12.63419
027020,Marcon,VE,Veneto,1,5,0,45.55169,12.32737
027021,Martellago,VE,Veneto,5,13,0,45.53519,12.15968
027022,Meolo,VE,Veneto,1,5,0,45.61421,12.46244
027023,Mira,VE,Veneto,0,10,32881,45.41296,12.18565
027024,Mirano,VE,Veneto,4,16,15139,45.48557,12.08773
027025,Musile di Piave,VE,Veneto,-1,10,0,45.59965,12.52401
027026,Noale,VE,Veneto,12,19,0,45.55356,12.06775
027027,Noventa di Piave,VE,Veneto,1,13,0,45.67127,12.54296
027028,Pianiga,VE,Veneto,2,11,0,45.45477,12.02993
027029,Portogruaro,VE,Veneto,0,10,17468,45.75686,12.85182
027030,Pramaggiore,VE,Veneto,4,14,0,45.8021,12.72975
027031,Quarto d'Altino,VE,Veneto,-1,7,0,45.56052,12.40908
027032,Salzano,VE,Veneto,7,15,0,45.53289,12.11346
027033,San Donà di Piave,VE,Veneto,-1,14,41856,45.62756,12.59699
027034,San Michele al Tagliamento,VE,Veneto,0,13,0,45.70849,13.00283
027035,Santa Maria di Sala,VE,Veneto,7,16,0,45.50217,12.02721
027036,San Stino di Livenza,VE,Veneto,1,9,0,45.69797,12.75082
027037,Scorzè,VE,Veneto,7,19,0,45.57594,12.14119
027038,Spinea,VE,Veneto,3,8,23710,45.49082,12.1551
027039,Stra,VE,Veneto,5,12,0,45.41045,12.03114
027040,Teglio Veneto,VE,Veneto,8,14,0,45.81686,12.89184
027041,Torre di Mosto,VE,Veneto,-1,8,0,45.66495,12.70867
027042,Venezia,VE,Veneto,-1,10,147662,45.4669,12.34615
027043,Vigonovo,VE,Veneto,4,13,0,45.39006,12.01035
027044,Cavallino-Treporti,VE,Veneto,0,2,0,45.47009,12.49633
028001,Abano Terme,PD,Veneto,10,80,18224,45.35865,11.79325
028002,Agna,PD,Veneto,2,5,0,45.17531,11.96538
028003,Albignasego,PD,Veneto,7,15,16477,45.34673,11.86782
028004,Anguillara Veneta,PD,Veneto,2,13,0,45.14564,11.8919
028005,Arquà Petrarca,PD,Veneto,5,406,0,45.26882,11.72229
028006,Arre,PD,Veneto,3,6,0,45.21274,11.9357
028007,Arzergrande,PD,Veneto,1,5,0,45.26506,12.06191
028008,Bagnoli di Sopra,PD,Veneto,2,7,0,45.18139,11.89835
028009,Baone,PD,Veneto,6,408,0,45.25259,11.68131
028010,Barbona,PD,Veneto,5,17,0,45.11042,11.68128
028011,Battaglia Terme,PD,Veneto,5,239,0,45.29482,11.77763
028012,Boara Pisani,PD,Veneto,4,13,0,45.12621,11.79912
028013,Borgoricco,PD,Veneto,14,22,0,45.53499,11.96875
028014,Bovolenta,PD,Veneto,2,9,0,45.26803,11.95366
028015,Brugine,PD,Veneto,1,7,0,45.29024,11.99044
028016,Cadoneghe,PD,Veneto,10,16,0,45.45745,11.91808
028017,Campodarsego,PD,Veneto,12,20,0,45.50241,11.92464
028018,Campodoro,PD,Veneto,22,26,0,45.49975,11.75267
028019,Camposampiero,PD,Veneto,20,29,0,45.56957,11.9477
028020,Campo San Martino,PD,Veneto,23,29,0,45.55552,11.83065
028021,Candiana,PD,Veneto,2,5,0,45.22254,11.98279
028023,Carmignano di Brenta,PD,Veneto,40,61,0,45.63345,11.70088
028026,Cartura,PD,Veneto,6,8,0,45.27118,11.8706
028027,Casale di Scodosia,PD,Veneto,7,13,0,45.18351,11.48511
028028,Casalserugo,PD,Veneto,6,9,0,45.30607,11.91543
028029,Castelbaldo,PD,Veneto,10,22,0,45.13163,11.45392
028030,Cervarese Santa Croce,PD,Veneto,8,104,0,45.40208,11.69334
028031,Cinto Euganeo,PD,Veneto,6,578,0,45.28998,11.66821
028032,Cittadella,PD,Veneto,30,70,0,45.65458,11.76877
028033,Codevigo,PD,Veneto,-1,9,0,45.2652,12.14152
028034,Conselve,PD,Veneto,5,7,0,45.22842,11.87983
028035,Correzzola,PD,Veneto,-1,7,0,45.21739,12.07928
028036,Curtarolo,PD,Veneto,18,27,0,45.52624,11.84299
028037,Este,PD,Veneto,5,216,16963,45.21963,11.65935
028038,Fontaniva,PD,Veneto,33,57,0,45.62888,11.75327
028039,Galliera Veneta,PD,Veneto,46,65,0,45.66917,11.82176
028040,Galzignano Terme,PD,Veneto,5,424,0,45.30094,11.7327
028041,Gazzo,PD,Veneto,28,39,0,45.56653,11.69319
028042,Grantorto,PD,Veneto,31,42,0,45.60159,11.73142
028043,Granze,PD,Veneto,4,7,0,45.15365,11.72086
028044,Legnaro,PD,Veneto,4,10,0,45.34284,11.96477
028045,Limena,PD,Veneto,15,23,0,45.4751,11.836
028046,Loreggia,PD,Veneto,22,35,0,45.59872,11.94104
028047,Lozzo Atestino,PD,Veneto,9,320,0,45.28888,11.60994
028048,Maserà di Padova,PD,Veneto,6,12,0,45.31262,11.87086
028049,Masi,PD,Veneto,9,22,0,45.12494,11.50103
028050,Massanzago,PD,Veneto,14,21,0,45.55108,12.01101
028052,Megliadino San Vitale,PD,Veneto,7,13,0,45.17841,11.53057
028053,Merlara,PD,Veneto,8,13,0,45.15999,11.45816
028054,Mestrino,PD,Veneto,17,24,0,45.45468,11.74835
028055,Monselice,PD,Veneto,5,334,18682,45.22868,11.75683
028056,Montagnana,PD,Veneto,11,23,0,45.23887,11.46195
028057,Montegrotto Terme,PD,Veneto,10,250,0,45.32554,11.78486
028058,Noventa Padovana,PD,Veneto,7,14,0,45.4122,11.96375
028059,Ospedaletto Euganeo,PD,Veneto,8,15,0,45.23101,11.59805
028060,Padova,PD,Veneto,7,26,203725,45.40337,11.88318
028061,Pernumia,PD,Veneto,6,66,0,45.26299,11.7993
028062,Piacenza d'Adige,PD,Veneto,7,18,0,45.14344,11.55415
028063,Piazzola sul Brenta,PD,Veneto,20,36,0,45.54183,11.77713
028064,Piombino Dese,PD,Veneto,20,30,0,45.61908,12.02133
028065,Piove di Sacco,PD,Veneto,1,10,0,45.29899,12.05195
028066,Polverara,PD,Veneto,2,9,0,45.31218,11.94978
028067,Ponso,PD,Veneto,7,12,0,45.19063,11.58438
028068,Pontelongo,PD,Veneto,0,8,0,45.24551,12.03459
028069,Ponte San Nicolò,PD,Veneto,7,11,0,45.35645,11.92657
028070,Pozzonovo,PD,Veneto,3,8,0,45.17478,11.80742
028071,Rovolon,PD,Veneto,12,535,0,45.38074,11.65052
028072,Rubano,PD,Veneto,15,21,0,45.43551,11.80179
028073,Saccolongo,PD,Veneto,12,18,0,45.4081,11.74772
028075,San Giorgio delle Pertiche,PD,Veneto,18,26,0,45.53642,11.89205
028076,San Giorgio in Bosco,PD,Veneto,25,38,0,45.58727,11.80331
028077,San Martino di Lupari,PD,Veneto,29,59,0,45.64303,11.86509
028078,San Pietro in Gu,PD,Veneto,38,54,0,45.61279,11.66883
028079,San Pietro Viminario,PD,Veneto,5,10,0,45.24304,11.82517
028080,Santa Giustina in Colle,PD,Veneto,22,32,0,45.57764,11.89555
028082,Sant'Angelo di Piove di Sacco,PD,Veneto,3,8,0,45.34131,12.0054
028083,Sant'Elena,PD,Veneto,5,10,0,45.18554,11.70627
028084,Sant'Urbano,PD,Veneto,6,16,0,45.13298,11.63138
028085,Saonara,PD,Veneto,5,11,0,45.37544,11.98173
028086,Selvazzano Dentro,PD,Veneto,9,26,0,45.39941,11.78939
028087,Solesino,PD,Veneto,4,8,0,45.17848,11.7473
028088,Stanghella,PD,Veneto,4,8,0,45.149,11.76606
028089,Teolo,PD,Veneto,9,553,0,45.35679,11.7082
028090,Terrassa Padovana,PD,Veneto,4,6,0,45.24764,11.92389
028091,Tombolo,PD,Veneto,33,48,0,45.63486,11.82437
028092,Torreglia,PD,Veneto,9,388,0,45.33807,11.72688
028093,Trebaseleghe,PD,Veneto,16,26,0,45.59304,12.04452
028094,Tribano,PD,Veneto,3,7,0,45.19686,11.83845
028095,Urbana,PD,Veneto,11,16,0,45.20006,11.43018
028096,Veggiano,PD,Veneto,15,24,0,45.43522,11.7157
028097,Vescovana,PD,Veneto,4,13,0,45.11874,11.72574
028099,Vigodarzere,PD,Veneto,14,22,0,45.48165,11.87412
028100,Vigonza,PD,Veneto,6,16,0,45.44882,11.97145
028101,Villa del Conte,PD,Veneto,24,37,0,45.59203,11.85863
028102,Villa Estense,PD,Veneto,5,12,0,45.16867,11.67564
028103,Villafranca Padovana,PD,Veneto,18,26,0,45.47921,11.79078
028104,Villanova di Camposampiero,PD,Veneto,9,16,0,45.4965,11.97971
028105,Vo',PD,Veneto,11,602,0,45.32626,11.64649
028106,Due Carrare,PD,Veneto,5,66,0,45.29903,11.8271
028107,Borgo Veneto,PD,Veneto,,,0,45.21924,11.54289
028108,Santa Caterina d'Este,PD,Veneto,,,0,45.1734,11.61816
029001,Adria,RO,Veneto,-3,8,0,45.05688,12.04526
029002,Ariano nel Polesine,RO,Veneto,0,10,0,44.93817,12.20447
029003,Arquà Polesine,RO,Veneto,2,9,0,45.01621,11.73803
029004,Badia Polesine,RO,Veneto,1,21,0,45.09286,11.49714
029005,Bagnolo di Po,RO,Veneto,6,13,0,44.99989,11.5026
029006,Bergantino,RO,Veneto,10,18,0,45.06913,11.25334
029007,Bosaro,RO,Veneto,2,9,0,45.00286,11.77334
029008,Calto,RO,Veneto,9,12,0,44.99547,11.35761
029009,Canaro,RO,Veneto,3,13,0,44.93797,11.67964
029010,Canda,RO,Veneto,6,16,0,45.04585,11.51716
029011,Castelguglielmo,RO,Veneto,6,13,0,45.01165,11.54715
029012,Castelmassa,RO,Veneto,9,15,0,45.02239,11.32557
029013,Castelnovo Bariano,RO,Veneto,9,19,0,45.05562,11.30747
029014,Ceneselli,RO,Veneto,8,13,0,45.02663,11.38078
029015,Ceregnano,RO,Veneto,2,7,0,45.04702,11.90951
029017,Corbola,RO,Veneto,0,8,0,44.99727,12.11057
029018,Costa di Rovigo,RO,Veneto,3,12,0,45.05268,11.70268
029019,Crespino,RO,Veneto,1,9,0,44.99729,11.88214
029021,Ficarolo,RO,Veneto,8,16,0,44.95766,11.44609
029022,Fiesso Umbertiano,RO,Veneto,5,9,0,44.96376,11.60388
029023,Frassinelle Polesine,RO,Veneto,4,10,0,44.97817,11.69247
029024,Fratta Polesine,RO,Veneto,5,11,0,45.0212,11.63314
029025,Gaiba,RO,Veneto,7,13,0,44.95101,11.4857
029026,Gavello,RO,Veneto,0,7,0,45.0257,11.95173
029027,Giacciano con Baruchella,RO,Veneto,8,14,0,45.06429,11.44061
029028,Guarda Veneta,RO,Veneto,2,11,0,44.98464,11.80208
029029,Lendinara,RO,Veneto,5,18,0,45.07505,11.58664
029030,Loreo,RO,Veneto,-3,7,0,45.06731,12.19034
029031,Lusia,RO,Veneto,5,16,0,45.09577,11.65363
029032,Melara,RO,Veneto,10,17,0,45.07797,11.20289
029033,Occhiobello,RO,Veneto,6,13,0,44.91923,11.6057
029034,Papozze,RO,Veneto,2,8,0,44.99246,12.04152
029035,Pettorazza Grimani,RO,Veneto,-1,11,0,45.11936,11.99811
029036,Pincara,RO,Veneto,5,10,0,44.99002,11.62739
029037,Polesella,RO,Veneto,3,11,0,44.96915,11.73897
029038,Pontecchio Polesine,RO,Veneto,2,6,0,45.01013,11.81465
029039,Porto Tolle,RO,Veneto,-1,2,0,44.9245,12.42158
029040,Rosolina,RO,Veneto,-1,4,0,45.08915,12.29785
029041,Rovigo,RO,Veneto,1,16,50279,45.06963,11.79501
029042,Salara,RO,Veneto,7,14,0,44.9858,11.42162
029043,San Bellino,RO,Veneto,6,13,0,45.02644,11.58845
029044,San Martino di Venezze,RO,Veneto,1,11,0,45.1206,11.9067
029045,Stienta,RO,Veneto,6,10,0,44.95866,11.53148
029046,Taglio di Po,RO,Veneto,-2,7,0,44.94222,12.2563
029047,Trecenta,RO,Veneto,6,15,0,45.02087,11.45064
029048,Villadose,RO,Veneto,1,4,0,45.07995,11.91243
029049,Villamarzana,RO,Veneto,4,10,0,45.01813,11.68802
029050,Villanova del Ghebbo,RO,Veneto,6,11,0,45.06696,11.65866
029051,Villanova Marchesana,RO,Veneto,2,9,0,45.0004,11.96755
029052,Porto Viro,RO,Veneto,-3,6,0,45.01498,12.30465
030001,Aiello del Friuli,UD,Friuli-Venezia Giulia,8,22,0,45.87225,13.35387
030002,Amaro,UD,Friuli-Venezia Giulia,248,1905,0,46.39036,13.10148
030003,Ampezzo,UD,Friuli-Venezia Giulia,450,2120,0,46.41873,12.75084
030004,Aquileia,UD,Friuli-Venezia Giulia,-1,12,0,45.75618,13.36167
030005,Arta Terme,UD,Friuli-Venezia Giulia,393,2187,0,46.47969,13.06446
030006,Artegna,UD,Friuli-Venezia Giulia,173,525,0,46.23935,13.14576
030007,Attimis,UD,Friuli-Venezia Giulia,146,1094,0,46.18985,13.33306
030008,Bagnaria Arsa,UD,Friuli-Venezia Giulia,3,23,0,45.86604,13.30006
030009,Basiliano,UD,Friuli-Venezia Giulia,51,101,0,46.016,13.09633
030010,Bertiolo,UD,Friuli-Venezia Giulia,15,47,0,45.93624,13.06097
030011,Bicinicco,UD,Friuli-Venezia Giulia,26,46,0,45.92712,13.24552
030012,Bordano,UD,Friuli-Venezia Giulia,197,1505,0,46.32388,13.09926
030013,Buja,UD,Friuli-Venezia Giulia,160,335,0,46.2148,13.11137
030014,Buttrio,UD,Friuli-Venezia Giulia,60,144,0,46.01369,13.33599
030015,Camino al Tagliamento,UD,Friuli-Venezia Giulia,19,45,0,45.92424,12.93896
030016,Campoformido,UD,Friuli-Venezia Giulia,64,101,0,46.02575,13.1719
030018,Carlino,UD,Friuli-Venezia Giulia,1,6,0,45.79169,13.1774
030019,Cassacco,UD,Friuli-Venezia Giulia,149,250,0,46.18124,13.18487
030020,Castions di Strada,UD,Friuli-Venezia Giulia,6,32,0,45.8899,13.18393
030021,Cavazzo Carnico,UD,Friuli-Venezia Giulia,195,1725,0,46.35428,13.02972
030022,Cercivento,UD,Friuli-Venezia Giulia,548,2062,0,46.53992,12.97712
030023,Cervignano del Friuli,UD,Friuli-Venezia Giulia,1,14,0,45.82936,13.33301
030024,Chiopris-Viscone,UD,Friuli-Venezia Giulia,29,46,0,45.92997,13.39118
030025,Chiusaforte,UD,Friuli-Venezia Giulia,321,2600,0,46.40427,13.38559
030026,Cividale del Friuli,UD,Friuli-Venezia Giulia,93,508,0,46.0823,13.44423
030027,Codroipo,UD,Friuli-Venezia Giulia,20,72,0,45.95897,12.98563
030028,Colloredo di Monte Albano,UD,Friuli-Venezia Giulia,149,235,0,46.16199,13.11706
030029,Comeglians,UD,Friuli-Venezia Giulia,520,2225,0,46.53236,12.88275
030030,Corno di Rosazzo,UD,Friuli-Venezia Giulia,60,213,0,45.99957,13.44272
030031,Coseano,UD,Friuli-Venezia Giulia,92,144,0,46.08113,13.01067
030032,Dignano,UD,Friuli-Venezia Giulia,86,153,0,46.0941,12.94928
030033,Dogna,UD,Friuli-Venezia Giulia,418,2680,0,46.45539,13.35678
030034,Drenchia,UD,Friuli-Venezia Giulia,299,1125,0,46.17281,13.63538
030035,Enemonzo,UD,Friuli-Venezia Giulia,350,1868,0,46.40525,12.8827
030036,Faedis,UD,Friuli-Venezia Giulia,117,1126,0,46.16026,13.37203
030037,Fagagna,UD,Friuli-Venezia Giulia,96,264,0,46.1074,13.08717
030039,Flaibano,UD,Friuli-Venezia Giulia,77,120,0,46.05675,12.96833
030040,Forni Avoltri,UD,Friuli-Venezia Giulia,774,2775,0,46.59915,12.79479
030041,Forni di Sopra,UD,Friuli-Venezia Giulia,788,2514,0,46.4224,12.56232
030042,Forni di Sotto,UD,Friuli-Venezia Giulia,558,2450,0,46.39046,12.65544
030043,Gemona del Friuli,UD,Friuli-Venezia Giulia,176,1705,0,46.29046,13.15768
030044,Gonars,UD,Friuli-Venezia Giulia,12,30,0,45.89327,13.24961
030045,Grimacco,UD,Friuli-Venezia Giulia,218,987,0,46.16376,13.5975
030046,Latisana,UD,Friuli-Venezia Giulia,1,9,0,45.74113,13.03313
030047,Lauco,UD,Friuli-Venezia Giulia,395,1912,0,46.44615,12.93003
030048,Lestizza,UD,Friuli-Venezia Giulia,34,60,0,45.97119,13.11398
030049,Lignano Sabbiadoro,UD,Friuli-Venezia Giulia,0,10,0,45.67222,13.10286
030051,Lusevera,UD,Friuli-Venezia Giulia,300,1860,0,46.29326,13.27372
030052,Magnano in Riviera,UD,Friuli-Venezia Giulia,182,441,0,46.22096,13.1789
030053,Majano,UD,Friuli-Venezia Giulia,150,284,0,46.18706,13.06392
030054,Malborghetto Valbruna,UD,Friuli-Venezia Giulia,624,2680,0,46.50945,13.43953
030055,Manzano,UD,Friuli-Venezia Giulia,43,235,0,45.99106,13.37688
030056,Marano Lagunare,UD,Friuli-Venezia Giulia,0,3,0,45.73118,13.15743
030057,Martignacco,UD,Friuli-Venezia Giulia,100,190,0,46.08283,13.14851
030058,Mereto di Tomba,UD,Friuli-Venezia Giulia,69,117,0,46.04248,13.05286
030059,Moggio Udinese,UD,Friuli-Venezia Giulia,287,2175,0,46.45888,13.19354
030060,Moimacco,UD,Friuli-Venezia Giulia,102,131,0,46.09259,13.3699
030061,Montenars,UD,Friuli-Venezia Giulia,245,1350,0,46.26078,13.19329
030062,Mortegliano,UD,Friuli-Venezia Giulia,28,58,0,45.94966,13.19537
030063,Moruzzo,UD,Friuli-Venezia Giulia,144,272,0,46.12718,13.13894
030064,Muzzana del Turgnano,UD,Friuli-Venezia Giulia,1,11,0,45.81093,13.13326
030065,Nimis,UD,Friuli-Venezia Giulia,178,975,0,46.22024,13.29301
030066,Osoppo,UD,Friuli-Venezia Giulia,154,310,0,46.24384,13.06701
030067,Ovaro,UD,Friuli-Venezia Giulia,422,2075,0,46.48359,12.85878
030068,Pagnacco,UD,Friuli-Venezia Giulia,118,220,0,46.12541,13.18187
030069,Palazzolo dello Stella,UD,Friuli-Venezia Giulia,1,8,0,45.79021,13.07862
030070,Palmanova,UD,Friuli-Venezia Giulia,18,34,0,45.90754,13.32482
030071,Paluzza,UD,Friuli-Venezia Giulia,500,2750,0,46.57248,12.98293
030072,Pasian di Prato,UD,Friuli-Venezia Giulia,88,123,0,46.0528,13.16785
030073,Paularo,UD,Friuli-Venezia Giulia,512,2184,0,46.53986,13.12986
030074,Pavia di Udine,UD,Friuli-Venezia Giulia,45,76,0,45.98144,13.28684
030075,Pocenia,UD,Friuli-Venezia Giulia,4,16,0,45.85249,13.11795
030076,Pontebba,UD,Friuli-Venezia Giulia,475,2239,0,46.51751,13.30011
030077,Porpetto,UD,Friuli-Venezia Giulia,5,17,0,45.85862,13.2109
030078,Povoletto,UD,Friuli-Venezia Giulia,116,375,0,46.14068,13.29047
030079,Pozzuolo del Friuli,UD,Friuli-Venezia Giulia,49,88,0,45.99491,13.20602
030080,Pradamano,UD,Friuli-Venezia Giulia,71,105,0,46.0317,13.29299
030081,Prato Carnico,UD,Friuli-Venezia Giulia,549,2450,0,46.51591,12.73811
030082,Precenicco,UD,Friuli-Venezia Giulia,1,6,0,45.76176,13.06076
030083,Premariacco,UD,Friuli-Venezia Giulia,70,218,0,46.04624,13.38653
030084,Preone,UD,Friuli-Venezia Giulia,389,1914,0,46.36437,12.87734
030085,Prepotto,UD,Friuli-Venezia Giulia,68,719,0,46.07265,13.5113
030086,Pulfero,UD,Friuli-Venezia Giulia,170,1641,0,46.18765,13.47473
030087,Ragogna,UD,Friuli-Venezia Giulia,120,512,0,46.17903,12.98189
030088,Ravascletto,UD,Friuli-Venezia Giulia,672,2135,0,46.5371,12.92727
030089,Raveo,UD,Friuli-Venezia Giulia,385,2037,0,46.44296,12.85429
030090,Reana del Rojale,UD,Friuli-Venezia Giulia,133,259,0,46.14891,13.2463
030091,Remanzacco,UD,Friuli-Venezia Giulia,86,127,0,46.08065,13.3258
030092,Resia,UD,Friuli-Venezia Giulia,338,2498,0,46.3511,13.34518
030093,Resiutta,UD,Friuli-Venezia Giulia,300,1900,0,46.37725,13.21952
030094,Rigolato,UD,Friuli-Venezia Giulia,598,2350,0,46.55765,12.83865
030095,Rive d'Arcano,UD,Friuli-Venezia Giulia,122,240,0,46.12518,13.02747
030097,Ronchis,UD,Friuli-Venezia Giulia,5,12,0,45.82048,13.00689
030098,Ruda,UD,Friuli-Venezia Giulia,6,20,0,45.83714,13.38722
030099,San Daniele del Friuli,UD,Friuli-Venezia Giulia,116,255,0,46.15674,13.00233
030100,San Giorgio di Nogaro,UD,Friuli-Venezia Giulia,1,10,0,45.81045,13.21687
030101,San Giovanni al Natisone,UD,Friuli-Venezia Giulia,36,127,0,45.9645,13.40801
030102,San Leonardo,UD,Friuli-Venezia Giulia,149,712,0,46.12468,13.54144
030103,San Pietro al Natisone,UD,Friuli-Venezia Giulia,140,866,0,46.13748,13.4981
030104,Santa Maria la Longa,UD,Friuli-Venezia Giulia,29,60,0,45.93949,13.2862
030105,San Vito al Torre,UD,Friuli-Venezia Giulia,16,34,0,45.89887,13.38032
030106,San Vito di Fagagna,UD,Friuli-Venezia Giulia,105,147,0,46.08431,13.055
030107,Sauris,UD,Friuli-Venezia Giulia,700,2462,0,46.46756,12.70123
030108,Savogna,UD,Friuli-Venezia Giulia,199,1629,0,46.18378,13.54568
030109,Sedegliano,UD,Friuli-Venezia Giulia,53,95,0,46.01706,12.9653
030110,Socchieve,UD,Friuli-Venezia Giulia,395,2054,0,46.38349,12.79727
030111,Stregna,UD,Friuli-Venezia Giulia,199,912,0,46.1328,13.60248
030112,Sutrio,UD,Friuli-Venezia Giulia,475,1970,0,46.49979,12.9674
030113,Taipana,UD,Friuli-Venezia Giulia,300,1636,0,46.26131,13.35205
030114,Talmassons,UD,Friuli-Venezia Giulia,12,38,0,45.91262,13.12006
030116,Tarcento,UD,Friuli-Venezia Giulia,187,878,0,46.22368,13.22618
030117,Tarvisio,UD,Friuli-Venezia Giulia,608,2627,0,46.47816,13.58523
030118,Tavagnacco,UD,Friuli-Venezia Giulia,117,177,0,46.11014,13.22099
030120,Terzo d'Aquileia,UD,Friuli-Venezia Giulia,1,6,0,45.77844,13.31362
030121,Tolmezzo,UD,Friuli-Venezia Giulia,286,1785,0,46.42505,13.03648
030122,Torreano,UD,Friuli-Venezia Giulia,116,1167,0,46.14594,13.41863
030123,Torviscosa,UD,Friuli-Venezia Giulia,1,15,0,45.8184,13.26546
030124,Trasaghis,UD,Friuli-Venezia Giulia,165,1587,0,46.29482,13.02944
030126,Treppo Grande,UD,Friuli-Venezia Giulia,151,245,0,46.1894,13.15342
030127,Tricesimo,UD,Friuli-Venezia Giulia,128,239,0,46.15952,13.20767
030128,Trivignano Udinese,UD,Friuli-Venezia Giulia,30,51,0,45.93999,13.33778
030129,Udine,UD,Friuli-Venezia Giulia,70,138,100170,46.06405,13.24555
030130,Varmo,UD,Friuli-Venezia Giulia,8,30,0,45.88181,12.99276
030131,Venzone,UD,Friuli-Venezia Giulia,218,1904,0,46.34751,13.16519
030132,Verzegnis,UD,Friuli-Venezia Giulia,295,1900,0,46.36999,12.95748
030133,Villa Santina,UD,Friuli-Venezia Giulia,326,1512,0,46.40582,12.93741
030135,Visco,UD,Friuli-Venezia Giulia,19,26,0,45.89487,13.34543
030136,Zuglio,UD,Friuli-Venezia Giulia,388,1765,0,46.46435,12.99374
030137,Forgaria nel Friuli,UD,Friuli-Venezia Giulia,139,964,0,46.23068,12.98996
030138,Campolongo Tapogliano,UD,Friuli-Venezia Giulia,11,26,0,45.86732,13.40071
030188,Rivignano Teor,UD,Friuli-Venezia Giulia,,,0,45.86436,13.06124
030189,Sappada,UD,Friuli-Venezia Giulia,,,0,46.56432,12.68564
030190,Fiumicello Villa Vicentina,UD,Friuli-Venezia Giulia,,,0,45.78444,13.40933
030191,Treppo Ligosullo,UD,Friuli-Venezia Giulia,,,0,46.54655,13.06612
031001,Capriva del Friuli,GO,Friuli-Venezia Giulia,42,127,0,45.94728,13.51183
031002,Cormons,GO,Friuli-Venezia Giulia,27,274,0,45.95589,13.46912
031003,Doberdò del Lago-Doberdob,GO,Friuli-Venezia Giulia,5,234,0,45.84169,13.56111
031004,Dolegna del Collio,GO,Friuli-Venezia Giulia,67,333,0,46.01789,13.48523
031005,Farra d'Isonzo,GO,Friuli-Venezia Giulia,30,116,0,45.90826,13.52807
031006,Fogliano Redipuglia,GO,Friuli-Venezia Giulia,15,138,0,45.85693,13.49015
031007,Gorizia,GO,Friuli-Venezia Giulia,39,609,34428,45.94405,13.59864
031008,Gradisca d'Isonzo,GO,Friuli-Venezia Giulia,15,45,0,45.89259,13.48669
031009,Grado,GO,Friuli-Venezia Giulia,0,10,0,45.71668,13.38106
031010,Mariano del Friuli,GO,Friuli-Venezia Giulia,26,44,0,45.91347,13.46944
031011,Medea,GO,Friuli-Venezia Giulia,23,134,0,45.91753,13.42585
031012,Monfalcone,GO,Friuli-Venezia Giulia,0,129,26706,45.79913,13.54344
031013,Moraro,GO,Friuli-Venezia Giulia,40,49,0,45.92763,13.49972
031014,Mossa,GO,Friuli-Venezia Giulia,54,112,0,45.93973,13.54605
031015,Romans d'Isonzo,GO,Friuli-Venezia Giulia,16,32,0,45.89302,13.43258
031016,Ronchi dei Legionari,GO,Friuli-Venezia Giulia,7,135,0,45.82984,13.50751
031017,Sagrado,GO,Friuli-Venezia Giulia,19,273,0,45.87877,13.52009
031018,San Canzian d'Isonzo,GO,Friuli-Venezia Giulia,1,13,0,45.77816,13.46412
031019,San Floriano del Collio-teverjan,GO,Friuli-Venezia Giulia,53,275,0,45.96925,13.56849
031020,San Lorenzo Isontino,GO,Friuli-Venezia Giulia,45,112,0,45.93214,13.52637
031021,San Pier d'Isonzo,GO,Friuli-Venezia Giulia,12,44,0,45.84256,13.45894
031022,Savogna d'Isonzo-Sovodnje ob So?i,GO,Friuli-Venezia Giulia,37,275,0,45.89204,13.57316
031023,Staranzano,GO,Friuli-Venezia Giulia,0,10,0,45.77843,13.50403
031024,Turriaco,GO,Friuli-Venezia Giulia,9,16,0,45.82325,13.4402
031025,Villesse,GO,Friuli-Venezia Giulia,11,22,0,45.8601,13.43837
032001,Duino Aurisina-Devin Nabreina,TS,Friuli-Venezia Giulia,0,343,0,45.77467,13.65312
032002,Monrupino-Repentabor,TS,Friuli-Venezia Giulia,274,533,0,45.71737,13.80292
032003,Muggia,TS,Friuli-Venezia Giulia,0,244,0,45.59653,13.77581
032004,San Dorligo della Valle-Dolina,TS,Friuli-Venezia Giulia,5,660,0,45.61221,13.85739
032005,Sgonico-Zgonik,TS,Friuli-Venezia Giulia,156,528,0,45.73384,13.74524
032006,Trieste,TS,Friuli-Venezia Giulia,0,672,204338,45.66399,13.7986
033001,Agazzano,PC,Emilia-Romagna,89,367,0,44.9674,9.50193
033002,Alseno,PC,Emilia-Romagna,47,204,0,44.8873,9.96246
033003,Besenzone,PC,Emilia-Romagna,40,61,0,44.97381,9.98013
033004,Bettola,PC,Emilia-Romagna,239,1305,0,44.77862,9.59654
033005,Bobbio,PC,Emilia-Romagna,197,1459,0,44.79203,9.38586
033006,Borgonovo Val Tidone,PC,Emilia-Romagna,72,342,0,45.00776,9.46196
033007,Cadeo,PC,Emilia-Romagna,50,83,0,44.97558,9.85069
033008,Calendasco,PC,Emilia-Romagna,47,65,0,45.09125,9.60827
033010,Caorso,PC,Emilia-Romagna,41,54,0,45.05358,9.85552
033011,Carpaneto Piacentino,PC,Emilia-Romagna,71,382,0,44.89913,9.79677
033012,Castell'Arquato,PC,Emilia-Romagna,90,438,0,44.8663,9.86841
033013,Castel San Giovanni,PC,Emilia-Romagna,53,195,0,45.05806,9.42767
033014,Castelvetro Piacentino,PC,Emilia-Romagna,35,48,0,45.08823,9.99159
033015,Cerignale,PC,Emilia-Romagna,310,1205,0,44.66149,9.35917
033016,Coli,PC,Emilia-Romagna,182,1428,0,44.76038,9.4554
033017,Corte Brugnatella,PC,Emilia-Romagna,262,1300,0,44.7082,9.37116
033018,Cortemaggiore,PC,Emilia-Romagna,41,64,0,45.00028,9.92065
033019,Farini,PC,Emilia-Romagna,384,1421,0,44.70153,9.56864
033020,Ferriere,PC,Emilia-Romagna,336,1753,0,44.6331,9.48767
033021,Fiorenzuola d'Arda,PC,Emilia-Romagna,47,111,0,44.93424,9.91008
033022,Gazzola,PC,Emilia-Romagna,90,613,0,44.93926,9.55373
033023,Gossolengo,PC,Emilia-Romagna,73,116,0,44.98773,9.62416
033024,Gragnano Trebbiense,PC,Emilia-Romagna,65,111,0,45.00986,9.55852
033025,Gropparello,PC,Emilia-Romagna,175,1087,0,44.81636,9.70944
033026,Lugagnano Val d'Arda,PC,Emilia-Romagna,150,926,0,44.8118,9.77832
033027,Monticelli d'Ongina,PC,Emilia-Romagna,35,47,0,45.0895,9.92885
033028,Morfasso,PC,Emilia-Romagna,320,1351,0,44.72678,9.72143
033030,Ottone,PC,Emilia-Romagna,382,1660,0,44.62653,9.30124
033032,Piacenza,PC,Emilia-Romagna,42,87,103607,45.04143,9.71779
033033,Pianello Val Tidone,PC,Emilia-Romagna,132,804,0,44.92595,9.41118
033034,Piozzano,PC,Emilia-Romagna,173,801,0,44.90786,9.46379
033035,Podenzano,PC,Emilia-Romagna,70,137,0,44.97048,9.70225
033036,Ponte dell'Olio,PC,Emilia-Romagna,153,679,0,44.85858,9.66508
033037,Pontenure,PC,Emilia-Romagna,51,88,0,44.99328,9.79594
033038,Rivergaro,PC,Emilia-Romagna,100,703,0,44.91644,9.61183
033039,Rottofreno,PC,Emilia-Romagna,51,81,0,45.06349,9.56564
033040,San Giorgio Piacentino,PC,Emilia-Romagna,75,268,0,44.92379,9.73989
033041,San Pietro in Cerro,PC,Emilia-Romagna,36,51,0,45.03014,9.93401
033042,Sarmato,PC,Emilia-Romagna,53,95,0,45.06556,9.49838
033043,Travo,PC,Emilia-Romagna,122,835,0,44.85769,9.52596
033044,Vernasca,PC,Emilia-Romagna,142,953,0,44.78782,9.84304
033045,Vigolzone,PC,Emilia-Romagna,122,700,0,44.88978,9.63933
033046,Villanova sull'Arda,PC,Emilia-Romagna,34,43,0,45.03015,10.01702
033047,Zerba,PC,Emilia-Romagna,363,1713,0,44.67368,9.26031
033048,Ziano Piacentino,PC,Emilia-Romagna,104,454,0,44.9907,9.38354
033049,Alta Val Tidone,PC,Emilia-Romagna,,,0,44.89911,9.35907
034001,Albareto,PR,Emilia-Romagna,405,1639,0,44.43442,9.70038
034002,Bardi,PR,Emilia-Romagna,317,1618,0,44.61867,9.70947
034003,Bedonia,PR,Emilia-Romagna,454,1765,0,44.52534,9.57898
034004,Berceto,PR,Emilia-Romagna,226,1407,0,44.53015,9.97598
034005,Bore,PR,Emilia-Romagna,267,1305,0,44.7112,9.8162
034006,Borgo Val di Taro,PR,Emilia-Romagna,308,1552,0,44.5019,9.80074
034007,Busseto,PR,Emilia-Romagna,32,71,0,44.95876,10.06024
034008,Calestano,PR,Emilia-Romagna,287,1314,0,44.59024,10.13067
034009,Collecchio,PR,Emilia-Romagna,66,323,0,44.75111,10.20748
034010,Colorno,PR,Emilia-Romagna,25,36,0,44.94137,10.38064
034011,Compiano,PR,Emilia-Romagna,433,1462,0,44.53155,9.67732
034012,Corniglio,PR,Emilia-Romagna,382,1850,0,44.47575,10.07312
034013,Felino,PR,Emilia-Romagna,140,471,0,44.67951,10.23874
034014,Fidenza,PR,Emilia-Romagna,45,353,21952,44.86207,10.05591
034015,Fontanellato,PR,Emilia-Romagna,38,73,0,44.88088,10.16433
034016,Fontevivo,PR,Emilia-Romagna,43,66,0,44.84871,10.20318
034017,Fornovo di Taro,PR,Emilia-Romagna,121,621,0,44.66857,10.11184
034018,Langhirano,PR,Emilia-Romagna,160,1082,0,44.6146,10.23318
034019,Lesignano de' Bagni,PR,Emilia-Romagna,167,657,0,44.61791,10.29872
034020,Medesano,PR,Emilia-Romagna,86,564,0,44.73972,10.0803
034022,Monchio delle Corti,PR,Emilia-Romagna,584,1856,0,44.39643,10.11291
034023,Montechiarugolo,PR,Emilia-Romagna,69,158,0,44.70432,10.39275
034024,Neviano degli Arduini,PR,Emilia-Romagna,189,1101,0,44.54295,10.31291
034025,Noceto,PR,Emilia-Romagna,60,385,0,44.80258,10.1357
034026,Palanzano,PR,Emilia-Romagna,351,1550,0,44.44141,10.20772
034027,Parma,PR,Emilia-Romagna,25,190,198292,44.79364,10.32759
034028,Pellegrino Parmense,PR,Emilia-Romagna,200,957,0,44.74597,9.90911
034030,Roccabianca,PR,Emilia-Romagna,24,37,0,44.99794,10.21143
034031,Sala Baganza,PR,Emilia-Romagna,116,509,0,44.69646,10.19887
034032,Salsomaggiore Terme,PR,Emilia-Romagna,90,531,15754,44.80399,9.98137
034033,San Secondo Parmense,PR,Emilia-Romagna,32,47,0,44.92727,10.21584
034035,Solignano,PR,Emilia-Romagna,136,895,0,44.64387,9.9721
034036,Soragna,PR,Emilia-Romagna,32,60,0,44.9377,10.13855
034038,Terenzo,PR,Emilia-Romagna,200,1026,0,44.61126,10.06749
034039,Tizzano Val Parma,PR,Emilia-Romagna,333,1575,0,44.50831,10.19776
034040,Tornolo,PR,Emilia-Romagna,469,1667,0,44.44959,9.54516
034041,Torrile,PR,Emilia-Romagna,26,42,0,44.90162,10.34285
034042,Traversetolo,PR,Emilia-Romagna,122,464,0,44.63419,10.37219
034044,Valmozzola,PR,Emilia-Romagna,269,1269,0,44.57565,9.87465
034045,Varano de' Melegari,PR,Emilia-Romagna,142,916,0,44.69302,9.98316
034046,Varsi,PR,Emilia-Romagna,254,1278,0,44.6429,9.84935
034049,Sissa Trecasali,PR,Emilia-Romagna,,,0,44.94827,10.27986
034050,Polesine Zibello,PR,Emilia-Romagna,,,0,45.01279,10.11789
034051,Sorbolo Mezzani,PR,Emilia-Romagna,,,0,44.88719,10.43892
035001,Albinea,RE,Emilia-Romagna,79,529,0,44.6088,10.61297
035002,Bagnolo in Piano,RE,Emilia-Romagna,23,34,0,44.78408,10.6789
035003,Baiso,RE,Emilia-Romagna,170,855,0,44.48132,10.62174
035004,Bibbiano,RE,Emilia-Romagna,57,172,0,44.67318,10.47873
035005,Boretto,RE,Emilia-Romagna,20,28,0,44.89514,10.56113
035006,Brescello,RE,Emilia-Romagna,20,34,0,44.88345,10.4909
035008,Cadelbosco di Sopra,RE,Emilia-Romagna,21,40,0,44.79611,10.61877
035009,Campagnola Emilia,RE,Emilia-Romagna,19,29,0,44.84298,10.76238
035010,Campegine,RE,Emilia-Romagna,26,47,0,44.77897,10.52484
035011,Carpineti,RE,Emilia-Romagna,294,988,0,44.45187,10.53009
035012,Casalgrande,RE,Emilia-Romagna,57,379,0,44.58895,10.75263
035013,Casina,RE,Emilia-Romagna,246,738,0,44.52759,10.48981
035014,Castellarano,RE,Emilia-Romagna,119,478,0,44.52285,10.70187
035015,Castelnovo di Sotto,RE,Emilia-Romagna,20,31,0,44.82165,10.57768
035016,Castelnovo ne' Monti,RE,Emilia-Romagna,343,1047,0,44.43868,10.41694
035017,Cavriago,RE,Emilia-Romagna,44,132,0,44.7033,10.52685
035018,Canossa,RE,Emilia-Romagna,184,737,0,44.55112,10.41273
035020,Correggio,RE,Emilia-Romagna,24,43,15571,44.76298,10.76557
035021,Fabbrico,RE,Emilia-Romagna,18,25,0,44.87594,10.81282
035022,Gattatico,RE,Emilia-Romagna,29,66,0,44.79987,10.47149
035023,Gualtieri,RE,Emilia-Romagna,19,23,0,44.88166,10.61677
035024,Guastalla,RE,Emilia-Romagna,18,25,0,44.9053,10.6816
035026,Luzzara,RE,Emilia-Romagna,18,26,0,44.95377,10.71128
035027,Montecchio Emilia,RE,Emilia-Romagna,60,120,0,44.70782,10.45963
035028,Novellara,RE,Emilia-Romagna,18,30,0,44.84527,10.70856
035029,Poviglio,RE,Emilia-Romagna,20,33,0,44.85306,10.52538
035030,Quattro Castella,RE,Emilia-Romagna,107,433,0,44.62984,10.51382
035032,Reggiolo,RE,Emilia-Romagna,17,21,0,44.91446,10.79839
035033,Reggio nell'Emilia,RE,Emilia-Romagna,29,136,171944,44.69743,10.63469
035034,Rio Saliceto,RE,Emilia-Romagna,20,29,0,44.82736,10.8038
035035,Rolo,RE,Emilia-Romagna,18,22,0,44.88843,10.86395
035036,Rubiera,RE,Emilia-Romagna,39,64,0,44.67016,10.78786
035037,San Martino in Rio,RE,Emilia-Romagna,32,46,0,44.71517,10.78398
035038,San Polo d'Enza,RE,Emilia-Romagna,113,542,0,44.62136,10.44087
035039,Sant'Ilario d'Enza,RE,Emilia-Romagna,31,77,0,44.75093,10.46747
035040,Scandiano,RE,Emilia-Romagna,59,429,25896,44.5988,10.6899
035041,Toano,RE,Emilia-Romagna,285,944,0,44.38513,10.54556
035042,Vetto,RE,Emilia-Romagna,256,877,0,44.47523,10.35585
035043,Vezzano sul Crostolo,RE,Emilia-Romagna,146,738,0,44.57933,10.53007
035044,Viano,RE,Emilia-Romagna,141,702,0,44.54978,10.59445
035045,Villa Minozzo,RE,Emilia-Romagna,369,2120,0,44.31832,10.44139
035046,Ventasso,RE,Emilia-Romagna,,,0,44.35257,10.28094
036001,Bastiglia,MO,Emilia-Romagna,25,31,0,44.71966,10.99615
036002,Bomporto,MO,Emilia-Romagna,18,33,0,44.7529,11.04766
036003,Campogalliano,MO,Emilia-Romagna,31,46,0,44.69967,10.84151
036004,Camposanto,MO,Emilia-Romagna,15,23,0,44.80247,11.14402
036005,Carpi,MO,Emilia-Romagna,18,35,71148,44.80159,10.89254
036006,Castelfranco Emilia,MO,Emilia-Romagna,24,70,17315,44.59815,11.07282
036007,Castelnuovo Rangone,MO,Emilia-Romagna,45,98,0,44.56187,10.92991
036008,Castelvetro di Modena,MO,Emilia-Romagna,65,447,0,44.50233,10.92993
036009,Cavezzo,MO,Emilia-Romagna,19,30,0,44.8403,11.00144
036010,Concordia sulla Secchia,MO,Emilia-Romagna,13,23,0,44.92478,11.00175
036011,Fanano,MO,Emilia-Romagna,369,2099,0,44.18878,10.78247
036012,Finale Emilia,MO,Emilia-Romagna,8,19,0,44.84914,11.26678
036013,Fiorano Modenese,MO,Emilia-Romagna,93,415,16278,44.53046,10.82587
036014,Fiumalbo,MO,Emilia-Romagna,792,2165,0,44.17155,10.65402
036015,Formigine,MO,Emilia-Romagna,54,111,34328,44.58004,10.84593
036016,Frassinoro,MO,Emilia-Romagna,516,1709,0,44.26356,10.5391
036017,Guiglia,MO,Emilia-Romagna,168,735,0,44.40141,10.95591
036018,Lama Mocogno,MO,Emilia-Romagna,444,1617,0,44.29851,10.7
036019,Maranello,MO,Emilia-Romagna,103,478,0,44.50813,10.87009
036020,Marano sul Panaro,MO,Emilia-Romagna,126,642,0,44.43674,10.9139
036021,Medolla,MO,Emilia-Romagna,18,23,0,44.83787,11.07558
036022,Mirandola,MO,Emilia-Romagna,9,23,17380,44.90739,11.1245
036023,Modena,MO,Emilia-Romagna,1,70,184732,44.64407,10.91549
036024,Montecreto,MO,Emilia-Romagna,400,1881,0,44.25996,10.73209
036025,Montefiorino,MO,Emilia-Romagna,324,1218,0,44.34276,10.59638
036026,Montese,MO,Emilia-Romagna,254,1126,0,44.26734,10.92398
036027,Nonantola,MO,Emilia-Romagna,21,37,0,44.68518,11.05596
036028,Novi di Modena,MO,Emilia-Romagna,17,25,0,44.87319,10.92946
036029,Palagano,MO,Emilia-Romagna,295,1480,0,44.32943,10.6429
036030,Pavullo nel Frignano,MO,Emilia-Romagna,197,926,0,44.33745,10.84417
036031,Pievepelago,MO,Emilia-Romagna,738,1991,0,44.18171,10.57793
036032,Polinago,MO,Emilia-Romagna,294,1054,0,44.37263,10.72492
036033,Prignano sulla Secchia,MO,Emilia-Romagna,144,865,0,44.44885,10.71084
036034,Ravarino,MO,Emilia-Romagna,19,27,0,44.74416,11.09297
036035,Riolunato,MO,Emilia-Romagna,600,2162,0,44.23053,10.65211
036036,San Cesario sul Panaro,MO,Emilia-Romagna,33,74,0,44.5736,11.02375
036037,San Felice sul Panaro,MO,Emilia-Romagna,10,22,0,44.84518,11.15063
036038,San Possidonio,MO,Emilia-Romagna,17,23,0,44.88521,10.99182
036039,San Prospero,MO,Emilia-Romagna,19,32,0,44.7895,11.03262
036040,Sassuolo,MO,Emilia-Romagna,74,425,36926,44.53341,10.77824
036041,Savignano sul Panaro,MO,Emilia-Romagna,70,384,0,44.47622,11.02115
036042,Serramazzoni,MO,Emilia-Romagna,200,904,0,44.43362,10.81248
036043,Sestola,MO,Emilia-Romagna,319,2155,0,44.2477,10.78651
036044,Soliera,MO,Emilia-Romagna,21,32,0,44.74772,10.9417
036045,Spilamberto,MO,Emilia-Romagna,46,154,0,44.53696,11.00044
036046,Vignola,MO,Emilia-Romagna,86,302,22397,44.4868,10.99615
036047,Zocca,MO,Emilia-Romagna,199,912,0,44.36095,10.9948
037001,Anzola dell'Emilia,BO,Emilia-Romagna,24,59,0,44.56515,11.19343
037002,Argelato,BO,Emilia-Romagna,18,29,0,44.63128,11.33245
037003,Baricella,BO,Emilia-Romagna,3,15,0,44.66854,11.5714
037005,Bentivoglio,BO,Emilia-Romagna,10,26,0,44.63298,11.42281
037006,Bologna,BO,Emilia-Romagna,31,392,394843,44.49799,11.33342
037007,Borgo Tossignano,BO,Emilia-Romagna,76,550,0,44.27209,11.61076
037008,Budrio,BO,Emilia-Romagna,8,39,0,44.56261,11.54617
037009,Calderara di Reno,BO,Emilia-Romagna,22,43,0,44.56824,11.27471
037010,Camugnano,BO,Emilia-Romagna,270,1280,0,44.15287,11.09593
037011,Casalecchio di Reno,BO,Emilia-Romagna,51,368,33789,44.47096,11.26535
037012,Casalfiumanese,BO,Emilia-Romagna,70,753,0,44.29478,11.53601
037013,Castel d'Aiano,BO,Emilia-Romagna,275,1005,0,44.27953,11.01621
037014,Castel del Rio,BO,Emilia-Romagna,174,967,0,44.2056,11.4954
037015,Castel di Casio,BO,Emilia-Romagna,284,1138,0,44.15953,11.0225
037016,Castel Guelfo di Bologna,BO,Emilia-Romagna,13,50,0,44.44465,11.66187
037017,Castello d'Argile,BO,Emilia-Romagna,15,25,0,44.68592,11.30891
037019,Castel Maggiore,BO,Emilia-Romagna,22,52,16068,44.57195,11.35393
037020,Castel San Pietro Terme,BO,Emilia-Romagna,29,603,0,44.3962,11.54814
037021,Castenaso,BO,Emilia-Romagna,29,61,0,44.51121,11.46518
037022,Castiglione dei Pepoli,BO,Emilia-Romagna,292,1204,0,44.15067,11.18314
037024,Crevalcore,BO,Emilia-Romagna,14,23,0,44.75243,11.18573
037025,Dozza,BO,Emilia-Romagna,36,278,0,44.38258,11.63744
037026,Fontanelice,BO,Emilia-Romagna,111,603,0,44.25188,11.54525
037027,Gaggio Montano,BO,Emilia-Romagna,253,1118,0,44.21841,10.98114
037028,Galliera,BO,Emilia-Romagna,10,21,0,44.74697,11.42941
037030,Granarolo dell'Emilia,BO,Emilia-Romagna,19,40,0,44.56125,11.43256
037031,Grizzana Morandi,BO,Emilia-Romagna,157,930,0,44.24889,11.13055
037032,Imola,BO,Emilia-Romagna,7,316,69953,44.38773,11.7159
037033,Lizzano in Belvedere,BO,Emilia-Romagna,393,1945,0,44.16272,10.86413
037034,Loiano,BO,Emilia-Romagna,249,864,0,44.28209,11.32662
037035,Malalbergo,BO,Emilia-Romagna,8,20,0,44.68746,11.50978
037036,Marzabotto,BO,Emilia-Romagna,118,740,0,44.33846,11.20236
037037,Medicina,BO,Emilia-Romagna,6,34,0,44.51417,11.66896
037038,Minerbio,BO,Emilia-Romagna,7,24,0,44.61653,11.50264
037039,Molinella,BO,Emilia-Romagna,3,19,0,44.60833,11.68575
037040,Monghidoro,BO,Emilia-Romagna,347,1253,0,44.21724,11.32131
037041,Monterenzio,BO,Emilia-Romagna,148,858,0,44.29677,11.42362
037042,Monte San Pietro,BO,Emilia-Romagna,57,786,0,44.42611,11.14594
037044,Monzuno,BO,Emilia-Romagna,153,965,0,44.28299,11.25065
037045,Mordano,BO,Emilia-Romagna,10,26,0,44.40962,11.79623
037046,Ozzano dell'Emilia,BO,Emilia-Romagna,28,429,0,44.42851,11.47617
037047,Pianoro,BO,Emilia-Romagna,91,638,0,44.37662,11.35665
037048,Pieve di Cento,BO,Emilia-Romagna,14,20,0,44.7338,11.32549
037050,Sala Bolognese,BO,Emilia-Romagna,20,30,0,44.62644,11.2678
037051,San Benedetto Val di Sambro,BO,Emilia-Romagna,278,1186,0,44.19802,11.23617
037052,San Giorgio di Piano,BO,Emilia-Romagna,15,27,0,44.65755,11.37472
037053,San Giovanni in Persiceto,BO,Emilia-Romagna,15,44,15783,44.66019,11.20322
037054,San Lazzaro di Savena,BO,Emilia-Romagna,45,325,22350,44.45071,11.42615
037055,San Pietro in Casale,BO,Emilia-Romagna,11,19,0,44.7105,11.40494
037056,Sant'Agata Bolognese,BO,Emilia-Romagna,17,36,0,44.66584,11.12744
037057,Sasso Marconi,BO,Emilia-Romagna,73,667,0,44.40658,11.24215
037059,Vergato,BO,Emilia-Romagna,155,883,0,44.29138,11.08585
037060,Zola Predosa,BO,Emilia-Romagna,42,388,15965,44.49492,11.21053
037061,Valsamoggia,BO,Emilia-Romagna,,,0,44.44417,11.09125
037062,Alto Reno Terme,BO,Emilia-Romagna,,,0,44.12776,10.93618
038001,Argenta,FE,Emilia-Romagna,-2,21,0,44.62219,11.8893
038003,Bondeno,FE,Emilia-Romagna,7,14,0,44.9031,11.37382
038004,Cento,FE,Emilia-Romagna,12,18,18191,44.7757,11.30788
038005,Codigoro,FE,Emilia-Romagna,-2,6,0,44.85837,12.12782
038006,Comacchio,FE,Emilia-Romagna,-2,4,0,44.68341,12.16199
038007,Copparo,FE,Emilia-Romagna,0,8,0,44.90241,11.8608
038008,Ferrara,FE,Emilia-Romagna,1,16,132009,44.82275,11.6493
038010,Jolanda di Savoia,FE,Emilia-Romagna,-1,4,0,44.87537,11.97901
038011,Lagosanto,FE,Emilia-Romagna,-2,3,0,44.7705,12.14315
038012,Masi Torello,FE,Emilia-Romagna,1,4,0,44.78288,11.79823
038014,Mesola,FE,Emilia-Romagna,-1,8,0,44.8998,12.21921
038017,Ostellato,FE,Emilia-Romagna,-3,8,0,44.72371,11.97794
038018,Poggio Renatico,FE,Emilia-Romagna,9,20,0,44.77022,11.49765
038019,Portomaggiore,FE,Emilia-Romagna,-1,6,0,44.69824,11.83891
038022,Vigarano Mainarda,FE,Emilia-Romagna,8,15,0,44.85264,11.49628
038023,Voghiera,FE,Emilia-Romagna,-1,8,0,44.76207,11.73797
038025,Goro,FE,Emilia-Romagna,0,4,0,44.83778,12.31045
038027,Fiscaglia,FE,Emilia-Romagna,,,0,44.78886,12.01433
038028,Terre del Reno,FE,Emilia-Romagna,,,0,44.80681,11.40489
038029,Riva del Po,FE,Emilia-Romagna,,,0,44.95403,11.91735
038030,Tresignana,FE,Emilia-Romagna,,,0,44.8257,11.88305
039001,Alfonsine,RA,Emilia-Romagna,1,13,0,44.54471,12.00335
039002,Bagnacavallo,RA,Emilia-Romagna,5,23,0,44.43925,12.00571
039003,Bagnara di Romagna,RA,Emilia-Romagna,11,23,0,44.3926,11.83479
039004,Brisighella,RA,Emilia-Romagna,47,850,0,44.19445,11.74085
039005,Casola Valsenio,RA,Emilia-Romagna,118,950,0,44.20492,11.61103
039006,Castel Bolognese,RA,Emilia-Romagna,29,239,0,44.32075,11.78708
039007,Cervia,RA,Emilia-Romagna,0,22,28700,44.2512,12.31505
039008,Conselice,RA,Emilia-Romagna,2,15,0,44.52721,11.83365
039009,Cotignola,RA,Emilia-Romagna,14,27,0,44.38006,11.91174
039010,Faenza,RA,Emilia-Romagna,12,225,41714,44.29721,11.90993
039011,Fusignano,RA,Emilia-Romagna,4,12,0,44.48291,11.97291
039012,Lugo,RA,Emilia-Romagna,3,21,21273,44.47732,11.90661
039013,Massa Lombarda,RA,Emilia-Romagna,4,20,0,44.46138,11.81444
039014,Ravenna,RA,Emilia-Romagna,0,21,80868,44.41258,12.19312
039015,Riolo Terme,RA,Emilia-Romagna,56,475,0,44.2766,11.70214
039016,Russi,RA,Emilia-Romagna,4,21,0,44.37268,12.0477
039017,Sant'Agata sul Santerno,RA,Emilia-Romagna,8,18,0,44.44698,11.86252
039018,Solarolo,RA,Emilia-Romagna,18,37,0,44.35766,11.83605
040001,Bagno di Romagna,FC,Emilia-Romagna,295,1500,0,43.86606,11.94533
040003,Bertinoro,FC,Emilia-Romagna,13,329,0,44.15711,12.14577
040004,Borghi,FC,Emilia-Romagna,69,447,0,44.01746,12.35276
040005,Castrocaro Terme e Terra del Sole,FC,Emilia-Romagna,49,367,0,44.17215,11.93391
040007,Cesena,FC,Emilia-Romagna,5,475,97137,44.13038,12.23492
040008,Cesenatico,FC,Emilia-Romagna,0,20,18925,44.17587,12.38015
040009,Civitella di Romagna,FC,Emilia-Romagna,95,858,0,44.01376,12.01176
040011,Dovadola,FC,Emilia-Romagna,99,582,0,44.12217,11.8792
040012,Forlì,FC,Emilia-Romagna,10,302,116696,44.22742,12.0498
040013,Forlimpopoli,FC,Emilia-Romagna,19,61,0,44.18956,12.12794
040014,Galeata,FC,Emilia-Romagna,195,931,0,43.99125,11.91349
040015,Gambettola,FC,Emilia-Romagna,19,37,0,44.1182,12.34781
040016,Gatteo,FC,Emilia-Romagna,0,29,0,44.13112,12.39184
040018,Longiano,FC,Emilia-Romagna,26,238,0,44.08265,12.34194
040019,Meldola,FC,Emilia-Romagna,43,457,0,44.09723,12.06434
040020,Mercato Saraceno,FC,Emilia-Romagna,50,794,0,43.98311,12.16687
040022,Modigliana,FC,Emilia-Romagna,95,714,0,44.14913,11.79795
040028,Montiano,FC,Emilia-Romagna,47,318,0,44.07322,12.29848
040031,Portico e San Benedetto,FC,Emilia-Romagna,270,1206,0,44.00039,11.7203
040032,Predappio,FC,Emilia-Romagna,64,712,0,44.09219,11.95152
040033,Premilcuore,FC,Emilia-Romagna,318,1250,0,43.96673,11.78161
040036,Rocca San Casciano,FC,Emilia-Romagna,182,785,0,44.06098,11.84224
040037,Roncofreddo,FC,Emilia-Romagna,69,469,0,44.04399,12.26593
040041,San Mauro Pascoli,FC,Emilia-Romagna,0,32,0,44.11501,12.43235
040043,Santa Sofia,FC,Emilia-Romagna,246,1650,0,43.91442,11.8507
040044,Sarsina,FC,Emilia-Romagna,160,878,0,43.92805,12.10399
040045,Savignano sul Rubicone,FC,Emilia-Romagna,0,86,0,44.10139,12.39919
040046,Sogliano al Rubicone,FC,Emilia-Romagna,81,637,0,43.97292,12.26511
040049,Tredozio,FC,Emilia-Romagna,244,1075,0,44.06235,11.75048
040050,Verghereto,FC,Emilia-Romagna,317,1407,0,43.80412,12.05579
041001,Acqualagna,PU,Marche,168,886,0,43.63299,12.63349
041002,Apecchio,PU,Marche,369,1503,0,43.55772,12.4191
041005,Belforte all'Isauro,PU,Marche,321,825,0,43.71226,12.36515
041006,Borgo Pace,PU,Marche,441,1251,0,43.64163,12.25385
041007,Cagli,PU,Marche,168,1477,0,43.56374,12.6541
041008,Cantiano,PU,Marche,317,1550,0,43.46809,12.62709
041009,Carpegna,PU,Marche,400,1415,0,43.76734,12.32049
041010,Cartoceto,PU,Marche,36,379,0,43.7778,12.91154
041013,Fano,PU,Marche,0,223,60978,43.81234,12.99454
041014,Fermignano,PU,Marche,119,850,0,43.66689,12.66158
041015,Fossombrone,PU,Marche,68,970,0,43.6652,12.80154
041016,Fratte Rosa,PU,Marche,142,446,0,43.63997,12.91162
041017,Frontino,PU,Marche,394,897,0,43.76611,12.36274
041018,Frontone,PU,Marche,269,1701,0,43.50363,12.71806
041019,Gabicce Mare,PU,Marche,0,130,0,43.95841,12.76824
041020,Gradara,PU,Marche,8,180,0,43.93274,12.77466
041021,Isola del Piano,PU,Marche,119,631,0,43.73114,12.77598
041022,Lunano,PU,Marche,250,735,0,43.74987,12.4354
041023,Macerata Feltria,PU,Marche,193,818,0,43.81066,12.44895
041025,Mercatello sul Metauro,PU,Marche,369,1054,0,43.63435,12.33323
041026,Mercatino Conca,PU,Marche,224,587,0,43.86277,12.51647
041027,Mombaroccio,PU,Marche,47,450,0,43.80711,12.86529
041028,Mondavio,PU,Marche,69,280,0,43.66859,12.97047
041029,Mondolfo,PU,Marche,0,156,0,43.75106,13.12253
041030,Montecalvo in Foglia,PU,Marche,70,345,0,43.80875,12.64163
041031,Monte Cerignone,PU,Marche,220,714,0,43.84385,12.43876
041034,Montefelcino,PU,Marche,67,555,0,43.7528,12.80804
041035,Monte Grimano Terme,PU,Marche,293,864,0,43.86526,12.45766
041036,Montelabbate,PU,Marche,26,377,0,43.84164,12.77657
041038,Monte Porzio,PU,Marche,37,254,0,43.70165,13.04773
041041,Peglio,PU,Marche,247,586,0,43.70074,12.49396
041043,Pergola,PU,Marche,171,720,0,43.56953,12.83525
041044,Pesaro,PU,Marche,0,314,77241,43.8729,12.85557
041045,Petriano,PU,Marche,98,333,0,43.78192,12.71699
041047,Piandimeleto,PU,Marche,245,981,0,43.74312,12.39625
041048,Pietrarubbia,PU,Marche,375,963,0,43.79881,12.38198
041049,Piobbico,PU,Marche,300,1505,0,43.58409,12.51183
041051,San Costanzo,PU,Marche,13,205,0,43.75376,13.05728
041054,San Lorenzo in Campo,PU,Marche,98,503,0,43.60949,12.93034
041057,Sant'Angelo in Vado,PU,Marche,297,750,0,43.66288,12.41677
041058,Sant'Ippolito,PU,Marche,67,375,0,43.682,12.88092
041061,Serra Sant'Abbondio,PU,Marche,345,1325,0,43.49011,12.76209
041064,Tavoleto,PU,Marche,165,637,0,43.84844,12.56797
041065,Tavullia,PU,Marche,22,331,0,43.88523,12.75048
041066,Urbania,PU,Marche,220,900,0,43.65051,12.52059
041067,Urbino,PU,Marche,84,639,0,43.7397,12.62415
041068,Vallefoglia,PU,Marche,,,0,43.82768,12.73694
041069,Colli al Metauro,PU,Marche,,,0,43.74889,12.8989
041070,Terre Roveresche,PU,Marche,,,0,43.70539,12.95919
041071,Sassocorvaro Auditore,PU,Marche,,,0,43.80006,12.52312
042001,Agugliano,AN,Marche,32,225,0,43.5545,13.3647
042002,Ancona,AN,Marche,0,564,89994,43.57281,13.49189
042003,Arcevia,AN,Marche,123,753,0,43.52592,12.95361
042004,Barbara,AN,Marche,90,221,0,43.58265,13.02131
042005,Belvedere Ostrense,AN,Marche,73,250,0,43.56929,13.15608
042006,Camerano,AN,Marche,12,214,0,43.52527,13.54954
042007,Camerata Picena,AN,Marche,11,149,0,43.58188,13.36659
042008,Castelbellino,AN,Marche,76,315,0,43.49612,13.15935
042010,Castelfidardo,AN,Marche,2,195,0,43.46439,13.56306
042011,Castelleone di Suasa,AN,Marche,110,270,0,43.60864,12.98948
042012,Castelplanio,AN,Marche,118,384,0,43.50638,13.10523
042013,Cerreto d'Esi,AN,Marche,244,1180,0,43.31914,12.99396
042014,Chiaravalle,AN,Marche,7,122,0,43.60763,13.32449
042015,Corinaldo,AN,Marche,39,270,0,43.64846,13.04442
042016,Cupramontana,AN,Marche,105,555,0,43.44998,13.12117
042017,Fabriano,AN,Marche,170,1411,23230,43.33171,12.90656
042018,Falconara Marittima,AN,Marche,0,204,25948,43.62128,13.37409
042019,Filottrano,AN,Marche,60,271,0,43.43915,13.34814
042020,Genga,AN,Marche,178,821,0,43.42628,12.93656
042021,Jesi,AN,Marche,24,306,36985,43.51659,13.2615
042022,Loreto,AN,Marche,1,210,0,43.43503,13.61805
042023,Maiolati Spontini,AN,Marche,95,414,0,43.49591,13.12881
042024,Mergo,AN,Marche,143,456,0,43.47494,13.03531
042025,Monsano,AN,Marche,32,227,0,43.56786,13.26851
042026,Montecarotto,AN,Marche,71,414,0,43.54166,13.08214
042027,Montemarciano,AN,Marche,1,117,0,43.64183,13.30601
042029,Monte Roberto,AN,Marche,73,363,0,43.48385,13.17527
042030,Monte San Vito,AN,Marche,23,173,0,43.60292,13.27435
042031,Morro d'Alba,AN,Marche,47,205,0,43.61041,13.2212
042032,Numana,AN,Marche,0,115,0,43.48794,13.61611
042033,Offagna,AN,Marche,43,314,0,43.52931,13.44308
042034,Osimo,AN,Marche,13,334,16610,43.48434,13.46204
042035,Ostra,AN,Marche,23,222,0,43.61182,13.13691
042036,Ostra Vetere,AN,Marche,60,232,0,43.60267,13.07055
042037,Poggio San Marcello,AN,Marche,122,461,0,43.51669,13.08592
042038,Polverigi,AN,Marche,42,267,0,43.52082,13.37472
042040,Rosora,AN,Marche,123,435,0,43.48566,13.05341
042041,San Marcello,AN,Marche,47,234,0,43.56247,13.20615
042042,San Paolo di Jesi,AN,Marche,108,331,0,43.46341,13.18231
042043,Santa Maria Nuova,AN,Marche,63,276,0,43.48757,13.32399
042044,Sassoferrato,AN,Marche,249,1284,0,43.44492,12.83079
042045,Senigallia,AN,Marche,0,200,30882,43.68177,13.20107
042046,Serra de' Conti,AN,Marche,78,370,0,43.5455,13.04025
042047,Serra San Quirico,AN,Marche,143,878,0,43.4389,13.03734
042048,Sirolo,AN,Marche,0,552,0,43.51857,13.60205
042049,Staffolo,AN,Marche,121,539,0,43.43903,13.19369
042050,Trecastelli,AN,Marche,,,0,43.68583,13.10754
043002,Apiro,MC,Marche,207,1475,0,43.38167,13.10805
043003,Appignano,MC,Marche,96,269,0,43.37055,13.36028
043004,Belforte del Chienti,MC,Marche,219,510,0,43.16414,13.2441
043005,Bolognola,MC,Marche,750,2095,0,42.98515,13.2177
043006,Caldarola,MC,Marche,270,1148,0,43.12627,13.20171
043007,Camerino,MC,Marche,297,1338,0,43.13557,13.07456
043008,Camporotondo di Fiastrone,MC,Marche,271,545,0,43.13557,13.26577
043009,Castelraimondo,MC,Marche,268,1225,0,43.20399,13.05385
043010,Castelsantangelo sul Nera,MC,Marche,695,2250,0,42.8784,13.18176
043011,Cessapalombo,MC,Marche,304,1232,0,43.09034,13.23732
043012,Cingoli,MC,Marche,95,786,0,43.3834,13.23105
043013,Civitanova Marche,MC,Marche,0,216,42251,43.31338,13.68517
043014,Colmurano,MC,Marche,197,428,0,43.16818,13.35926
043015,Corridonia,MC,Marche,54,261,0,43.24969,13.50751
043016,Esanatoglia,MC,Marche,295,1231,0,43.24753,12.93282
043017,Fiastra,MC,Marche,370,1588,0,43.0393,13.16985
043019,Fiuminata,MC,Marche,443,1573,0,43.16624,12.89728
043020,Gagliole,MC,Marche,268,996,0,43.24206,13.07612
043021,Gualdo,MC,Marche,269,665,0,43.06675,13.35573
043022,Loro Piceno,MC,Marche,122,415,0,43.16502,13.41889
043023,Macerata,MC,Marche,51,309,30842,43.30357,13.45185
043024,Matelica,MC,Marche,284,1460,0,43.27172,13.02444
043025,Mogliano,MC,Marche,73,295,0,43.18922,13.48362
043026,Montecassiano,MC,Marche,48,272,0,43.36247,13.43595
043027,Monte Cavallo,MC,Marche,518,1478,0,42.99147,12.98801
043028,Montecosaro,MC,Marche,29,260,0,43.30552,13.63246
043029,Montefano,MC,Marche,48,245,0,43.41143,13.41612
043030,Montelupone,MC,Marche,5,271,0,43.34442,13.55252
043031,Monte San Giusto,MC,Marche,47,237,0,43.23732,13.58168
043032,Monte San Martino,MC,Marche,221,633,0,43.02922,13.4258
043033,Morrovalle,MC,Marche,41,285,0,43.29818,13.57849
043034,Muccia,MC,Marche,415,1300,0,43.07094,13.02428
043035,Penna San Giovanni,MC,Marche,174,662,0,43.05978,13.42236
043036,Petriolo,MC,Marche,93,281,0,43.21984,13.45944
043038,Pieve Torina,MC,Marche,444,1477,0,43.01379,13.03243
043039,Pioraco,MC,Marche,322,1200,0,43.18195,12.99305
043040,Poggio San Vicino,MC,Marche,297,1176,0,43.3646,13.07107
043041,Pollenza,MC,Marche,114,347,0,43.26227,13.35406
043042,Porto Recanati,MC,Marche,0,129,0,43.43635,13.64502
043043,Potenza Picena,MC,Marche,0,230,0,43.37061,13.64436
043044,Recanati,MC,Marche,9,296,0,43.40128,13.53136
043045,Ripe San Ginesio,MC,Marche,237,506,0,43.14266,13.37313
043046,San Ginesio,MC,Marche,196,1294,0,43.10329,13.3097
043047,San Severino Marche,MC,Marche,158,1250,0,43.26845,13.17388
043048,Sant'Angelo in Pontano,MC,Marche,146,577,0,43.10335,13.40354
043049,Sarnano,MC,Marche,317,1914,0,43.02247,13.2832
043050,Sefro,MC,Marche,468,1387,0,43.13273,12.95282
043051,Serrapetrona,MC,Marche,268,985,0,43.17412,13.17999
043052,Serravalle di Chienti,MC,Marche,493,1478,0,43.03688,12.93785
043053,Tolentino,MC,Marche,129,514,16504,43.20803,13.31255
043054,Treia,MC,Marche,104,700,0,43.31544,13.31592
043055,Urbisaglia,MC,Marche,124,382,0,43.20463,13.39212
043056,Ussita,MC,Marche,669,2264,0,42.94226,13.16339
043057,Visso,MC,Marche,445,1811,0,42.93587,13.05177
043058,Valfornace,MC,Marche,,,0,43.05465,13.11226
044001,Acquasanta Terme,AP,Marche,242,2053,0,42.76013,13.40749
044002,Acquaviva Picena,AP,Marche,44,341,0,42.94021,13.80342
044005,Appignano del Tronto,AP,Marche,91,486,0,42.89683,13.65898
044006,Arquata del Tronto,AP,Marche,498,2425,0,42.76252,13.28345
044007,Ascoli Piceno,AP,Marche,22,1110,41741,42.85129,13.56873
044010,Carassai,AP,Marche,87,376,0,43.02681,13.67124
044011,Castel di Lama,AP,Marche,58,234,0,42.87639,13.70226
044012,Castignano,AP,Marche,163,730,0,42.93648,13.62536
044013,Castorano,AP,Marche,54,306,0,42.89493,13.73378
044014,Colli del Tronto,AP,Marche,22,185,0,42.87027,13.74557
044015,Comunanza,AP,Marche,386,879,0,42.91816,13.41571
044016,Cossignano,AP,Marche,123,401,0,42.98431,13.68433
044017,Cupra Marittima,AP,Marche,0,256,0,43.02067,13.84152
044020,Folignano,AP,Marche,120,454,0,42.82137,13.6487
044021,Force,AP,Marche,266,824,0,42.96185,13.49551
044023,Grottammare,AP,Marche,0,287,0,42.98041,13.85086
044027,Maltignano,AP,Marche,49,310,0,42.83623,13.68871
044029,Massignano,AP,Marche,0,296,0,43.04777,13.81473
044031,Monsampolo del Tronto,AP,Marche,16,198,0,42.89962,13.79506
044032,Montalto delle Marche,AP,Marche,128,580,0,42.99239,13.62485
044034,Montedinove,AP,Marche,232,580,0,42.97461,13.57977
044036,Montefiore dell'Aso,AP,Marche,40,409,0,43.04849,13.75036
044038,Montegallo,AP,Marche,419,2475,0,42.84109,13.33224
044044,Montemonaco,AP,Marche,610,2480,0,42.88222,13.29543
044045,Monteprandone,AP,Marche,1,283,0,42.90928,13.83988
044054,Offida,AP,Marche,65,441,0,42.93786,13.71219
044056,Palmiano,AP,Marche,353,773,0,42.91638,13.46672
044063,Ripatransone,AP,Marche,28,492,0,42.99268,13.76629
044064,Roccafluvione,AP,Marche,205,1131,0,42.84826,13.43938
044065,Rotella,AP,Marche,254,1104,0,42.94799,13.54945
044066,San Benedetto del Tronto,AP,Marche,0,282,45873,42.92917,13.87773
044071,Spinetoli,AP,Marche,22,207,0,42.87826,13.77675
044073,Venarotta,AP,Marche,176,754,0,42.88774,13.50312
045001,Aulla,MS,Toscana,20,665,0,44.20226,9.9909
045002,Bagnone,MS,Toscana,135,1858,0,44.32953,10.0178
045003,Carrara,MS,Toscana,0,1588,58666,44.08207,10.09384
045004,Casola in Lunigiana,MS,Toscana,199,1725,0,44.2034,10.18288
045005,Comano,MS,Toscana,283,1895,0,44.30995,10.13378
045006,Filattiera,MS,Toscana,140,1851,0,44.36677,9.94863
045007,Fivizzano,MS,Toscana,71,1895,0,44.2126,10.13207
045008,Fosdinovo,MS,Toscana,19,900,0,44.14379,10.02694
045009,Licciana Nardi,MS,Toscana,54,1833,0,44.28337,10.04695
045010,Massa,MS,Toscana,0,1876,64783,44.05491,10.16139
045011,Montignoso,MS,Toscana,0,1086,0,44.01124,10.1712
045012,Mulazzo,MS,Toscana,79,1112,0,44.30093,9.88385
045013,Podenzana,MS,Toscana,42,636,0,44.20852,9.918
045014,Pontremoli,MS,Toscana,168,1831,0,44.41168,9.87666
045015,Tresana,MS,Toscana,57,970,0,44.24577,9.90297
045016,Villafranca in Lunigiana,MS,Toscana,65,720,0,44.28985,9.96513
045017,Zeri,MS,Toscana,272,1580,0,44.34581,9.77547
046001,Altopascio,LU,Toscana,2,79,0,43.8174,10.6831
046002,Bagni di Lucca,LU,Toscana,95,1925,0,44.03917,10.63917
046003,Barga,LU,Toscana,101,1979,0,44.0974,10.50787
046004,Borgo a Mozzano,LU,Toscana,52,980,0,43.97456,10.5175
046005,Camaiore,LU,Toscana,0,1213,26746,43.92798,10.32111
046006,Camporgiano,LU,Toscana,291,1250,0,44.14781,10.32685
046007,Capannori,LU,Toscana,5,979,41116,43.83508,10.57718
046008,Careggine,LU,Toscana,384,1550,0,44.09665,10.32076
046009,Castelnuovo di Garfagnana,LU,Toscana,225,1250,0,44.10549,10.38765
046010,Castiglione di Garfagnana,LU,Toscana,313,1818,0,44.18346,10.44937
046011,Coreglia Antelminelli,LU,Toscana,118,1900,0,44.06896,10.55221
046013,Forte dei Marmi,LU,Toscana,0,10,0,43.96436,10.17382
046014,Fosciandora,LU,Toscana,199,1689,0,44.12596,10.47885
046015,Gallicano,LU,Toscana,107,1190,0,44.04882,10.43844
046017,Lucca,LU,Toscana,8,950,81748,43.86465,10.47351
046018,Massarosa,LU,Toscana,0,467,22435,43.87011,10.3258
046019,Minucciano,LU,Toscana,339,1947,0,44.16406,10.22502
046020,Molazzana,LU,Toscana,161,1850,0,44.06908,10.37848
046021,Montecarlo,LU,Toscana,13,189,0,43.84749,10.66627
046022,Pescaglia,LU,Toscana,71,1230,0,43.96213,10.42096
046023,Piazza al Serchio,LU,Toscana,419,1475,0,44.19675,10.29359
046024,Pietrasanta,LU,Toscana,0,727,18897,43.95975,10.21993
046025,Pieve Fosciana,LU,Toscana,245,1679,0,44.14739,10.45281
046026,Porcari,LU,Toscana,8,107,0,43.82877,10.61712
046027,San Romano in Garfagnana,LU,Toscana,321,1848,0,44.18706,10.34954
046028,Seravezza,LU,Toscana,1,1604,0,44.01764,10.22755
046030,Stazzema,LU,Toscana,71,1859,0,44.01223,10.29986
046031,Vagli Sotto,LU,Toscana,446,1877,0,44.10811,10.27463
046033,Viareggio,LU,Toscana,0,6,62169,43.85439,10.26732
046034,Villa Basilica,LU,Toscana,163,1090,0,43.94922,10.63754
046035,Villa Collemandina,LU,Toscana,399,1982,0,44.19412,10.39669
046036,Fabbriche di Vergemoli,LU,Toscana,,,0,44.02341,10.39956
046037,Sillano Giuncugnano,LU,Toscana,,,0,44.24213,10.31175
047002,Agliana,PT,Toscana,36,50,0,43.89562,11.00104
047003,Buggiano,PT,Toscana,14,626,0,43.89121,10.73167
047005,Lamporecchio,PT,Toscana,14,530,0,43.81701,10.90127
047006,Larciano,PT,Toscana,13,441,0,43.82681,10.85894
047007,Marliana,PT,Toscana,163,1074,0,43.95637,10.79245
047008,Massa e Cozzile,PT,Toscana,14,760,0,43.90639,10.75172
047009,Monsummano Terme,PT,Toscana,13,484,0,43.85483,10.82956
047010,Montale,PT,Toscana,43,1043,0,43.96064,11.02497
047011,Montecatini-Terme,PT,Toscana,15,472,17954,43.89832,10.78205
047012,Pescia,PT,Toscana,20,1111,0,43.94062,10.69845
047013,Pieve a Nievole,PT,Toscana,15,259,0,43.86902,10.79338
047014,Pistoia,PT,Toscana,40,1603,73832,43.97679,10.91567
047016,Ponte Buggianese,PT,Toscana,13,25,0,43.82767,10.76571
047017,Quarrata,PT,Toscana,34,541,0,43.85172,10.97173
047018,Sambuca Pistoiese,PT,Toscana,372,1318,0,44.06918,10.99742
047020,Serravalle Pistoiese,PT,Toscana,36,568,0,43.88816,10.87129
047021,Uzzano,PT,Toscana,20,488,0,43.88853,10.70919
047022,Chiesina Uzzanese,PT,Toscana,14,26,0,43.84089,10.72111
047023,Abetone Cutigliano,PT,Toscana,,,0,44.12486,10.70571
047024,San Marcello Piteglio,PT,Toscana,,,0,44.05287,10.79654
048001,Bagno a Ripoli,FI,Toscana,55,600,0,43.7332,11.34061
048002,Barberino di Mugello,FI,Toscana,210,1077,0,44.02084,11.23487
048004,Borgo San Lorenzo,FI,Toscana,180,1144,0,43.96325,11.40463
048005,Calenzano,FI,Toscana,42,934,0,43.90142,11.19397
048006,Campi Bisenzio,FI,Toscana,32,56,32871,43.82266,11.12832
048008,Capraia e Limite,FI,Toscana,18,410,0,43.75882,10.99587
048010,Castelfiorentino,FI,Toscana,36,189,0,43.61843,10.95961
048011,Cerreto Guidi,FI,Toscana,13,124,0,43.75738,10.8561
048012,Certaldo,FI,Toscana,56,407,0,43.56367,11.08084
048013,Dicomano,FI,Toscana,145,1235,0,43.91502,11.5517
048014,Empoli,FI,Toscana,19,209,34394,43.69852,10.94483
048015,Fiesole,FI,Toscana,57,702,0,43.81294,11.32844
048017,Firenze,FI,Toscana,29,336,367150,43.77997,11.24494
048018,Firenzuola,FI,Toscana,224,1290,0,44.13598,11.37539
048019,Fucecchio,FI,Toscana,13,99,0,43.76493,10.77777
048020,Gambassi Terme,FI,Toscana,53,627,0,43.51715,10.94741
048021,Greve in Chianti,FI,Toscana,114,892,0,43.6043,11.33098
048022,Impruneta,FI,Toscana,62,350,0,43.69721,11.24641
048024,Lastra a Signa,FI,Toscana,27,280,0,43.74487,11.08361
048025,Londa,FI,Toscana,194,1451,0,43.85431,11.60013
048026,Marradi,FI,Toscana,238,1241,0,44.06177,11.63407
048027,Montaione,FI,Toscana,42,553,0,43.55941,10.88189
048028,Montelupo Fiorentino,FI,Toscana,22,242,0,43.72396,11.02498
048030,Montespertoli,FI,Toscana,46,422,0,43.64763,11.06819
048031,Palazzuolo sul Senio,FI,Toscana,299,1187,0,44.10603,11.53046
048032,Pelago,FI,Toscana,85,1150,0,43.77396,11.51523
048033,Pontassieve,FI,Toscana,74,983,0,43.83401,11.42574
048035,Reggello,FI,Toscana,96,1537,0,43.69661,11.52054
048036,Rignano sull'Arno,FI,Toscana,84,680,0,43.72836,11.41997
048037,Rufina,FI,Toscana,98,1083,0,43.81767,11.53382
048038,San Casciano in Val di Pesa,FI,Toscana,73,517,0,43.64185,11.19924
048039,San Godenzo,FI,Toscana,225,1658,0,43.92952,11.64231
048041,Scandicci,FI,Toscana,32,387,44951,43.73242,11.15001
048043,Sesto Fiorentino,FI,Toscana,31,915,45656,43.84006,11.22167
048044,Signa,FI,Toscana,27,118,0,43.79312,11.09699
048046,Vaglia,FI,Toscana,197,929,0,43.88819,11.28972
048049,Vicchio,FI,Toscana,152,1125,0,43.96017,11.49459
048050,Vinci,FI,Toscana,20,626,0,43.7734,10.93119
048052,Figline e Incisa Valdarno,FI,Toscana,,,0,43.62438,11.43474
048053,Scarperia e San Piero,FI,Toscana,,,0,44.00474,11.32476
048054,Barberino Tavarnelle,FI,Toscana,,,0,43.53945,11.1908
049001,Bibbona,LI,Toscana,0,550,0,43.26404,10.6022
049002,Campiglia Marittima,LI,Toscana,3,626,0,43.03499,10.61448
049003,Campo nell'Elba,LI,Toscana,0,893,0,42.72218,10.18069
049004,Capoliveri,LI,Toscana,0,413,0,42.74566,10.35802
049005,Capraia Isola,LI,Toscana,0,445,0,43.0378,9.81903
049006,Castagneto Carducci,LI,Toscana,0,586,0,43.17906,10.5977
049007,Cecina,LI,Toscana,0,107,22018,43.31463,10.51923
049008,Collesalvetti,LI,Toscana,1,455,0,43.57434,10.43398
049009,Livorno,LI,Toscana,0,462,157017,43.52211,10.34893
049010,Marciana,LI,Toscana,0,1012,0,42.78148,10.16804
049011,Marciana Marina,LI,Toscana,0,273,0,42.79995,10.19616
049012,Piombino,LI,Toscana,0,286,34041,42.97531,10.60393
049013,Porto Azzurro,LI,Toscana,0,487,0,42.77488,10.3885
049014,Portoferraio,LI,Toscana,0,629,0,42.69465,10.3177
049017,Rosignano Marittimo,LI,Toscana,0,378,30071,43.42094,10.45291
049018,San Vincenzo,LI,Toscana,1,646,0,43.07429,10.5589
049019,Sassetta,LI,Toscana,70,528,0,43.13115,10.66642
049020,Suvereto,LI,Toscana,18,581,0,43.05934,10.70561
049021,Rio,LI,Toscana,,,0,42.82395,10.40932
050001,Bientina,PI,Toscana,5,69,0,43.72944,10.64165
050002,Buti,PI,Toscana,11,907,0,43.73722,10.58817
050003,Calci,PI,Toscana,5,908,0,43.73111,10.52545
050004,Calcinaia,PI,Toscana,10,77,0,43.67983,10.61044
050005,Capannoli,PI,Toscana,24,147,0,43.58479,10.67094
050006,Casale Marittimo,PI,Toscana,45,314,0,43.29504,10.61226
050008,Cascina,PI,Toscana,1,28,40512,43.66423,10.49864
050009,Castelfranco di Sotto,PI,Toscana,3,115,0,43.75311,10.70301
050010,Castellina Marittima,PI,Toscana,18,662,0,43.39846,10.54608
050011,Castelnuovo di Val di Cecina,PI,Toscana,143,875,0,43.21316,10.90222
050012,Chianni,PI,Toscana,65,675,0,43.46353,10.6403
050014,Fauglia,PI,Toscana,7,143,0,43.56332,10.50128
050015,Guardistallo,PI,Toscana,22,289,0,43.31221,10.62757
050016,Lajatico,PI,Toscana,45,630,0,43.45048,10.7257
050019,Montecatini Val di Cecina,PI,Toscana,24,654,0,43.34586,10.71783
050020,Montescudaio,PI,Toscana,9,256,0,43.33023,10.59211
050021,Monteverdi Marittimo,PI,Toscana,68,600,0,43.18231,10.71534
050022,Montopoli in Val d'Arno,PI,Toscana,11,171,0,43.66676,10.73793
050023,Orciano Pisano,PI,Toscana,47,158,0,43.49529,10.49824
050024,Palaia,PI,Toscana,28,282,0,43.60508,10.76142
050025,Peccioli,PI,Toscana,33,239,0,43.53424,10.77539
050026,Pisa,PI,Toscana,-1,15,109960,43.67226,10.35414
050027,Pomarance,PI,Toscana,34,701,0,43.26823,10.82932
050028,Ponsacco,PI,Toscana,14,84,0,43.61651,10.63495
050029,Pontedera,PI,Toscana,10,154,19518,43.64669,10.6468
050030,Riparbella,PI,Toscana,8,604,0,43.37094,10.60378
050031,San Giuliano Terme,PI,Toscana,0,827,0,43.75695,10.41039
050032,San Miniato,PI,Toscana,13,220,26365,43.66783,10.84136
050033,Santa Croce sull'Arno,PI,Toscana,9,107,0,43.73462,10.74971
050034,Santa Luce,PI,Toscana,23,586,0,43.46284,10.54864
050035,Santa Maria a Monte,PI,Toscana,4,112,0,43.70624,10.68632
050036,Terricciola,PI,Toscana,30,213,0,43.53236,10.67918
050037,Vecchiano,PI,Toscana,-1,202,0,43.7931,10.33099
050038,Vicopisano,PI,Toscana,5,655,0,43.69961,10.5651
050039,Volterra,PI,Toscana,68,627,0,43.39947,10.88722
050040,Casciana Terme Lari,PI,Toscana,,,0,43.55582,10.59633
050041,Crespina Lorenzana,PI,Toscana,,,0,43.56977,10.54067
051001,Anghiari,AR,Toscana,298,1379,0,43.53801,12.01971
051002,Arezzo,AR,Toscana,182,1080,100734,43.44506,11.9044
051003,Badia Tedalda,AR,Toscana,371,1439,0,43.71348,12.17267
051004,Bibbiena,AR,Toscana,314,1378,0,43.73074,11.84874
051005,Bucine,AR,Toscana,155,660,0,43.42298,11.60333
051006,Capolona,AR,Toscana,212,720,0,43.5606,11.82996
051007,Caprese Michelangelo,AR,Toscana,393,1404,0,43.63978,11.9816
051008,Castel Focognano,AR,Toscana,295,1548,0,43.64158,11.78319
051010,Castel San Niccolò,AR,Toscana,346,1587,0,43.72327,11.65964
051011,Castiglion Fibocchi,AR,Toscana,201,814,0,43.54355,11.75143
051012,Castiglion Fiorentino,AR,Toscana,231,830,0,43.32923,11.92679
051013,Cavriglia,AR,Toscana,135,792,0,43.53626,11.46808
051014,Chitignano,AR,Toscana,345,1255,0,43.66076,11.88556
051015,Chiusi della Verna,AR,Toscana,314,1286,0,43.72528,11.92195
051016,Civitella in Val di Chiana,AR,Toscana,182,630,0,43.41039,11.7399
051017,Cortona,AR,Toscana,244,1057,0,43.26169,11.9999
051018,Foiano della Chiana,AR,Toscana,245,332,0,43.26187,11.80981
051020,Loro Ciuffenna,AR,Toscana,222,1593,0,43.60324,11.65675
051021,Lucignano,AR,Toscana,256,528,0,43.27948,11.73303
051022,Marciano della Chiana,AR,Toscana,226,322,0,43.31507,11.79639
051023,Montemignaio,AR,Toscana,566,1480,0,43.74931,11.60545
051024,Monterchi,AR,Toscana,293,929,0,43.47079,12.09222
051025,Monte San Savino,AR,Toscana,244,605,0,43.34369,11.72543
051026,Montevarchi,AR,Toscana,133,803,18682,43.5006,11.5517
051027,Ortignano Raggiolo,AR,Toscana,322,1523,0,43.67197,11.72187
051030,Pieve Santo Stefano,AR,Toscana,351,1439,0,43.67883,12.05883
051031,Poppi,AR,Toscana,320,1441,0,43.75149,11.78317
051033,San Giovanni Valdarno,AR,Toscana,121,262,16002,43.55797,11.5239
051034,Sansepolcro,AR,Toscana,290,1375,0,43.58956,12.13711
051035,Sestino,AR,Toscana,344,1200,0,43.72367,12.27512
051037,Subbiano,AR,Toscana,251,1405,0,43.59399,11.90455
051038,Talla,AR,Toscana,324,1430,0,43.60102,11.76114
051039,Terranuova Bracciolini,AR,Toscana,130,329,0,43.5551,11.61498
051040,Castelfranco Piandiscò,AR,Toscana,,,0,43.63834,11.55964
051041,Pratovecchio Stia,AR,Toscana,,,0,43.8169,11.70547
051042,Laterina Pergine Valdarno,AR,Toscana,,,0,43.47821,11.68798
052001,Abbadia San Salvatore,SI,Toscana,318,1725,0,42.88413,11.68374
052002,Asciano,SI,Toscana,144,485,0,43.24343,11.52277
052003,Buonconvento,SI,Toscana,121,334,0,43.1411,11.47281
052004,Casole d'Elsa,SI,Toscana,143,663,0,43.31295,11.07512
052005,Castellina in Chianti,SI,Toscana,169,645,0,43.45696,11.26601
052006,Castelnuovo Berardenga,SI,Toscana,184,676,0,43.36561,11.44992
052007,Castiglione d'Orcia,SI,Toscana,164,1206,0,42.97923,11.63943
052008,Cetona,SI,Toscana,249,1148,0,42.94288,11.90919
052009,Chianciano Terme,SI,Toscana,260,778,0,43.04131,11.83014
052010,Chiusdino,SI,Toscana,214,726,0,43.16995,11.1284
052011,Chiusi,SI,Toscana,248,414,0,43.03013,11.9292
052012,Colle di Val d'Elsa,SI,Toscana,104,428,16625,43.39245,11.09476
052013,Gaiole in Chianti,SI,Toscana,219,833,0,43.44036,11.44617
052015,Montepulciano,SI,Toscana,243,709,0,43.11261,11.84019
052016,Monteriggioni,SI,Toscana,180,660,0,43.36772,11.22548
052017,Monteroni d'Arbia,SI,Toscana,143,414,0,43.2192,11.38944
052018,Monticiano,SI,Toscana,118,647,0,43.11842,11.22472
052019,Murlo,SI,Toscana,100,503,0,43.15186,11.34781
052020,Piancastagnaio,SI,Toscana,295,1088,0,42.82402,11.69209
052021,Pienza,SI,Toscana,260,677,0,43.0637,11.69477
052022,Poggibonsi,SI,Toscana,79,369,21692,43.45761,11.16668
052023,Radda in Chianti,SI,Toscana,284,834,0,43.49263,11.36384
052024,Radicofani,SI,Toscana,293,896,0,42.91888,11.76959
052025,Radicondoli,SI,Toscana,169,1014,0,43.22459,11.01743
052026,Rapolano Terme,SI,Toscana,180,639,0,43.28635,11.62367
052027,San Casciano dei Bagni,SI,Toscana,273,792,0,42.86314,11.85819
052028,San Gimignano,SI,Toscana,67,626,0,43.4717,11.02695
052030,San Quirico d'Orcia,SI,Toscana,218,534,0,43.05879,11.60443
052031,Sarteano,SI,Toscana,272,1125,0,42.98173,11.84004
052032,Siena,SI,Toscana,167,414,53901,43.31051,11.33377
052033,Sinalunga,SI,Toscana,246,545,0,43.22543,11.73715
052034,Sovicille,SI,Toscana,167,634,0,43.2463,11.2268
052035,Torrita di Siena,SI,Toscana,249,586,0,43.15553,11.76369
052036,Trequanda,SI,Toscana,271,639,0,43.16843,11.6751
052037,Montalcino,SI,Toscana,,,0,43.0594,11.48813
053001,Arcidosso,GR,Toscana,105,1571,0,42.85115,11.48419
053002,Campagnatico,GR,Toscana,18,616,0,42.85381,11.25099
053003,Capalbio,GR,Toscana,0,423,0,42.4542,11.42319
053004,Castel del Piano,GR,Toscana,102,1738,0,42.92634,11.50912
053005,Castell'Azzara,GR,Toscana,271,1104,0,42.76644,11.6644
053006,Castiglione della Pescaia,GR,Toscana,0,631,0,42.82229,10.90009
053007,Cinigiano,GR,Toscana,33,1018,0,42.89955,11.37979
053008,Civitella Paganico,GR,Toscana,44,591,0,43.00458,11.28916
053009,Follonica,GR,Toscana,0,308,21163,42.96156,10.76366
053010,Gavorrano,GR,Toscana,9,527,0,42.93452,10.95195
053011,Grosseto,GR,Toscana,0,455,60922,42.76726,11.09015
053012,Isola del Giglio,GR,Toscana,0,496,0,42.34391,10.92185
053013,Magliano in Toscana,GR,Toscana,0,410,0,42.63048,11.24975
053014,Manciano,GR,Toscana,8,505,0,42.57196,11.49269
053015,Massa Marittima,GR,Toscana,21,916,0,43.04558,10.9012
053016,Monte Argentario,GR,Toscana,0,635,0,42.40572,11.15115
053017,Montieri,GR,Toscana,343,1057,0,43.12359,11.01669
053018,Orbetello,GR,Toscana,0,350,0,42.50417,11.2364
053019,Pitigliano,GR,Toscana,142,620,0,42.61332,11.66114
053020,Roccalbegna,GR,Toscana,123,1114,0,42.77939,11.46765
053021,Roccastrada,GR,Toscana,16,780,0,42.99655,11.13003
053022,Santa Fiora,GR,Toscana,372,1600,0,42.82678,11.59109
053023,Scansano,GR,Toscana,17,651,0,42.71105,11.35308
053024,Scarlino,GR,Toscana,0,562,0,42.89783,10.82832
053025,Seggiano,GR,Toscana,168,1728,0,42.93312,11.57238
053026,Sorano,GR,Toscana,169,947,0,42.70061,11.71176
053027,Monterotondo Marittimo,GR,Toscana,43,764,0,43.12185,10.81588
053028,Semproniano,GR,Toscana,195,881,0,42.72481,11.55815
054001,Assisi,PG,Umbria,184,1287,0,43.08618,12.62526
054002,Bastia Umbra,PG,Umbria,190,223,17831,43.06431,12.52893
054003,Bettona,PG,Umbria,174,641,0,43.00812,12.49618
054004,Bevagna,PG,Umbria,192,714,0,42.94497,12.57914
054005,Campello sul Clitunno,PG,Umbria,221,1425,0,42.84481,12.81979
054006,Cannara,PG,Umbria,186,645,0,42.98894,12.54784
054007,Cascia,PG,Umbria,525,1878,0,42.69917,13.03949
054008,Castel Ritaldi,PG,Umbria,220,479,0,42.82744,12.66269
054009,Castiglione del Lago,PG,Umbria,242,378,0,43.10488,12.01713
054010,Cerreto di Spoleto,PG,Umbria,334,1428,0,42.81506,12.92057
054011,Citerna,PG,Umbria,289,483,0,43.50963,12.1281
054012,Città della Pieve,PG,Umbria,225,581,0,42.95357,11.99768
054013,Città di Castello,PG,Umbria,243,1000,22497,43.44454,12.24845
054014,Collazzone,PG,Umbria,152,490,0,42.91459,12.4271
054015,Corciano,PG,Umbria,218,652,0,43.12876,12.29049
054016,Costacciaro,PG,Umbria,400,1566,0,43.36764,12.70094
054017,Deruta,PG,Umbria,157,646,0,42.982,12.41545
054018,Foligno,PG,Umbria,194,1258,56918,42.9768,12.79093
054019,Fossato di Vico,PG,Umbria,368,1114,0,43.30177,12.76227
054020,Fratta Todina,PG,Umbria,149,451,0,42.87093,12.35614
054021,Giano dell'Umbria,PG,Umbria,271,1078,0,42.83882,12.57714
054022,Gualdo Cattaneo,PG,Umbria,199,719,0,42.89456,12.50931
054023,Gualdo Tadino,PG,Umbria,325,1434,0,43.22819,12.75471
054024,Gubbio,PG,Umbria,247,1006,0,43.331,12.54661
054025,Lisciano Niccone,PG,Umbria,288,807,0,43.24259,12.16101
054026,Magione,PG,Umbria,217,695,0,43.12498,12.20466
054027,Marsciano,PG,Umbria,152,614,0,42.96208,12.30752
054028,Massa Martana,PG,Umbria,212,1076,0,42.77325,12.53336
054029,Monte Castello di Vibio,PG,Umbria,142,637,0,42.82677,12.3436
054030,Montefalco,PG,Umbria,204,455,0,42.88034,12.64735
054031,Monteleone di Spoleto,PG,Umbria,724,1650,0,42.64259,12.94614
054032,Monte Santa Maria Tiberina,PG,Umbria,290,1082,0,43.42825,12.12974
054033,Montone,PG,Umbria,244,735,0,43.37053,12.34964
054034,Nocera Umbra,PG,Umbria,374,1538,0,43.12827,12.80358
054035,Norcia,PG,Umbria,437,2430,0,42.78668,13.12249
054036,Paciano,PG,Umbria,262,637,0,43.0272,12.05672
054037,Panicale,PG,Umbria,231,645,0,43.03926,12.13132
054038,Passignano sul Trasimeno,PG,Umbria,252,798,0,43.19012,12.17183
054039,Perugia,PG,Umbria,171,961,120137,43.13641,12.39488
054040,Piegaro,PG,Umbria,196,856,0,42.97091,12.15009
054041,Pietralunga,PG,Umbria,349,907,0,43.45632,12.42038
054042,Poggiodomo,PG,Umbria,596,1677,0,42.7235,12.92418
054043,Preci,PG,Umbria,419,1489,0,42.86407,13.03634
054044,San Giustino,PG,Umbria,286,1196,0,43.55756,12.22323
054045,Sant'Anatolia di Narco,PG,Umbria,282,1684,0,42.72091,12.85785
054046,Scheggia e Pascelupo,PG,Umbria,369,1500,0,43.41902,12.70873
054047,Scheggino,PG,Umbria,269,1565,0,42.68491,12.83854
054048,Sellano,PG,Umbria,436,1280,0,42.89846,12.89464
054049,Sigillo,PG,Umbria,371,1275,0,43.33356,12.73706
054050,Spello,PG,Umbria,188,1241,0,43.00473,12.6655
054051,Spoleto,PG,Umbria,219,1337,19266,42.73748,12.70806
054052,Todi,PG,Umbria,125,637,15345,42.77636,12.41144
054053,Torgiano,PG,Umbria,166,483,0,43.04134,12.45035
054054,Trevi,PG,Umbria,208,1429,0,42.88148,12.75562
054055,Tuoro sul Trasimeno,PG,Umbria,253,747,0,43.20221,12.06885
054056,Umbertide,PG,Umbria,225,926,0,43.28632,12.29145
054057,Valfabbrica,PG,Umbria,249,825,0,43.1796,12.63363
054058,Vallo di Nera,PG,Umbria,299,1403,0,42.77685,12.86681
054059,Valtopina,PG,Umbria,324,1084,0,43.06044,12.7561
055001,Acquasparta,TR,Umbria,196,1002,0,42.6901,12.55605
055002,Allerona,TR,Umbria,148,817,0,42.81239,11.96886
055003,Alviano,TR,Umbria,67,755,0,42.58875,12.27993
055004,Amelia,TR,Umbria,94,835,0,42.55935,12.4037
055005,Arrone,TR,Umbria,224,1285,0,42.56747,12.79857
055006,Attigliano,TR,Umbria,58,204,0,42.52358,12.29115
055007,Baschi,TR,Umbria,96,860,0,42.70502,12.28806
055008,Calvi dell'Umbria,TR,Umbria,74,1014,0,42.40616,12.55042
055009,Castel Giorgio,TR,Umbria,296,687,0,42.70078,11.98268
055010,Castel Viscardo,TR,Umbria,147,557,0,42.75763,12.01672
055011,Fabro,TR,Umbria,230,451,0,42.87201,12.00066
055012,Ferentillo,TR,Umbria,245,1640,0,42.62851,12.82321
055013,Ficulle,TR,Umbria,136,575,0,42.82379,12.06992
055014,Giove,TR,Umbria,58,315,0,42.50797,12.32878
055015,Guardea,TR,Umbria,77,915,0,42.62171,12.31453
055016,Lugnano in Teverina,TR,Umbria,74,753,0,42.56802,12.31517
055017,Montecastrilli,TR,Umbria,169,453,0,42.64296,12.47441
055018,Montecchio,TR,Umbria,77,994,0,42.66473,12.29944
055019,Montefranco,TR,Umbria,224,680,0,42.60203,12.75363
055020,Montegabbione,TR,Umbria,233,831,0,42.91077,12.11993
055021,Monteleone d'Orvieto,TR,Umbria,232,514,0,42.90836,12.04332
055022,Narni,TR,Umbria,43,911,0,42.50407,12.514
055023,Orvieto,TR,Umbria,81,769,0,42.734,12.15182
055024,Otricoli,TR,Umbria,39,982,0,42.43135,12.5177
055025,Parrano,TR,Umbria,193,613,0,42.86008,12.13463
055026,Penna in Teverina,TR,Umbria,52,322,0,42.49295,12.36299
055027,Polino,TR,Umbria,473,1628,0,42.58125,12.8628
055028,Porano,TR,Umbria,338,541,0,42.68055,12.09354
055029,San Gemini,TR,Umbria,119,462,0,42.60611,12.53808
055030,San Venanzo,TR,Umbria,169,837,0,42.86091,12.24111
055031,Stroncone,TR,Umbria,150,1194,0,42.48099,12.66105
055032,Terni,TR,Umbria,97,1105,111189,42.57958,12.66059
055033,Avigliano Umbro,TR,Umbria,224,906,0,42.66457,12.40969
056001,Acquapendente,VT,Lazio,194,754,0,42.76247,11.8869
056002,Arlena di Castro,VT,Lazio,145,380,0,42.45757,11.81463
056003,Bagnoregio,VT,Lazio,124,625,0,42.61182,12.09178
056004,Barbarano Romano,VT,Lazio,173,564,0,42.24865,12.07481
056005,Bassano Romano,VT,Lazio,295,591,0,42.20539,12.17304
056006,Bassano in Teverina,VT,Lazio,65,331,0,42.46381,12.31138
056007,Blera,VT,Lazio,45,546,0,42.23125,11.99931
056008,Bolsena,VT,Lazio,303,664,0,42.63454,11.9756
056009,Bomarzo,VT,Lazio,57,327,0,42.50401,12.24997
056010,Calcata,VT,Lazio,89,255,0,42.20613,12.42381
056011,Canepina,VT,Lazio,399,945,0,42.37825,12.21686
056012,Canino,VT,Lazio,18,436,0,42.44374,11.69415
056013,Capodimonte,VT,Lazio,255,505,0,42.55569,11.88853
056014,Capranica,VT,Lazio,295,576,0,42.26059,12.15501
056015,Caprarola,VT,Lazio,270,965,0,42.32891,12.2055
056016,Carbognano,VT,Lazio,223,561,0,42.32373,12.2815
056017,Castel Sant'Elia,VT,Lazio,70,249,0,42.25128,12.38022
056018,Castiglione in Teverina,VT,Lazio,104,401,0,42.65138,12.18125
056019,Celleno,VT,Lazio,193,477,0,42.55994,12.12546
056020,Cellere,VT,Lazio,209,565,0,42.50778,11.76864
056021,Civita Castellana,VT,Lazio,36,213,0,42.30117,12.43714
056022,Civitella d'Agliano,VT,Lazio,74,364,0,42.60996,12.20162
056023,Corchiano,VT,Lazio,74,315,0,42.35377,12.36156
056024,Fabrica di Roma,VT,Lazio,170,447,0,42.32522,12.32581
056025,Faleria,VT,Lazio,68,295,0,42.23747,12.44443
056026,Farnese,VT,Lazio,194,525,0,42.57087,11.71872
056027,Gallese,VT,Lazio,39,312,0,42.37655,12.40455
056028,Gradoli,VT,Lazio,304,639,0,42.61911,11.87995
056029,Graffignano,VT,Lazio,63,326,0,42.56034,12.2286
056030,Grotte di Castro,VT,Lazio,304,585,0,42.67233,11.86698
056031,Ischia di Castro,VT,Lazio,71,515,0,42.53038,11.6642
056032,Latera,VT,Lazio,404,663,0,42.61799,11.81132
056033,Lubriano,VT,Lazio,169,581,0,42.64566,12.10934
056034,Marta,VT,Lazio,262,430,0,42.52598,11.92667
056035,Montalto di Castro,VT,Lazio,0,101,0,42.38027,11.57997
056036,Montefiascone,VT,Lazio,220,600,0,42.53966,12.01869
056037,Monte Romano,VT,Lazio,32,370,0,42.32396,11.90349
056038,Monterosi,VT,Lazio,237,438,0,42.18439,12.29756
056039,Nepi,VT,Lazio,111,393,0,42.22299,12.3314
056040,Onano,VT,Lazio,418,639,0,42.68414,11.81057
056041,Oriolo Romano,VT,Lazio,282,554,0,42.17335,12.12864
056042,Orte,VT,Lazio,40,316,0,42.4449,12.39125
056043,Piansano,VT,Lazio,288,486,0,42.5103,11.84421
056044,Proceno,VT,Lazio,252,491,0,42.7832,11.80175
056045,Ronciglione,VT,Lazio,247,960,0,42.28713,12.21798
056046,Villa San Giovanni in Tuscia,VT,Lazio,238,406,0,42.28171,12.04395
056047,San Lorenzo Nuovo,VT,Lazio,304,585,0,42.66912,11.91757
056048,Soriano nel Cimino,VT,Lazio,74,1053,0,42.43797,12.24328
056049,Sutri,VT,Lazio,236,606,0,42.22516,12.24434
056050,Tarquinia,VT,Lazio,0,247,0,42.25651,11.76544
056051,Tessennano,VT,Lazio,121,387,0,42.46181,11.78285
056052,Tuscania,VT,Lazio,30,325,0,42.39261,11.82762
056053,Valentano,VT,Lazio,370,620,0,42.58514,11.79484
056054,Vallerano,VT,Lazio,299,700,0,42.36868,12.25737
056055,Vasanello,VT,Lazio,170,317,0,42.42031,12.34071
056056,Vejano,VT,Lazio,95,612,0,42.19713,12.07916
056057,Vetralla,VT,Lazio,125,963,0,42.31131,12.02532
056058,Vignanello,VT,Lazio,222,392,0,42.38235,12.30051
056059,Viterbo,VT,Lazio,95,896,47134,42.43767,12.06324
056060,Vitorchiano,VT,Lazio,100,785,0,42.47056,12.17749
057001,Accumoli,RI,Lazio,670,2180,0,42.69546,13.24414
057002,Amatrice,RI,Lazio,749,2458,0,42.62625,13.29245
057003,Antrodoco,RI,Lazio,474,1878,0,42.39921,13.12453
057004,Ascrea,RI,Lazio,469,1287,0,42.22159,12.97261
057005,Belmonte in Sabina,RI,Lazio,395,803,0,42.32492,12.88051
057006,Borbona,RI,Lazio,719,1602,0,42.49354,13.13482
057007,Borgorose,RI,Lazio,618,2225,0,42.19212,13.26254
057008,Borgo Velino,RI,Lazio,449,1878,0,42.40266,13.05499
057009,Cantalice,RI,Lazio,389,2155,0,42.47981,12.92424
057010,Cantalupo in Sabina,RI,Lazio,74,297,0,42.30285,12.64121
057011,Casaprota,RI,Lazio,195,740,0,42.24831,12.80815
057012,Casperia,RI,Lazio,149,1262,0,42.3456,12.68442
057013,Castel di Tora,RI,Lazio,529,1456,0,42.20915,12.96945
057014,Castelnuovo di Farfa,RI,Lazio,94,380,0,42.23303,12.7311
057015,Castel Sant'Angelo,RI,Lazio,423,1578,0,42.39835,13.01833
057016,Cittaducale,RI,Lazio,399,1600,0,42.38687,12.96719
057017,Cittareale,RI,Lazio,755,1831,0,42.60249,13.14797
057018,Collalto Sabino,RI,Lazio,549,1139,0,42.15457,13.05185
057019,Colle di Tora,RI,Lazio,538,1139,0,42.19929,12.93533
057020,Collegiove,RI,Lazio,549,1437,0,42.17337,13.03126
057021,Collevecchio,RI,Lazio,27,253,0,42.32469,12.53147
057022,Colli sul Velino,RI,Lazio,356,626,0,42.49834,12.77988
057023,Concerviano,RI,Lazio,420,1108,0,42.30655,12.96934
057024,Configni,RI,Lazio,223,1103,0,42.43201,12.63692
057025,Contigliano,RI,Lazio,354,1256,0,42.41842,12.7616
057026,Cottanello,RI,Lazio,299,1202,0,42.421,12.69752
057027,Fara in Sabina,RI,Lazio,25,600,0,42.18629,12.69716
057028,Fiamignano,RI,Lazio,532,1877,0,42.29991,13.15746
057029,Forano,RI,Lazio,30,243,0,42.28384,12.60526
057030,Frasso Sabino,RI,Lazio,241,470,0,42.22298,12.81427
057031,Greccio,RI,Lazio,369,1225,0,42.44999,12.75464
057032,Labro,RI,Lazio,362,715,0,42.51989,12.79801
057033,Leonessa,RI,Lazio,811,2200,0,42.56815,13.00029
057034,Longone Sabino,RI,Lazio,409,1312,0,42.30369,12.94927
057035,Magliano Sabina,RI,Lazio,39,275,0,42.35935,12.4877
057036,Marcetelli,RI,Lazio,533,1164,0,42.21631,13.0429
057037,Micigliano,RI,Lazio,500,2200,0,42.45324,13.0481
057038,Mompeo,RI,Lazio,125,841,0,42.25854,12.77055
057039,Montasola,RI,Lazio,271,1262,0,42.37865,12.68512
057040,Montebuono,RI,Lazio,75,653,0,42.37397,12.57526
057041,Monteleone Sabino,RI,Lazio,275,900,0,42.22517,12.86849
057042,Montenero Sabino,RI,Lazio,300,892,0,42.28727,12.81249
057043,Monte San Giovanni in Sabina,RI,Lazio,421,1292,0,42.31518,12.77425
057044,Montopoli di Sabina,RI,Lazio,31,680,0,42.22508,12.66671
057045,Morro Reatino,RI,Lazio,397,1202,0,42.52803,12.83975
057046,Nespolo,RI,Lazio,724,1131,0,42.15526,13.07176
057047,Orvinio,RI,Lazio,617,1116,0,42.12725,12.93764
057048,Paganico Sabino,RI,Lazio,530,1400,0,42.18099,13.00503
057049,Pescorocchiano,RI,Lazio,529,1614,0,42.21418,13.14179
057050,Petrella Salto,RI,Lazio,420,1879,0,42.30787,13.06312
057051,Poggio Bustone,RI,Lazio,371,1675,0,42.50423,12.88945
057052,Poggio Catino,RI,Lazio,68,768,0,42.293,12.68539
057053,Poggio Mirteto,RI,Lazio,30,779,0,42.26356,12.6713
057054,Poggio Moiano,RI,Lazio,296,1136,0,42.19706,12.8833
057055,Poggio Nativo,RI,Lazio,194,489,0,42.21323,12.78698
057056,Poggio San Lorenzo,RI,Lazio,271,630,0,42.25095,12.84468
057057,Posta,RI,Lazio,548,2038,0,42.51702,13.08109
057058,Pozzaglia Sabina,RI,Lazio,544,1230,0,42.15724,12.96707
057059,Rieti,RI,Lazio,319,2088,39068,42.40559,12.85047
057060,Rivodutri,RI,Lazio,371,1678,0,42.52187,12.86692
057061,Roccantica,RI,Lazio,98,1280,0,42.32161,12.70082
057062,Rocca Sinibalda,RI,Lazio,412,1510,0,42.26185,12.94613
057063,Salisano,RI,Lazio,123,968,0,42.27575,12.74318
057064,Scandriglia,RI,Lazio,221,1368,0,42.15633,12.85923
057065,Selci,RI,Lazio,121,290,0,42.31342,12.61882
057066,Stimigliano,RI,Lazio,32,225,0,42.29575,12.5625
057067,Tarano,RI,Lazio,71,303,0,42.33848,12.58398
057068,Toffia,RI,Lazio,146,711,0,42.20554,12.75981
057069,Torricella in Sabina,RI,Lazio,349,833,0,42.27344,12.8702
057070,Torri in Sabina,RI,Lazio,120,703,0,42.36064,12.62796
057071,Turania,RI,Lazio,549,975,0,42.13222,13.00906
057072,Vacone,RI,Lazio,240,1068,0,42.39142,12.64154
057073,Varco Sabino,RI,Lazio,446,1442,0,42.24259,13.02928
058001,Affile,RM,Lazio,363,1162,0,41.89297,13.08295
058002,Agosta,RM,Lazio,329,777,0,41.97937,13.0401
058003,Albano Laziale,RM,Lazio,110,556,26684,41.71029,12.63286
058004,Allumiere,RM,Lazio,19,633,0,42.14116,11.89535
058005,Anguillara Sabazia,RM,Lazio,143,340,0,42.07736,12.26357
058006,Anticoli Corrado,RM,Lazio,299,1125,0,42.00946,12.97891
058007,Anzio,RM,Lazio,0,83,45403,41.50181,12.60776
058008,Arcinazzo Romano,RM,Lazio,569,1409,0,41.86643,13.13908
058009,Ariccia,RM,Lazio,110,660,17487,41.70488,12.66101
058010,Arsoli,RM,Lazio,324,927,0,42.03059,13.02653
058011,Artena,RM,Lazio,146,675,0,41.72805,12.89335
058012,Bellegra,RM,Lazio,264,807,0,41.88935,13.0215
058013,Bracciano,RM,Lazio,117,530,0,42.09151,12.16281
058014,Camerata Nuova,RM,Lazio,740,1850,0,41.98803,13.15709
058015,Campagnano di Roma,RM,Lazio,165,434,0,42.13088,12.36872
058016,Canale Monterano,RM,Lazio,137,553,0,42.13467,12.07633
058017,Canterano,RM,Lazio,339,728,0,41.93682,13.03905
058018,Capena,RM,Lazio,18,251,0,42.12786,12.57003
058019,Capranica Prenestina,RM,Lazio,399,1218,0,41.89191,12.93469
058020,Carpineto Romano,RM,Lazio,281,1536,0,41.59847,13.09091
058021,Casape,RM,Lazio,325,965,0,41.91049,12.89419
058022,Castel Gandolfo,RM,Lazio,140,518,0,41.74408,12.65081
058023,Castel Madama,RM,Lazio,229,954,0,41.96768,12.87473
058024,Castelnuovo di Porto,RM,Lazio,23,355,0,42.10928,12.5164
058025,Castel San Pietro Romano,RM,Lazio,274,1025,0,41.858,12.90131
058026,Cave,RM,Lazio,240,571,0,41.81049,12.9318
058027,Cerreto Laziale,RM,Lazio,387,1231,0,41.95383,12.97565
058028,Cervara di Roma,RM,Lazio,410,1610,0,41.9856,13.08228
058029,Cerveteri,RM,Lazio,0,480,15883,42.0087,12.0948
058030,Ciciliano,RM,Lazio,324,1130,0,41.95035,12.93754
058031,Cineto Romano,RM,Lazio,320,1003,0,42.05307,12.96184
058032,Civitavecchia,RM,Lazio,0,439,47543,42.11626,11.8108
058033,Civitella San Paolo,RM,Lazio,47,288,0,42.19691,12.56699
058034,Colleferro,RM,Lazio,194,620,20736,41.73703,12.99027
058035,Colonna,RM,Lazio,184,393,0,41.83138,12.75721
058036,Fiano Romano,RM,Lazio,17,244,0,42.15607,12.59669
058037,Filacciano,RM,Lazio,32,243,0,42.25707,12.59547
058038,Formello,RM,Lazio,45,306,0,42.06792,12.40962
058039,Frascati,RM,Lazio,85,551,20036,41.82473,12.66987
058040,Gallicano nel Lazio,RM,Lazio,72,325,0,41.88281,12.79095
058041,Gavignano,RM,Lazio,170,424,0,41.70425,13.06843
058042,Genazzano,RM,Lazio,212,599,0,41.81357,12.98142
058043,Genzano di Roma,RM,Lazio,100,480,20582,41.67659,12.7067
058044,Gerano,RM,Lazio,388,728,0,41.92948,12.99406
058045,Gorga,RM,Lazio,244,1387,0,41.64692,13.12132
058046,Grottaferrata,RM,Lazio,135,676,18144,41.78781,12.67915
058047,Guidonia Montecelio,RM,Lazio,25,389,89165,41.98076,12.70315
058048,Jenne,RM,Lazio,493,1636,0,41.89981,13.17659
058049,Labico,RM,Lazio,299,403,0,41.78943,12.86384
058050,Lanuvio,RM,Lazio,64,373,0,41.64311,12.68456
058051,Licenza,RM,Lazio,374,1361,0,42.07804,12.89222
058052,Magliano Romano,RM,Lazio,161,394,0,42.16052,12.43606
058053,Mandela,RM,Lazio,299,693,0,42.04014,12.92652
058054,Manziana,RM,Lazio,193,470,0,42.11218,12.10728
058055,Marano Equo,RM,Lazio,324,750,0,41.99358,13.01344
058056,Marcellina,RM,Lazio,93,858,0,42.01345,12.7966
058057,Marino,RM,Lazio,124,477,44142,41.76137,12.62338
058058,Mazzano Romano,RM,Lazio,68,370,0,42.19108,12.39781
058059,Mentana,RM,Lazio,48,211,17047,42.04017,12.66243
058060,Monte Compatri,RM,Lazio,39,772,0,41.83777,12.73127
058061,Monteflavio,RM,Lazio,291,1365,0,42.11292,12.83677
058062,Montelanico,RM,Lazio,180,1375,0,41.64867,13.03984
058063,Montelibretti,RM,Lazio,17,249,0,42.1335,12.68357
058064,Monte Porzio Catone,RM,Lazio,186,689,0,41.81484,12.70859
058065,Monterotondo,RM,Lazio,19,180,37225,42.06779,12.62261
058066,Montorio Romano,RM,Lazio,122,932,0,42.1373,12.79926
058067,Moricone,RM,Lazio,64,644,0,42.1127,12.74356
058068,Morlupo,RM,Lazio,64,330,0,42.14305,12.50327
058069,Nazzano,RM,Lazio,31,241,0,42.22526,12.5961
058070,Nemi,RM,Lazio,316,675,0,41.71667,12.70709
058071,Nerola,RM,Lazio,120,702,0,42.1662,12.76436
058072,Nettuno,RM,Lazio,0,84,49873,41.47727,12.69233
058073,Olevano Romano,RM,Lazio,244,685,0,41.84812,13.02711
058074,Palestrina,RM,Lazio,249,631,0,41.81646,12.85788
058075,Palombara Sabina,RM,Lazio,28,1271,0,42.08066,12.74599
058076,Percile,RM,Lazio,400,1028,0,42.08743,12.93005
058077,Pisoniano,RM,Lazio,399,1000,0,41.90944,12.96249
058078,Poli,RM,Lazio,261,1075,0,41.88668,12.88464
058079,Pomezia,RM,Lazio,0,136,22346,41.66205,12.50498
058080,Ponzano Romano,RM,Lazio,30,230,0,42.26277,12.5544
058081,Riano,RM,Lazio,21,242,0,42.08407,12.52285
058082,Rignano Flaminio,RM,Lazio,121,312,0,42.19238,12.48366
058083,Riofreddo,RM,Lazio,566,1028,0,42.06179,12.99994
058084,Rocca Canterano,RM,Lazio,335,1233,0,41.96192,13.01273
058085,Rocca di Cave,RM,Lazio,350,933,0,41.84211,12.94458
058086,Rocca di Papa,RM,Lazio,395,956,15036,41.75265,12.73566
058087,Roccagiovine,RM,Lazio,345,1003,0,42.04956,12.88139
058088,Rocca Priora,RM,Lazio,319,766,0,41.78122,12.77922
058089,Rocca Santo Stefano,RM,Lazio,355,692,0,41.914,13.03304
058090,Roiate,RM,Lazio,350,1211,0,41.869,13.0684
058091,Roma,RM,Lazio,0,380,2318895,41.88534,12.4608
058092,Roviano,RM,Lazio,324,976,0,42.0297,12.99388
058093,Sacrofano,RM,Lazio,66,390,0,42.09503,12.4476
058094,Sambuci,RM,Lazio,299,781,0,41.9865,12.93715
058095,San Gregorio da Sassola,RM,Lazio,138,1123,0,41.92354,12.86021
058096,San Polo dei Cavalieri,RM,Lazio,111,1257,0,42.04664,12.8258
058097,Santa Marinella,RM,Lazio,0,339,0,42.04522,11.90338
058098,Sant'Angelo Romano,RM,Lazio,59,413,0,42.0316,12.70463
058099,Sant'Oreste,RM,Lazio,32,691,0,42.23886,12.52182
058100,San Vito Romano,RM,Lazio,275,826,0,41.88015,12.97941
058101,Saracinesco,RM,Lazio,299,1136,0,42.00243,12.95197
058102,Segni,RM,Lazio,184,1378,0,41.69119,13.00537
058103,Subiaco,RM,Lazio,340,1787,0,41.93551,13.11616
058104,Tivoli,RM,Lazio,27,610,22018,41.95707,12.785
058105,Tolfa,RM,Lazio,4,569,0,42.12268,11.97075
058106,Torrita Tiberina,RM,Lazio,30,229,0,42.22934,12.62294
058107,Trevignano Romano,RM,Lazio,159,612,0,42.15096,12.25363
058108,Vallepietra,RM,Lazio,569,1850,0,41.93291,13.23366
058109,Vallinfreda,RM,Lazio,574,1053,0,42.0916,12.98264
058110,Valmontone,RM,Lazio,211,400,0,41.77035,12.91768
058111,Velletri,RM,Lazio,56,939,52911,41.66291,12.76816
058112,Vicovaro,RM,Lazio,249,989,0,42.01335,12.88225
058113,Vivaro Romano,RM,Lazio,574,1078,0,42.11072,13.0027
058114,Zagarolo,RM,Lazio,52,366,0,41.85319,12.7939
058115,Lariano,RM,Lazio,244,868,0,41.7274,12.82574
058116,Ladispoli,RM,Lazio,0,56,34204,41.95369,12.09844
058117,Ardea,RM,Lazio,0,142,20216,41.61143,12.55295
058118,Ciampino,RM,Lazio,89,237,38277,41.79374,12.61446
058119,San Cesareo,RM,Lazio,152,455,0,41.82679,12.78562
058120,Fiumicino,RM,Lazio,-3,164,80738,41.8875,12.2283
058122,Fonte Nuova,RM,Lazio,28,201,20843,42.00221,12.63478
059001,Aprilia,LT,Lazio,6,162,74977,41.57857,12.65624
059002,Bassiano,LT,Lazio,17,1202,0,41.55026,13.03155
059003,Campodimele,LT,Lazio,284,1255,0,41.38965,13.53023
059004,Castelforte,LT,Lazio,11,800,0,41.31076,13.85206
059005,Cisterna di Latina,LT,Lazio,18,199,27362,41.57335,12.83744
059006,Cori,LT,Lazio,60,1375,0,41.64681,12.90577
059007,Fondi,LT,Lazio,-2,954,39762,41.33589,13.40946
059008,Formia,LT,Lazio,0,1400,28521,41.2846,13.62814
059009,Gaeta,LT,Lazio,0,480,19936,41.23482,13.54073
059010,Itri,LT,Lazio,21,1300,0,41.3047,13.5276
059011,Latina,LT,Lazio,0,75,76305,41.46632,12.87785
059012,Lenola,LT,Lazio,139,1101,0,41.4139,13.46442
059013,Maenza,LT,Lazio,44,1237,0,41.54285,13.18291
059014,Minturno,LT,Lazio,0,200,16236,41.26652,13.74386
059015,Monte San Biagio,LT,Lazio,1,1075,0,41.366,13.31668
059016,Norma,LT,Lazio,30,1300,0,41.60164,12.98008
059017,Pontinia,LT,Lazio,0,28,0,41.40264,13.112
059018,Ponza,LT,Lazio,0,280,0,40.91857,12.95785
059019,Priverno,LT,Lazio,5,537,0,41.47171,13.1664
059020,Prossedi,LT,Lazio,33,850,0,41.49737,13.258
059021,Roccagorga,LT,Lazio,64,1250,0,41.52691,13.13203
059022,Rocca Massima,LT,Lazio,230,960,0,41.69337,12.91817
059023,Roccasecca dei Volsci,LT,Lazio,18,823,0,41.464,13.22702
059024,Sabaudia,LT,Lazio,0,45,19327,41.34342,13.03045
059025,San Felice Circeo,LT,Lazio,0,503,0,41.25348,13.08563
059026,Santi Cosma e Damiano,LT,Lazio,3,575,0,41.27993,13.8018
059027,Sermoneta,LT,Lazio,3,802,0,41.54165,12.96878
059028,Sezze,LT,Lazio,0,1110,16071,41.48949,13.0569
059029,Sonnino,LT,Lazio,1,1090,0,41.40101,13.23397
059030,Sperlonga,LT,Lazio,0,479,0,41.26812,13.43973
059031,Spigno Saturnia,LT,Lazio,28,1536,0,41.31751,13.70202
059032,Terracina,LT,Lazio,-1,839,30980,41.31589,13.19095
059033,Ventotene,LT,Lazio,0,131,0,40.79266,13.42947
060001,Acquafondata,FR,Lazio,519,1352,0,41.55094,13.97498
060002,Acuto,FR,Lazio,297,1059,0,41.79222,13.17499
060003,Alatri,FR,Lazio,176,2050,0,41.72802,13.36037
060004,Alvito,FR,Lazio,343,1875,0,41.7096,13.75033
060005,Amaseno,FR,Lazio,63,1054,0,41.451,13.32872
060006,Anagni,FR,Lazio,165,769,0,41.73359,13.14846
060007,Aquino,FR,Lazio,55,116,0,41.47799,13.71546
060008,Arce,FR,Lazio,78,425,0,41.56543,13.55737
060009,Arnara,FR,Lazio,120,247,0,41.58534,13.38119
060010,Arpino,FR,Lazio,199,837,0,41.64638,13.62476
060011,Atina,FR,Lazio,315,1365,0,41.62111,13.79076
060012,Ausonia,FR,Lazio,28,1168,0,41.34894,13.73883
060013,Belmonte Castello,FR,Lazio,100,1213,0,41.58328,13.8121
060014,Boville Ernica,FR,Lazio,143,516,0,41.6407,13.46688
060015,Broccostella,FR,Lazio,284,553,0,41.70466,13.64979
060016,Campoli Appennino,FR,Lazio,291,1925,0,41.74936,13.70509
060017,Casalattico,FR,Lazio,225,1460,0,41.60438,13.72755
060018,Casalvieri,FR,Lazio,288,696,0,41.64515,13.71547
060019,Cassino,FR,Lazio,19,812,21074,41.47888,13.83557
060020,Castelliri,FR,Lazio,202,709,0,41.68772,13.53364
060021,Castelnuovo Parano,FR,Lazio,123,631,0,41.37953,13.74694
060022,Castrocielo,FR,Lazio,98,727,0,41.51004,13.68938
060023,Castro dei Volsci,FR,Lazio,91,1116,0,41.50441,13.41522
060024,Ceccano,FR,Lazio,114,786,0,41.56643,13.33142
060025,Ceprano,FR,Lazio,81,219,0,41.54672,13.49806
060026,Cervaro,FR,Lazio,30,1262,0,41.47673,13.89857
060027,Colfelice,FR,Lazio,53,406,0,41.5424,13.59932
060028,Collepardo,FR,Lazio,425,1725,0,41.76697,13.39821
060029,Colle San Magno,FR,Lazio,174,1650,0,41.5594,13.71364
060030,Coreno Ausonio,FR,Lazio,23,940,0,41.33475,13.78388
060031,Esperia,FR,Lazio,38,1375,0,41.37782,13.64815
060032,Falvaterra,FR,Lazio,85,505,0,41.50462,13.52019
060033,Ferentino,FR,Lazio,142,950,0,41.69472,13.24834
060034,Filettino,FR,Lazio,713,2159,0,41.89326,13.32452
060035,Fiuggi,FR,Lazio,544,1063,0,41.80889,13.22169
060036,Fontana Liri,FR,Lazio,140,562,0,41.61975,13.56861
060037,Fontechiari,FR,Lazio,289,624,0,41.67349,13.66416
060038,Frosinone,FR,Lazio,131,320,44505,41.63455,13.33137
060039,Fumone,FR,Lazio,370,813,0,41.73172,13.27523
060040,Gallinaro,FR,Lazio,323,618,0,41.65937,13.79901
060041,Giuliano di Roma,FR,Lazio,87,925,0,41.55047,13.25418
060042,Guarcino,FR,Lazio,490,1989,0,41.81366,13.30906
060043,Isola del Liri,FR,Lazio,209,645,0,41.68748,13.56829
060044,Monte San Giovanni Campano,FR,Lazio,109,1756,0,41.65276,13.51777
060045,Morolo,FR,Lazio,144,1423,0,41.64094,13.19063
060046,Paliano,FR,Lazio,180,471,0,41.78467,13.05229
060047,Pastena,FR,Lazio,188,1108,0,41.46964,13.48876
060048,Patrica,FR,Lazio,132,1095,0,41.59178,13.25691
060049,Pescosolido,FR,Lazio,313,2000,0,41.77011,13.65955
060050,Picinisco,FR,Lazio,390,2228,0,41.65294,13.90709
060051,Pico,FR,Lazio,74,804,0,41.44812,13.55674
060052,Piedimonte San Germano,FR,Lazio,59,600,0,41.48463,13.74952
060053,Piglio,FR,Lazio,294,1400,0,41.82129,13.14614
060054,Pignataro Interamna,FR,Lazio,25,97,0,41.43312,13.77095
060055,Pofi,FR,Lazio,94,250,0,41.55391,13.42036
060056,Pontecorvo,FR,Lazio,39,900,0,41.44817,13.645
060057,Posta Fibreno,FR,Lazio,283,1009,0,41.69864,13.69351
060058,Ripi,FR,Lazio,123,325,0,41.59657,13.44285
060059,Rocca d'Arce,FR,Lazio,174,614,0,41.58674,13.60296
060060,Roccasecca,FR,Lazio,59,658,0,41.53498,13.6395
060061,San Biagio Saracinisco,FR,Lazio,646,2042,0,41.61995,13.94788
060062,San Donato Val di Comino,FR,Lazio,372,2001,0,41.71545,13.80993
060063,San Giorgio a Liri,FR,Lazio,29,627,0,41.40221,13.76632
060064,San Giovanni Incarico,FR,Lazio,50,510,0,41.49641,13.56669
060065,Sant'Ambrogio sul Garigliano,FR,Lazio,15,200,0,41.39138,13.86416
060066,Sant'Andrea del Garigliano,FR,Lazio,13,750,0,41.35598,13.85179
060067,Sant'Apollinare,FR,Lazio,20,488,0,41.40162,13.82785
060068,Sant'Elia Fiumerapido,FR,Lazio,63,965,0,41.55815,13.86496
060069,Santopadre,FR,Lazio,175,784,0,41.59965,13.63963
060070,San Vittore del Lazio,FR,Lazio,38,1175,0,41.46585,13.94225
060071,Serrone,FR,Lazio,289,1413,0,41.83866,13.09292
060072,Settefrati,FR,Lazio,396,2050,0,41.68808,13.86626
060073,Sgurgola,FR,Lazio,149,1225,0,41.67447,13.14974
060074,Sora,FR,Lazio,270,1861,23758,41.73257,13.57599
060075,Strangolagalli,FR,Lazio,95,248,0,41.59414,13.49588
060076,Supino,FR,Lazio,140,1462,0,41.61019,13.20936
060077,Terelle,FR,Lazio,208,1669,0,41.55432,13.78309
060078,Torre Cajetani,FR,Lazio,550,1109,0,41.78947,13.26252
060079,Torrice,FR,Lazio,140,319,0,41.6274,13.39851
060080,Trevi nel Lazio,FR,Lazio,544,1669,0,41.86517,13.2503
060081,Trivigliano,FR,Lazio,495,783,0,41.76412,13.27003
060082,Vallecorsa,FR,Lazio,173,1054,0,41.43268,13.40233
060083,Vallemaio,FR,Lazio,73,933,0,41.36881,13.80664
060084,Vallerotonda,FR,Lazio,169,1875,0,41.57152,13.94322
060085,Veroli,FR,Lazio,185,2000,0,41.71891,13.44932
060086,Vicalvi,FR,Lazio,311,956,0,41.67821,13.71117
060087,Vico nel Lazio,FR,Lazio,415,1939,0,41.7978,13.37293
060088,Villa Latina,FR,Lazio,397,1169,0,41.60686,13.85421
060089,Villa Santa Lucia,FR,Lazio,61,917,0,41.49198,13.77542
060090,Villa Santo Stefano,FR,Lazio,48,791,0,41.50958,13.31351
060091,Viticuso,FR,Lazio,373,1259,0,41.52163,13.98109
061001,Ailano,CE,Campania,104,812,0,41.38385,14.19075
061002,Alife,CE,Campania,68,1250,0,41.32334,14.3338
061003,Alvignano,CE,Campania,74,550,0,41.24308,14.35801
061004,Arienzo,CE,Campania,95,789,0,41.02722,14.50869
061005,Aversa,CE,Campania,26,72,52974,40.97121,14.20705
061006,Baia e Latina,CE,Campania,71,437,0,41.30306,14.26167
061007,Bellona,CE,Campania,18,364,0,41.14632,14.23843
061008,Caianello,CE,Campania,145,437,0,41.29951,14.08189
061009,Caiazzo,CE,Campania,20,453,0,41.18313,14.37269
061010,Calvi Risorta,CE,Campania,17,454,0,41.20824,14.12636
061011,Camigliano,CE,Campania,65,539,0,41.18165,14.21768
061012,Cancello ed Arnone,CE,Campania,1,14,0,41.06177,14.02773
061013,Capodrise,CE,Campania,27,46,0,41.04364,14.30226
061014,Capriati a Volturno,CE,Campania,99,1045,0,41.47816,14.13242
061015,Capua,CE,Campania,13,588,15438,41.11518,14.21005
061016,Carinaro,CE,Campania,14,33,0,41.00388,14.22793
061017,Carinola,CE,Campania,5,552,0,41.18496,13.99104
061018,Casagiove,CE,Campania,49,425,0,41.08398,14.30587
061019,Casal di Principe,CE,Campania,5,22,20589,41.02438,14.11366
061020,Casaluce,CE,Campania,14,35,0,41.01979,14.20208
061021,Casapulla,CE,Campania,40,187,0,41.07842,14.29116
061022,Caserta,CE,Campania,28,613,72844,41.08757,14.35729
061023,Castel Campagnano,CE,Campania,28,280,0,41.16603,14.43637
061024,Castel di Sasso,CE,Campania,22,763,0,41.1875,14.29116
061025,Castello del Matese,CE,Campania,219,1564,0,41.39017,14.42839
061026,Castel Morrone,CE,Campania,20,607,0,41.1244,14.35142
061027,Castel Volturno,CE,Campania,-2,10,21881,41.02554,13.97181
061028,Cervino,CE,Campania,59,508,0,41.04062,14.43349
061029,Cesa,CE,Campania,37,57,0,40.95994,14.22837
061030,Ciorlano,CE,Campania,144,811,0,41.447,14.12582
061031,Conca della Campania,CE,Campania,181,737,0,41.35107,14.00185
061032,Curti,CE,Campania,36,43,0,41.07435,14.27407
061033,Dragoni,CE,Campania,70,625,0,41.26515,14.30519
061034,Fontegreca,CE,Campania,224,1052,0,41.45731,14.18561
061035,Formicola,CE,Campania,145,975,0,41.2212,14.22033
061036,Francolise,CE,Campania,4,225,0,41.1574,14.05801
061037,Frignano,CE,Campania,12,37,0,41.01716,14.17961
061038,Gallo Matese,CE,Campania,637,1506,0,41.47837,14.22192
061039,Galluccio,CE,Campania,67,906,0,41.34266,13.94443
061040,Giano Vetusto,CE,Campania,113,689,0,41.20881,14.18618
061041,Gioia Sannitica,CE,Campania,65,1388,0,41.30137,14.42947
061042,Grazzanise,CE,Campania,4,17,0,41.09335,14.08169
061043,Gricignano di Aversa,CE,Campania,15,39,0,40.99437,14.24227
061044,Letino,CE,Campania,829,1738,0,41.44939,14.2937
061045,Liberi,CE,Campania,324,875,0,41.23178,14.27948
061046,Lusciano,CE,Campania,44,75,0,40.96299,14.185
061047,Macerata Campania,CE,Campania,18,49,0,41.05563,14.27093
061048,Maddaloni,CE,Campania,21,438,34546,41.02584,14.39121
061049,Marcianise,CE,Campania,15,47,40239,41.02161,14.29473
061050,Marzano Appio,CE,Campania,147,609,0,41.31959,14.05081
061051,Mignano Monte Lungo,CE,Campania,36,1180,0,41.40774,13.97378
061052,Mondragone,CE,Campania,0,809,28683,41.11005,13.91463
061053,Orta di Atella,CE,Campania,19,36,24750,40.9824,14.27864
061054,Parete,CE,Campania,50,86,0,40.95576,14.15403
061055,Pastorano,CE,Campania,13,239,0,41.16498,14.1748
061056,Piana di Monte Verna,CE,Campania,18,585,0,41.16885,14.32145
061057,Piedimonte Matese,CE,Campania,118,1642,0,41.3736,14.37831
061058,Pietramelara,CE,Campania,108,975,0,41.26696,14.18416
061059,Pietravairano,CE,Campania,95,588,0,41.3242,14.1892
061060,Pignataro Maggiore,CE,Campania,9,413,0,41.16993,14.13962
061061,Pontelatone,CE,Campania,18,935,0,41.18735,14.25636
061062,Portico di Caserta,CE,Campania,26,36,0,41.05278,14.28012
061063,Prata Sannita,CE,Campania,165,1200,0,41.42634,14.20277
061064,Pratella,CE,Campania,117,742,0,41.40303,14.14385
061065,Presenzano,CE,Campania,125,890,0,41.37278,14.07777
061066,Raviscanina,CE,Campania,95,1273,0,41.3787,14.23742
061067,Recale,CE,Campania,35,55,0,41.05595,14.30528
061068,Riardo,CE,Campania,97,500,0,41.26895,14.14396
061069,Rocca d'Evandro,CE,Campania,16,958,0,41.38021,13.90426
061070,Roccamonfina,CE,Campania,317,1000,0,41.28812,13.9844
061071,Roccaromana,CE,Campania,128,950,0,41.27427,14.23446
061072,Rocchetta e Croce,CE,Campania,71,963,0,41.23476,14.15308
061073,Ruviano,CE,Campania,43,332,0,41.21233,14.41324
061074,San Cipriano d'Aversa,CE,Campania,12,36,0,40.9936,14.12038
061075,San Felice a Cancello,CE,Campania,25,675,16571,40.99934,14.46602
061076,San Gregorio Matese,CE,Campania,388,1912,0,41.41384,14.37703
061077,San Marcellino,CE,Campania,32,44,0,40.98795,14.16665
061078,San Nicola la Strada,CE,Campania,37,60,21147,41.04955,14.33049
061079,San Pietro Infine,CE,Campania,54,1134,0,41.44717,13.9759
061080,San Potito Sannitico,CE,Campania,113,1625,0,41.35035,14.42107
061081,San Prisco,CE,Campania,40,600,0,41.09831,14.2765
061082,Santa Maria a Vico,CE,Campania,45,656,0,41.02918,14.46663
061083,Santa Maria Capua Vetere,CE,Campania,15,49,31743,41.06994,14.24693
061084,Santa Maria la Fossa,CE,Campania,7,20,0,41.07444,14.13615
061085,San Tammaro,CE,Campania,10,29,0,41.06395,14.19475
061086,Sant'Angelo d'Alife,CE,Campania,95,1309,0,41.3557,14.26834
061087,Sant'Arpino,CE,Campania,32,51,0,40.9577,14.25004
061088,Sessa Aurunca,CE,Campania,0,938,0,41.23807,13.8935
061089,Sparanise,CE,Campania,9,214,0,41.17601,14.10098
061090,Succivo,CE,Campania,17,39,0,40.9862,14.25794
061091,Teano,CE,Campania,44,550,0,41.24514,14.05929
061092,Teverola,CE,Campania,14,31,0,41.00988,14.21636
061093,Tora e Piccilli,CE,Campania,164,551,0,41.34358,14.02962
061094,Trentola Ducenta,CE,Campania,35,57,17056,40.97586,14.16376
061095,Vairano Patenora,CE,Campania,109,575,0,41.33815,14.136
061096,Valle Agricola,CE,Campania,363,1575,0,41.42247,14.26332
061097,Valle di Maddaloni,CE,Campania,70,584,0,41.07509,14.41586
061098,Villa di Briano,CE,Campania,10,36,0,41.01668,14.15661
061099,Villa Literno,CE,Campania,-2,33,0,40.98985,14.05127
061100,Vitulazio,CE,Campania,12,233,0,41.14482,14.19188
061101,Falciano del Massico,CE,Campania,3,809,0,41.1418,13.96319
061102,Cellole,CE,Campania,0,47,0,41.20288,13.83394
061103,Casapesenna,CE,Campania,19,41,0,40.98894,14.13569
061104,San Marco Evangelista,CE,Campania,26,56,0,41.03198,14.34276
062001,Airola,BN,Campania,243,739,0,41.05746,14.56426
062002,Amorosi,BN,Campania,34,85,0,41.20261,14.46587
062003,Apice,BN,Campania,123,631,0,41.12879,14.95718
062004,Apollosa,BN,Campania,139,635,0,41.09058,14.70367
062005,Arpaia,BN,Campania,214,889,0,41.03248,14.54868
062006,Arpaise,BN,Campania,218,534,0,41.02248,14.74899
062007,Baselice,BN,Campania,318,964,0,41.39131,14.94019
062008,Benevento,BN,Campania,96,495,58418,41.1491,14.7829
062009,Bonea,BN,Campania,259,1375,0,41.07883,14.61074
062010,Bucciano,BN,Campania,244,1277,0,41.08286,14.57903
062011,Buonalbergo,BN,Campania,208,852,0,41.21788,14.97407
062012,Calvi,BN,Campania,163,381,0,41.08615,14.89961
062013,Campolattaro,BN,Campania,320,574,0,41.28942,14.73696
062014,Campoli del Monte Taburno,BN,Campania,200,655,0,41.11395,14.65909
062015,Casalduni,BN,Campania,119,675,0,41.25647,14.68864
062016,Castelfranco in Miscano,BN,Campania,423,953,0,41.2911,15.10066
062017,Castelpagano,BN,Campania,524,878,0,41.41726,14.80977
062018,Castelpoto,BN,Campania,99,500,0,41.12873,14.69868
062019,Castelvenere,BN,Campania,55,204,0,41.23136,14.55506
062020,Castelvetere in Val Fortore,BN,Campania,257,979,0,41.43811,14.93578
062021,Cautano,BN,Campania,170,1325,0,41.14839,14.61965
062022,Ceppaloni,BN,Campania,149,561,0,41.05521,14.74675
062023,Cerreto Sannita,BN,Campania,217,1102,0,41.29788,14.58201
062024,Circello,BN,Campania,295,877,0,41.3487,14.79224
062025,Colle Sannita,BN,Campania,490,853,0,41.38378,14.85597
062026,Cusano Mutri,BN,Campania,255,1814,0,41.34104,14.50522
062027,Dugenta,BN,Campania,29,232,0,41.13876,14.45475
062028,Durazzano,BN,Campania,218,750,0,41.05918,14.45323
062029,Faicchio,BN,Campania,43,1325,0,41.26741,14.47105
062030,Foglianise,BN,Campania,99,825,0,41.15984,14.68561
062031,Foiano di Val Fortore,BN,Campania,396,980,0,41.35368,14.97783
062032,Forchia,BN,Campania,164,838,0,41.03158,14.5304
062033,Fragneto l'Abate,BN,Campania,293,583,0,41.27551,14.78016
062034,Fragneto Monforte,BN,Campania,120,527,0,41.23937,14.75576
062035,Frasso Telesino,BN,Campania,68,1213,0,41.14666,14.53042
062036,Ginestra degli Schiavoni,BN,Campania,399,933,0,41.28138,15.04717
062037,Guardia Sanframondi,BN,Campania,51,835,0,41.24528,14.59012
062038,Limatola,BN,Campania,22,387,0,41.13463,14.39779
062039,Melizzano,BN,Campania,35,938,0,41.16971,14.4936
062040,Moiano,BN,Campania,216,1262,0,41.08122,14.54021
062041,Molinara,BN,Campania,284,953,0,41.31125,14.91777
062042,Montefalcone di Val Fortore,BN,Campania,424,980,0,41.32422,15.02317
062043,Montesarchio,BN,Campania,196,700,0,41.06901,14.65202
062044,Morcone,BN,Campania,343,1250,0,41.3485,14.6933
062045,Paduli,BN,Campania,124,554,0,41.1763,14.89782
062046,Pago Veiano,BN,Campania,170,554,0,41.23599,14.87701
062047,Pannarano,BN,Campania,222,1582,0,41.00367,14.6954
062048,Paolisi,BN,Campania,259,939,0,41.03361,14.57285
062049,Paupisi,BN,Campania,65,1188,0,41.20433,14.64819
062050,Pesco Sannita,BN,Campania,268,561,0,41.24191,14.82397
062051,Pietraroja,BN,Campania,400,1775,0,41.35199,14.57253
062052,Pietrelcina,BN,Campania,168,569,0,41.20046,14.84605
062053,Ponte,BN,Campania,69,502,0,41.22357,14.68555
062054,Pontelandolfo,BN,Campania,342,1014,0,41.29356,14.68041
062055,Puglianello,BN,Campania,48,175,0,41.22865,14.4544
062056,Reino,BN,Campania,293,703,0,41.29738,14.82569
062057,San Bartolomeo in Galdo,BN,Campania,249,950,0,41.42008,15.03104
062058,San Giorgio del Sannio,BN,Campania,124,508,0,41.10438,14.87685
062059,San Giorgio La Molara,BN,Campania,199,938,0,41.26931,14.95234
062060,San Leucio del Sannio,BN,Campania,138,388,0,41.08416,14.7616
062061,San Lorenzello,BN,Campania,110,1105,0,41.27023,14.53768
062062,San Lorenzo Maggiore,BN,Campania,58,834,0,41.23876,14.62505
062063,San Lupo,BN,Campania,96,897,0,41.26826,14.63818
062064,San Marco dei Cavoti,BN,Campania,268,1009,0,41.31711,14.87366
062065,San Martino Sannita,BN,Campania,344,753,0,41.05622,14.83524
062066,San Nazzaro,BN,Campania,300,528,0,41.05313,14.85825
062067,San Nicola Manfredi,BN,Campania,144,753,0,41.08278,14.83196
062068,San Salvatore Telesino,BN,Campania,49,707,0,41.23542,14.49814
062069,Santa Croce del Sannio,BN,Campania,479,878,0,41.39072,14.73749
062070,Sant'Agata de' Goti,BN,Campania,40,1314,0,41.10063,14.4953
062071,Sant'Angelo a Cupolo,BN,Campania,149,603,0,41.0749,14.79918
062072,Sassinoro,BN,Campania,395,1160,0,41.37521,14.65015
062073,Solopaca,BN,Campania,43,1300,0,41.19102,14.5518
062074,Telese Terme,BN,Campania,39,161,0,41.20779,14.50955
062075,Tocco Caudio,BN,Campania,298,1314,0,41.11852,14.6069
062076,Torrecuso,BN,Campania,73,1162,0,41.19401,14.70033
062077,Vitulano,BN,Campania,57,1385,0,41.17352,14.6256
062078,Sant'Arcangelo Trimonte,BN,Campania,140,526,0,41.1787,14.93415
063001,Acerra,NA,Campania,20,44,59910,40.96575,14.38746
063002,Afragola,NA,Campania,23,57,64470,40.92603,14.32616
063003,Agerola,NA,Campania,388,1400,0,40.64097,14.54368
063004,Anacapri,NA,Campania,0,589,0,40.54948,14.21318
063005,Arzano,NA,Campania,56,92,34933,40.91347,14.26701
063006,Bacoli,NA,Campania,0,163,25590,40.8158,14.06503
063007,Barano d'Ischia,NA,Campania,0,585,0,40.71642,13.92371
063008,Boscoreale,NA,Campania,18,156,26861,40.77928,14.50622
063009,Boscotrecase,NA,Campania,36,1200,0,40.78454,14.45413
063010,Brusciano,NA,Campania,26,56,15238,40.92635,14.42194
063011,Caivano,NA,Campania,20,33,34604,40.97335,14.31916
063012,Calvizzano,NA,Campania,95,154,0,40.90925,14.17707
063013,Camposano,NA,Campania,33,58,0,40.95328,14.52559
063014,Capri,NA,Campania,0,363,0,40.55223,14.24546
063015,Carbonara di Nola,NA,Campania,58,755,0,40.87177,14.57681
063016,Cardito,NA,Campania,29,48,21458,40.93858,14.29409
063017,Casalnuovo di Napoli,NA,Campania,22,46,45796,40.90748,14.35189
063018,Casamarciano,NA,Campania,44,475,0,40.93522,14.56011
063019,Casamicciola Terme,NA,Campania,0,768,0,40.74105,13.90952
063020,Casandrino,NA,Campania,56,97,0,40.92698,14.24722
063021,Casavatore,NA,Campania,74,93,18663,40.89825,14.27559
063022,Casola di Napoli,NA,Campania,78,663,0,40.69619,14.53674
063023,Casoria,NA,Campania,18,76,73918,40.90063,14.30497
063024,Castellammare di Stabia,NA,Campania,0,1200,66164,40.69638,14.48121
063025,Castello di Cisterna,NA,Campania,26,65,0,40.91787,14.41075
063026,Cercola,NA,Campania,42,118,17821,40.86183,14.3588
063027,Cicciano,NA,Campania,30,83,0,40.96663,14.52447
063028,Cimitile,NA,Campania,31,51,0,40.94581,14.51836
063029,Comiziano,NA,Campania,46,93,0,40.9485,14.54716
063030,Crispano,NA,Campania,26,40,0,40.95493,14.28813
063031,Forio,NA,Campania,0,733,15969,40.72787,13.87216
063032,Frattamaggiore,NA,Campania,37,64,29822,40.93679,14.27453
063033,Frattaminore,NA,Campania,30,44,15487,40.9561,14.27192
063034,Giugliano in Campania,NA,Campania,0,109,80269,40.92911,14.10162
063035,Gragnano,NA,Campania,29,1142,29082,40.68617,14.53562
063036,Grumo Nevano,NA,Campania,45,71,17879,40.93467,14.25909
063037,Ischia,NA,Campania,0,392,18564,40.72743,13.9476
063038,Lacco Ameno,NA,Campania,0,425,0,40.74832,13.88713
063039,Lettere,NA,Campania,31,1313,0,40.70314,14.55933
063040,Liveri,NA,Campania,54,353,0,40.89985,14.56482
063041,Marano di Napoli,NA,Campania,50,385,49920,40.8914,14.16933
063042,Mariglianella,NA,Campania,27,45,0,40.93151,14.43407
063043,Marigliano,NA,Campania,24,56,29901,40.9364,14.45288
063044,Massa Lubrense,NA,Campania,0,501,0,40.59766,14.35299
063045,Melito di Napoli,NA,Campania,79,113,36933,40.91937,14.2309
063046,Meta,NA,Campania,0,450,0,40.64057,14.41874
063047,Monte di Procida,NA,Campania,0,147,0,40.79784,14.05257
063048,Mugnano di Napoli,NA,Campania,100,149,34231,40.90908,14.21072
063049,Napoli,NA,Campania,0,453,909048,40.85659,14.2395
063050,Nola,NA,Campania,24,400,24101,40.92437,14.51109
063051,Ottaviano,NA,Campania,53,1275,23396,40.84288,14.47666
063052,Palma Campania,NA,Campania,21,835,0,40.85842,14.55729
063053,Piano di Sorrento,NA,Campania,0,642,0,40.62444,14.42354
063054,Pimonte,NA,Campania,175,1429,0,40.66595,14.51567
063055,Poggiomarino,NA,Campania,14,50,19451,40.80671,14.54679
063056,Pollena Trocchia,NA,Campania,30,1000,0,40.85781,14.38342
063057,Pomigliano d'Arco,NA,Campania,25,69,38921,40.90849,14.387
063058,Pompei,NA,Campania,4,54,23902,40.74799,14.49608
063059,Portici,NA,Campania,0,141,53801,40.81885,14.34175
063060,Pozzuoli,NA,Campania,0,338,81231,40.85003,14.1022
063061,Procida,NA,Campania,0,114,0,40.75637,14.01467
063062,Qualiano,NA,Campania,50,112,23752,40.92292,14.13372
063063,Quarto,NA,Campania,28,246,37683,40.88398,14.1287
063064,Ercolano,NA,Campania,0,1275,53576,40.81949,14.38025
063065,Roccarainola,NA,Campania,33,972,0,40.98887,14.54338
063066,San Gennaro Vesuviano,NA,Campania,47,75,0,40.85981,14.52661
063067,San Giorgio a Cremano,NA,Campania,3,105,45463,40.83403,14.33958
063068,San Giuseppe Vesuviano,NA,Campania,38,929,26888,40.82657,14.50221
063069,San Paolo Bel Sito,NA,Campania,37,225,0,40.91111,14.55014
063070,San Sebastiano al Vesuvio,NA,Campania,76,492,0,40.84241,14.36733
063071,Sant'Agnello,NA,Campania,0,517,0,40.62098,14.40388
063072,Sant'Anastasia,NA,Campania,29,1125,20733,40.872,14.3991
063073,Sant'Antimo,NA,Campania,42,87,33561,40.94308,14.2328
063074,Sant'Antonio Abate,NA,Campania,7,231,18859,40.72399,14.53812
063075,San Vitaliano,NA,Campania,25,38,0,40.93099,14.48271
063076,Saviano,NA,Campania,30,82,0,40.89985,14.50254
063077,Scisciano,NA,Campania,31,80,0,40.90629,14.47898
063078,Serrara Fontana,NA,Campania,0,755,0,40.71417,13.89405
063079,Somma Vesuviana,NA,Campania,44,1108,32484,40.87362,14.44414
063080,Sorrento,NA,Campania,0,533,0,40.61754,14.38065
063081,Striano,NA,Campania,16,31,0,40.81673,14.57109
063082,Terzigno,NA,Campania,44,817,17138,40.80279,14.48078
063083,Torre Annunziata,NA,Campania,0,74,43521,40.75083,14.45839
063084,Torre del Greco,NA,Campania,0,1175,85332,40.78726,14.40328
063085,Tufino,NA,Campania,69,368,0,40.95227,14.5699
063086,Vico Equense,NA,Campania,0,1388,0,40.65175,14.45325
063087,Villaricca,NA,Campania,70,133,25074,40.91401,14.15663
063088,Visciano,NA,Campania,250,809,0,40.91797,14.60966
063089,Volla,NA,Campania,16,53,22911,40.88296,14.34498
063090,Santa Maria la Carità,NA,Campania,6,54,0,40.72018,14.51137
063091,Trecase,NA,Campania,37,1175,0,40.77949,14.43919
063092,Massa di Somma,NA,Campania,115,953,0,40.84082,14.38905
064001,Aiello del Sabato,AV,Campania,318,684,0,40.88022,14.81338
064002,Altavilla Irpina,AV,Campania,199,564,0,41.00041,14.78702
064003,Andretta,AV,Campania,450,912,0,40.94219,15.3264
064004,Aquilonia,AV,Campania,270,919,0,40.97907,15.49232
064005,Ariano Irpino,AV,Campania,159,803,0,41.16865,15.11105
064006,Atripalda,AV,Campania,278,543,0,40.9127,14.83756
064007,Avella,AV,Campania,124,1508,0,40.97605,14.61357
064008,Avellino,AV,Campania,269,783,48104,40.91384,14.7882
064009,Bagnoli Irpino,AV,Campania,497,1813,0,40.8078,15.09636
064010,Baiano,AV,Campania,173,807,0,40.93586,14.63127
064011,Bisaccia,AV,Campania,424,990,0,41.00814,15.36483
064012,Bonito,AV,Campania,214,510,0,41.08807,14.98872
064013,Cairano,AV,Campania,350,814,0,40.89499,15.37185
064014,Calabritto,AV,Campania,165,1806,0,40.77637,15.18887
064015,Calitri,AV,Campania,288,920,0,40.92317,15.44671
064016,Candida,AV,Campania,312,638,0,40.94639,14.87338
064017,Caposele,AV,Campania,249,1558,0,40.82009,15.23708
064018,Capriglia Irpina,AV,Campania,325,661,0,40.9565,14.77844
064019,Carife,AV,Campania,420,1003,0,41.01854,15.21256
064020,Casalbore,AV,Campania,249,928,0,41.24274,15.01484
064021,Cassano Irpino,AV,Campania,440,1160,0,40.87838,15.02679
064022,Castel Baronia,AV,Campania,389,825,0,41.0438,15.17843
064023,Castelfranci,AV,Campania,350,742,0,40.92088,15.05502
064024,Castelvetere sul Calore,AV,Campania,321,1417,0,40.9323,14.97834
064025,Cervinara,AV,Campania,266,1475,0,41.016,14.62497
064026,Cesinali,AV,Campania,315,456,0,40.89621,14.83681
064027,Chianche,AV,Campania,174,676,0,41.04198,14.78845
064028,Chiusano di San Domenico,AV,Campania,369,1425,0,40.9309,14.93054
064029,Contrada,AV,Campania,347,950,0,40.86905,14.77818
064030,Conza della Campania,AV,Campania,375,828,0,40.87383,15.31484
064031,Domicella,AV,Campania,59,763,0,40.8816,14.59
064032,Flumeri,AV,Campania,324,718,0,41.07598,15.14795
064033,Fontanarosa,AV,Campania,295,746,0,41.01328,15.0234
064034,Forino,AV,Campania,249,979,0,40.85797,14.73287
064035,Frigento,AV,Campania,340,897,0,41.01177,15.12216
064036,Gesualdo,AV,Campania,320,777,0,41.00646,15.06583
064037,Greci,AV,Campania,436,915,0,41.25939,15.17304
064038,Grottaminarda,AV,Campania,306,678,0,41.06526,15.05855
064039,Grottolella,AV,Campania,294,640,0,40.97115,14.78818
064040,Guardia Lombardi,AV,Campania,435,1003,0,40.97531,15.23136
064041,Lacedonia,AV,Campania,227,939,0,41.05428,15.43885
064042,Lapio,AV,Campania,225,629,0,40.97785,14.93599
064043,Lauro,AV,Campania,140,839,0,40.8724,14.61707
064044,Lioni,AV,Campania,454,1576,0,40.86164,15.18466
064045,Luogosano,AV,Campania,246,495,0,40.98522,14.98542
064046,Manocalzati,AV,Campania,262,579,0,40.94339,14.84408
064047,Marzano di Nola,AV,Campania,68,487,0,40.90022,14.58304
064048,Melito Irpino,AV,Campania,199,539,0,41.10939,15.03246
064049,Mercogliano,AV,Campania,358,1554,0,40.92335,14.72555
064050,Mirabella Eclano,AV,Campania,193,661,0,41.05068,14.98838
064051,Montaguto,AV,Campania,358,928,0,41.25165,15.23755
064052,Montecalvo Irpino,AV,Campania,151,700,0,41.19995,15.0273
064053,Montefalcione,AV,Campania,293,664,0,40.96843,14.8877
064054,Monteforte Irpino,AV,Campania,300,1112,0,40.89998,14.70585
064055,Montefredane,AV,Campania,260,611,0,40.9603,14.818
064056,Montefusco,AV,Campania,374,778,0,41.03426,14.86076
064057,Montella,AV,Campania,450,1660,0,40.82937,15.0099
064058,Montemarano,AV,Campania,343,975,0,40.91168,15.00577
064059,Montemiletto,AV,Campania,218,611,0,41.00414,14.90571
064060,Monteverde,AV,Campania,240,775,0,41.01279,15.53533
064063,Morra De Sanctis,AV,Campania,435,908,0,40.92109,15.26161
064064,Moschiano,AV,Campania,228,1110,0,40.87348,14.67701
064065,Mugnano del Cardinale,AV,Campania,214,1410,0,40.93839,14.66339
064066,Nusco,AV,Campania,438,1486,0,40.87971,15.10878
064067,Ospedaletto d'Alpinolo,AV,Campania,471,1559,0,40.93898,14.74309
064068,Pago del Vallo di Lauro,AV,Campania,100,550,0,40.90045,14.60752
064069,Parolise,AV,Campania,449,828,0,40.93305,14.8901
064070,Paternopoli,AV,Campania,294,675,0,40.96527,15.03391
064071,Petruro Irpino,AV,Campania,199,678,0,41.03045,14.79391
064072,Pietradefusi,AV,Campania,245,582,0,41.0481,14.88623
064073,Pietrastornina,AV,Campania,223,1550,0,40.99321,14.72977
064074,Prata di Principato Ultra,AV,Campania,222,526,0,40.99085,14.82722
064075,Pratola Serra,AV,Campania,259,466,0,40.97974,14.85648
064076,Quadrelle,AV,Campania,264,1364,0,40.95317,14.67206
064077,Quindici,AV,Campania,179,1137,0,40.84996,14.65668
064078,Roccabascerana,AV,Campania,194,584,0,41.03259,14.71588
064079,Rocca San Felice,AV,Campania,524,903,0,40.96627,15.16007
064080,Rotondi,AV,Campania,259,938,0,41.03262,14.59161
064081,Salza Irpina,AV,Campania,445,864,0,40.91414,14.90073
064082,San Mango sul Calore,AV,Campania,270,868,0,40.96242,14.97191
064083,San Martino Valle Caudina,AV,Campania,194,1525,0,41.02611,14.67183
064084,San Michele di Serino,AV,Campania,327,553,0,40.87679,14.84282
064085,San Nicola Baronia,AV,Campania,544,910,0,41.06016,15.20583
064086,San Potito Ultra,AV,Campania,305,555,0,40.92736,14.86182
064087,San Sossio Baronia,AV,Campania,471,893,0,41.08859,15.22445
064088,Santa Lucia di Serino,AV,Campania,357,1108,0,40.87432,14.87836
064089,Sant'Andrea di Conza,AV,Campania,421,840,0,40.85389,15.36536
064090,Sant'Angelo all'Esca,AV,Campania,295,489,0,41.00739,14.9939
064091,Sant'Angelo a Scala,AV,Campania,270,1511,0,40.97305,14.74327
064092,Sant'Angelo dei Lombardi,AV,Campania,468,920,0,40.92442,15.17567
064093,Santa Paolina,AV,Campania,291,713,0,41.01607,14.85193
064095,Santo Stefano del Sole,AV,Campania,325,1137,0,40.8904,14.87356
064096,Savignano Irpino,AV,Campania,393,803,0,41.214,15.20898
064097,Scampitella,AV,Campania,399,778,0,41.08669,15.31685
064098,Senerchia,AV,Campania,159,1682,0,40.73389,15.1931
064099,Serino,AV,Campania,358,1788,0,40.83468,14.89698
064100,Sirignano,AV,Campania,221,1359,0,40.9605,14.65021
064101,Solofra,AV,Campania,275,1550,0,40.82677,14.84592
064102,Sorbo Serpico,AV,Campania,372,988,0,40.90464,14.88973
064103,Sperone,AV,Campania,158,1589,0,40.94911,14.62114
064104,Sturno,AV,Campania,370,848,0,41.02325,15.13705
064105,Summonte,AV,Campania,366,1575,0,40.9556,14.73153
064106,Taurano,AV,Campania,215,935,0,40.89707,14.64637
064107,Taurasi,AV,Campania,215,460,0,41.01493,14.96288
064108,Teora,AV,Campania,443,888,0,40.86114,15.24674
064109,Torella dei Lombardi,AV,Campania,367,750,0,40.93988,15.09371
064110,Torre Le Nocelle,AV,Campania,199,525,0,41.02989,14.92075
064111,Torrioni,AV,Campania,288,728,0,41.02869,14.81599
064112,Trevico,AV,Campania,589,1078,0,41.05179,15.2403
064113,Tufo,AV,Campania,217,528,0,41.01186,14.82256
064114,Vallata,AV,Campania,449,1002,0,41.03336,15.2846
064115,Vallesaccarda,AV,Campania,549,828,0,41.07915,15.26004
064116,Venticano,AV,Campania,193,375,0,41.05924,14.92314
064117,Villamaina,AV,Campania,349,616,0,40.97154,15.09361
064118,Villanova del Battista,AV,Campania,374,800,0,41.11265,15.15931
064119,Volturara Irpina,AV,Campania,665,1786,0,40.86592,14.93995
064120,Zungoli,AV,Campania,449,928,0,41.12244,15.21756
064121,Montoro,AV,Campania,,,0,40.82439,14.78647
065001,Acerno,SA,Campania,418,1790,0,40.74142,15.06475
065002,Agropoli,SA,Campania,0,324,17335,40.35117,15.00841
065003,Albanella,SA,Campania,3,414,0,40.49268,15.09682
065004,Alfano,SA,Campania,124,567,0,40.17647,15.42785
065005,Altavilla Silentina,SA,Campania,10,436,0,40.52816,15.12259
065006,Amalfi,SA,Campania,0,1036,0,40.63438,14.58375
065007,Angri,SA,Campania,11,900,31632,40.74121,14.56802
065008,Aquara,SA,Campania,75,750,0,40.44925,15.25181
065009,Ascea,SA,Campania,0,811,0,40.15759,15.19586
065010,Atena Lucana,SA,Campania,442,994,0,40.45776,15.55114
065011,Atrani,SA,Campania,9,200,0,40.63662,14.60751
065012,Auletta,SA,Campania,159,1252,0,40.55474,15.42119
065013,Baronissi,SA,Campania,123,959,0,40.74041,14.77948
065014,Battipaglia,SA,Campania,1,411,47104,40.59435,14.95515
065015,Bellosguardo,SA,Campania,143,712,0,40.41832,15.30502
065016,Bracigliano,SA,Campania,228,1063,0,40.82627,14.70743
065017,Buccino,SA,Campania,113,1360,0,40.6274,15.36266
065018,Buonabitacolo,SA,Campania,468,908,0,40.28267,15.62341
065019,Caggiano,SA,Campania,275,1280,0,40.56114,15.49503
065020,Calvanico,SA,Campania,325,1578,0,40.77935,14.84497
065021,Camerota,SA,Campania,0,1200,0,40.03668,15.37693
065022,Campagna,SA,Campania,35,1783,0,40.66312,15.12668
065023,Campora,SA,Campania,307,1206,0,40.29512,15.30958
065024,Cannalonga,SA,Campania,475,1682,0,40.24967,15.32057
065025,Capaccio Paestum,SA,Campania,0,1087,0,40.44433,15.02734
065026,Casalbuono,SA,Campania,515,1109,0,40.21706,15.69465
065027,Casaletto Spartano,SA,Campania,125,1484,0,40.16925,15.64787
065028,Casal Velino,SA,Campania,0,442,0,40.20525,15.12902
065029,Caselle in Pittari,SA,Campania,100,1262,0,40.18609,15.53703
065030,Castelcivita,SA,Campania,55,1690,0,40.50473,15.23335
065031,Castellabate,SA,Campania,0,356,0,40.27978,14.95139
065032,Castelnuovo Cilento,SA,Campania,4,297,0,40.21221,15.17824
065033,Castelnuovo di Conza,SA,Campania,290,1025,0,40.82222,15.31107
065034,Castel San Giorgio,SA,Campania,60,600,0,40.78122,14.68499
065035,Castel San Lorenzo,SA,Campania,83,757,0,40.4193,15.21554
065036,Castiglione del Genovesi,SA,Campania,250,1189,0,40.72873,14.84315
065037,Cava de' Tirreni,SA,Campania,100,1138,53130,40.71001,14.70467
065038,Celle di Bulgheria,SA,Campania,34,1126,0,40.10052,15.39035
065039,Centola,SA,Campania,0,552,0,40.07827,15.31352
065040,Ceraso,SA,Campania,16,1050,0,40.1877,15.24751
065041,Cetara,SA,Campania,0,928,0,40.65764,14.69327
065042,Cicerale,SA,Campania,22,667,0,40.35356,15.11789
065043,Colliano,SA,Campania,143,1513,0,40.71425,15.30851
065044,Conca dei Marini,SA,Campania,0,429,0,40.61732,14.56759
065045,Controne,SA,Campania,50,1003,0,40.51618,15.20029
065046,Contursi Terme,SA,Campania,67,542,0,40.6489,15.242
065047,Corbara,SA,Campania,113,1300,0,40.71216,14.59304
065048,Corleto Monforte,SA,Campania,323,1451,0,40.44719,15.40002
065049,Cuccaro Vetere,SA,Campania,336,1435,0,40.17488,15.30902
065050,Eboli,SA,Campania,0,863,26183,40.56219,15.00544
065051,Felitto,SA,Campania,118,1319,0,40.38605,15.25234
065052,Fisciano,SA,Campania,139,1180,0,40.77318,14.80031
065053,Furore,SA,Campania,0,650,0,40.61923,14.54819
065054,Futani,SA,Campania,190,1611,0,40.15982,15.32102
065055,Giffoni Sei Casali,SA,Campania,67,1553,0,40.74033,14.88772
065056,Giffoni Valle Piana,SA,Campania,26,1652,0,40.74607,14.93773
065057,Gioi,SA,Campania,83,953,0,40.27693,15.22625
065058,Giungano,SA,Campania,32,550,0,40.38914,15.09251
065059,Ispani,SA,Campania,0,486,0,40.08677,15.55395
065060,Laureana Cilento,SA,Campania,18,635,0,40.30738,15.02133
065061,Laurino,SA,Campania,220,1351,0,40.31914,15.34428
065062,Laurito,SA,Campania,99,1475,0,40.16744,15.39929
065063,Laviano,SA,Campania,267,1575,0,40.77393,15.33425
065064,Lustra,SA,Campania,27,686,0,40.28333,15.08885
065065,Magliano Vetere,SA,Campania,200,1288,0,40.34912,15.23603
065066,Maiori,SA,Campania,0,1014,0,40.65512,14.66121
065067,Mercato San Severino,SA,Campania,85,950,0,40.77808,14.73625
065068,Minori,SA,Campania,0,625,0,40.6594,14.62541
065069,Moio della Civitella,SA,Campania,192,936,0,40.25647,15.27052
065070,Montano Antilia,SA,Campania,75,1600,0,40.15285,15.36038
065071,Montecorice,SA,Campania,0,754,0,40.24053,14.98752
065072,Montecorvino Pugliano,SA,Campania,25,610,0,40.65628,14.93929
065073,Montecorvino Rovella,SA,Campania,92,1146,0,40.68877,14.98451
065074,Monteforte Cilento,SA,Campania,150,1309,0,40.36248,15.18157
065075,Monte San Giacomo,SA,Campania,460,1708,0,40.33471,15.51014
065076,Montesano sulla Marcellana,SA,Campania,481,1429,0,40.26461,15.72601
065077,Morigerati,SA,Campania,48,841,0,40.14926,15.53382
065078,Nocera Inferiore,SA,Campania,18,1076,45608,40.75434,14.63897
065079,Nocera Superiore,SA,Campania,49,1125,23452,40.73812,14.67473
065080,Novi Velia,SA,Campania,425,1703,0,40.2265,15.34124
065081,Ogliastro Cilento,SA,Campania,23,501,0,40.35726,15.05704
065082,Olevano sul Tusciano,SA,Campania,94,1153,0,40.66632,15.02807
065083,Oliveto Citra,SA,Campania,100,1075,0,40.69245,15.21497
065084,Omignano,SA,Campania,23,1125,0,40.24976,15.10217
065085,Orria,SA,Campania,61,875,0,40.30158,15.18599
065086,Ottati,SA,Campania,146,1728,0,40.49018,15.30619
065087,Padula,SA,Campania,455,1501,0,40.34025,15.66446
065088,Pagani,SA,Campania,15,850,32835,40.75291,14.60807
065089,Palomonte,SA,Campania,158,741,0,40.65465,15.29604
065090,Pellezzano,SA,Campania,45,763,0,40.71858,14.75856
065091,Perdifumo,SA,Campania,43,775,0,40.27836,15.0064
065092,Perito,SA,Campania,30,600,0,40.30188,15.1425
065093,Pertosa,SA,Campania,195,475,0,40.54642,15.45256
065094,Petina,SA,Campania,158,1550,0,40.52904,15.38058
065095,Piaggine,SA,Campania,325,1876,0,40.33269,15.42307
065096,Pisciotta,SA,Campania,0,801,0,40.11456,15.24338
065097,Polla,SA,Campania,243,1301,0,40.50956,15.48842
065098,Pollica,SA,Campania,0,1100,0,40.19298,15.06216
065099,Pontecagnano Faiano,SA,Campania,1,369,0,40.62659,14.88696
065100,Positano,SA,Campania,0,1400,0,40.6332,14.49079
065101,Postiglione,SA,Campania,39,1701,0,40.57276,15.21486
065102,Praiano,SA,Campania,0,686,0,40.61639,14.52737
065103,Prignano Cilento,SA,Campania,70,490,0,40.32891,15.07755
065104,Ravello,SA,Campania,0,1259,0,40.66893,14.60893
065105,Ricigliano,SA,Campania,225,1300,0,40.66735,15.45266
065106,Roccadaspide,SA,Campania,35,1200,0,40.44443,15.1528
065107,Roccagloriosa,SA,Campania,25,1225,0,40.12083,15.44289
065108,Roccapiemonte,SA,Campania,64,750,0,40.75917,14.68755
065109,Rofrano,SA,Campania,124,1521,0,40.20769,15.43797
065110,Romagnano al Monte,SA,Campania,191,783,0,40.62391,15.44078
065111,Roscigno,SA,Campania,221,876,0,40.40291,15.34941
065112,Rutino,SA,Campania,50,525,0,40.30169,15.09356
065113,Sacco,SA,Campania,275,1694,0,40.38298,15.3961
065114,Sala Consilina,SA,Campania,447,1467,0,40.39871,15.6055
065115,Salento,SA,Campania,22,470,0,40.24882,15.17726
065116,Salerno,SA,Campania,0,961,125797,40.67777,14.81018
065117,Salvitelle,SA,Campania,193,970,0,40.59627,15.44692
065118,San Cipriano Picentino,SA,Campania,44,950,0,40.70124,14.86999
065119,San Giovanni a Piro,SA,Campania,0,1218,0,40.05493,15.45542
065120,San Gregorio Magno,SA,Campania,351,1425,0,40.67629,15.38974
065121,San Mango Piemonte,SA,Campania,97,800,0,40.70136,14.83937
065122,San Marzano sul Sarno,SA,Campania,12,23,0,40.77415,14.58155
065123,San Mauro Cilento,SA,Campania,0,1100,0,40.22137,15.03586
065124,San Mauro la Bruca,SA,Campania,68,917,0,40.12453,15.28793
065125,San Pietro al Tanagro,SA,Campania,443,1377,0,40.4527,15.48831
065126,San Rufo,SA,Campania,445,1475,0,40.4262,15.46472
065127,Santa Marina,SA,Campania,0,585,0,40.10119,15.52202
065128,Sant'Angelo a Fasanella,SA,Campania,182,1364,0,40.46728,15.34936
065129,Sant'Arsenio,SA,Campania,442,1335,0,40.46634,15.48857
065130,Sant'Egidio del Monte Albino,SA,Campania,14,833,0,40.73662,14.59703
065131,Santomenna,SA,Campania,362,1135,0,40.81002,15.34539
065132,San Valentino Torio,SA,Campania,14,24,0,40.79171,14.60071
065133,Sanza,SA,Campania,350,1898,0,40.24877,15.54341
065134,Sapri,SA,Campania,0,733,0,40.06487,15.64675
065135,Sarno,SA,Campania,15,965,28837,40.81814,14.62325
065136,Sassano,SA,Campania,451,1251,0,40.3214,15.57604
065137,Scafati,SA,Campania,6,34,48702,40.76224,14.53693
065138,Scala,SA,Campania,50,1235,0,40.66175,14.58681
065139,Serramezzana,SA,Campania,74,926,0,40.23999,15.02351
065140,Serre,SA,Campania,8,317,0,40.57228,15.12495
065141,Sessa Cilento,SA,Campania,44,1131,0,40.2652,15.06975
065142,Siano,SA,Campania,106,936,0,40.80566,14.68977
065143,Sicignano degli Alburni,SA,Campania,80,1742,0,40.58091,15.30136
065144,Stella Cilento,SA,Campania,50,1100,0,40.22675,15.09447
065145,Stio,SA,Campania,275,944,0,40.31486,15.2531
065146,Teggiano,SA,Campania,446,1743,0,40.38758,15.50545
065147,Torchiara,SA,Campania,20,506,0,40.31881,15.05001
065148,Torraca,SA,Campania,25,888,0,40.10366,15.64005
065149,Torre Orsaia,SA,Campania,18,430,0,40.13061,15.48436
065150,Tortorella,SA,Campania,25,1480,0,40.12113,15.6321
065151,Tramonti,SA,Campania,75,1300,0,40.69636,14.63531
065152,Trentinara,SA,Campania,139,1210,0,40.40026,15.1308
065153,Valle dell'Angelo,SA,Campania,437,1788,0,40.29678,15.40009
065154,Vallo della Lucania,SA,Campania,50,1326,0,40.22462,15.24592
065155,Valva,SA,Campania,157,1375,0,40.75519,15.2642
065156,Vibonati,SA,Campania,0,529,0,40.09856,15.58846
065157,Vietri sul Mare,SA,Campania,0,914,0,40.67456,14.70851
065158,Bellizzi,SA,Campania,19,124,0,40.62005,14.93992
066001,Acciano,AQ,Abruzzo,454,1300,0,42.19287,13.7068
066002,Aielli,AQ,Abruzzo,649,1800,0,42.07528,13.58201
066003,Alfedena,AQ,Abruzzo,822,2227,0,41.71558,14.00964
066004,Anversa degli Abruzzi,AQ,Abruzzo,443,1792,0,41.98797,13.81137
066005,Ateleta,AQ,Abruzzo,690,1877,0,41.87313,14.1734
066006,Avezzano,AQ,Abruzzo,648,1398,37808,42.0372,13.4462
066007,Balsorano,AQ,Abruzzo,293,2000,0,41.79956,13.58376
066008,Barete,AQ,Abruzzo,702,1525,0,42.44935,13.27505
066009,Barisciano,AQ,Abruzzo,571,1954,0,42.3488,13.58446
066010,Barrea,AQ,Abruzzo,900,2278,0,41.76807,13.97806
066011,Bisegna,AQ,Abruzzo,943,2202,0,41.9146,13.77523
066012,Bugnara,AQ,Abruzzo,350,1854,0,42.01641,13.85324
066013,Cagnano Amiterno,AQ,Abruzzo,739,1800,0,42.45163,13.19893
066014,Calascio,AQ,Abruzzo,588,2568,0,42.36373,13.69151
066015,Campo di Giove,AQ,Abruzzo,713,2403,0,41.99827,14.06542
066016,Campotosto,AQ,Abruzzo,1022,2256,0,42.54923,13.36146
066017,Canistro,AQ,Abruzzo,550,1834,0,41.9344,13.39761
066018,Cansano,AQ,Abruzzo,599,1792,0,41.98443,14.02583
066019,Capestrano,AQ,Abruzzo,320,1425,0,42.27245,13.79297
066020,Capistrello,AQ,Abruzzo,568,1887,0,41.97633,13.37583
066021,Capitignano,AQ,Abruzzo,819,1605,0,42.52315,13.30505
066022,Caporciano,AQ,Abruzzo,726,1225,0,42.24503,13.67152
066023,Cappadocia,AQ,Abruzzo,868,1809,0,42.0053,13.25083
066024,Carapelle Calvisio,AQ,Abruzzo,497,2454,0,42.31752,13.6873
066025,Carsoli,AQ,Abruzzo,572,1639,0,42.11652,13.11414
066026,Castel del Monte,AQ,Abruzzo,1000,2550,0,42.39225,13.7323
066027,Castel di Ieri,AQ,Abruzzo,474,1281,0,42.09733,13.74518
066028,Castel di Sangro,AQ,Abruzzo,774,1825,0,41.78156,14.12058
066029,Castellafiume,AQ,Abruzzo,746,1784,0,41.97762,13.32426
066030,Castelvecchio Calvisio,AQ,Abruzzo,444,2570,0,42.32684,13.6804
066031,Castelvecchio Subequo,AQ,Abruzzo,449,1492,0,42.10983,13.72164
066032,Celano,AQ,Abruzzo,645,2300,0,42.07705,13.56658
066033,Cerchio,AQ,Abruzzo,649,1304,0,42.04255,13.59658
066034,Civita d'Antino,AQ,Abruzzo,395,1778,0,41.88642,13.47687
066035,Civitella Alfedena,AQ,Abruzzo,974,2209,0,41.77669,13.91181
066036,Civitella Roveto,AQ,Abruzzo,468,2150,0,41.89687,13.41038
066037,Cocullo,AQ,Abruzzo,635,1636,0,42.03389,13.77145
066038,Collarmele,AQ,Abruzzo,666,1192,0,42.06108,13.64286
066039,Collelongo,AQ,Abruzzo,764,1760,0,41.89058,13.57256
066040,Collepietro,AQ,Abruzzo,487,929,0,42.21739,13.78652
066041,Corfinio,AQ,Abruzzo,248,1725,0,42.13572,13.85845
066042,Fagnano Alto,AQ,Abruzzo,549,1450,0,42.24994,13.5828
066043,Fontecchio,AQ,Abruzzo,524,1428,0,42.22447,13.6073
066044,Fossa,AQ,Abruzzo,564,912,0,42.30296,13.49421
066045,Gagliano Aterno,AQ,Abruzzo,500,2200,0,42.1169,13.67707
066046,Gioia dei Marsi,AQ,Abruzzo,673,1988,0,41.91621,13.72958
066047,Goriano Sicoli,AQ,Abruzzo,549,1304,0,42.07197,13.77173
066048,Introdacqua,AQ,Abruzzo,417,2151,0,41.99768,13.89305
066049,L'Aquila,AQ,Abruzzo,569,2605,33691,42.39337,13.42489
066050,Lecce nei Marsi,AQ,Abruzzo,672,1987,0,41.89412,13.68611
066051,Luco dei Marsi,AQ,Abruzzo,651,1777,0,41.95504,13.47712
066052,Lucoli,AQ,Abruzzo,771,2150,0,42.25094,13.37242
066053,Magliano de' Marsi,AQ,Abruzzo,694,2450,0,42.1264,13.33708
066054,Massa d'Albe,AQ,Abruzzo,747,2450,0,42.12107,13.4224
066055,Molina Aterno,AQ,Abruzzo,449,1228,0,42.15001,13.74807
066056,Montereale,AQ,Abruzzo,770,1491,0,42.53015,13.22803
066057,Morino,AQ,Abruzzo,393,2050,0,41.84269,13.44289
066058,Navelli,AQ,Abruzzo,449,1249,0,42.23755,13.73196
066059,Ocre,AQ,Abruzzo,597,2205,0,42.27926,13.46684
066060,Ofena,AQ,Abruzzo,349,1756,0,42.33195,13.75727
066061,Opi,AQ,Abruzzo,1034,2256,0,41.77155,13.85451
066062,Oricola,AQ,Abruzzo,574,940,0,42.06665,13.0436
066063,Ortona dei Marsi,AQ,Abruzzo,768,1803,0,42.0011,13.72912
066064,Ortucchio,AQ,Abruzzo,650,1337,0,41.94877,13.62036
066065,Ovindoli,AQ,Abruzzo,774,2201,0,42.13345,13.51426
066066,Pacentro,AQ,Abruzzo,417,2778,0,42.05498,14.02741
066067,Pereto,AQ,Abruzzo,599,1813,0,42.05226,13.1286
066068,Pescasseroli,AQ,Abruzzo,1115,2209,0,41.80956,13.79116
066069,Pescina,AQ,Abruzzo,632,1238,0,42.01034,13.64581
066070,Pescocostanzo,AQ,Abruzzo,1185,2103,0,41.91848,14.05655
066071,Pettorano sul Gizio,AQ,Abruzzo,429,2151,0,41.96737,13.94706
066072,Pizzoli,AQ,Abruzzo,667,2128,0,42.45031,13.33235
066073,Poggio Picenze,AQ,Abruzzo,567,1291,0,42.31699,13.5405
066074,Prata d'Ansidonia,AQ,Abruzzo,675,1127,0,42.27336,13.62004
066075,Pratola Peligna,AQ,Abruzzo,275,1976,0,42.09909,13.89702
066076,Prezza,AQ,Abruzzo,324,1364,0,42.05769,13.83649
066077,Raiano,AQ,Abruzzo,270,1153,0,42.10001,13.80976
066078,Rivisondoli,AQ,Abruzzo,1152,2053,0,41.86289,14.04387
066079,Roccacasale,AQ,Abruzzo,269,1778,0,42.1293,13.89067
066080,Rocca di Botte,AQ,Abruzzo,638,1810,0,42.02184,13.11473
066081,Rocca di Cambio,AQ,Abruzzo,1255,2191,0,42.22928,13.47384
066082,Rocca di Mezzo,AQ,Abruzzo,916,2250,0,42.19686,13.50897
066083,Rocca Pia,AQ,Abruzzo,963,2103,0,41.90532,13.98716
066084,Roccaraso,AQ,Abruzzo,822,2127,0,41.83733,14.07819
066085,San Benedetto dei Marsi,AQ,Abruzzo,568,697,0,42.00651,13.60205
066086,San Benedetto in Perillis,AQ,Abruzzo,424,1225,0,42.17987,13.77465
066087,San Demetrio ne' Vestini,AQ,Abruzzo,559,1216,0,42.2835,13.55555
066088,San Pio delle Camere,AQ,Abruzzo,740,1379,0,42.29037,13.64924
066089,Sante Marie,AQ,Abruzzo,748,1455,0,42.11865,13.21053
066090,Sant'Eusanio Forconese,AQ,Abruzzo,557,1177,0,42.28342,13.51552
066091,Santo Stefano di Sessanio,AQ,Abruzzo,951,2365,0,42.37563,13.64697
066092,San Vincenzo Valle Roveto,AQ,Abruzzo,320,2041,0,41.83327,13.52868
066093,Scanno,AQ,Abruzzo,925,2256,0,41.87675,13.901
066094,Scontrone,AQ,Abruzzo,823,1975,0,41.76317,14.0545
066095,Scoppito,AQ,Abruzzo,666,1878,0,42.36048,13.22133
066096,Scurcola Marsicana,AQ,Abruzzo,699,1101,0,42.0575,13.35271
066097,Secinaro,AQ,Abruzzo,510,2300,0,42.15657,13.64439
066098,Sulmona,AQ,Abruzzo,319,2053,21086,42.06553,13.93438
066099,Tagliacozzo,AQ,Abruzzo,709,1727,0,42.06587,13.25513
066100,Tione degli Abruzzi,AQ,Abruzzo,489,1425,0,42.1917,13.64207
066101,Tornimparte,AQ,Abruzzo,685,1989,0,42.28541,13.2773
066102,Trasacco,AQ,Abruzzo,650,1684,0,41.95059,13.53898
066103,Villalago,AQ,Abruzzo,750,2177,0,41.93494,13.82179
066104,Villa Santa Lucia degli Abruzzi,AQ,Abruzzo,400,1800,0,42.33588,13.78633
066105,Villa Sant'Angelo,AQ,Abruzzo,556,1100,0,42.2656,13.5357
066106,Villavallelonga,AQ,Abruzzo,914,2010,0,41.83928,13.66446
066107,Villetta Barrea,AQ,Abruzzo,974,1953,0,41.79905,13.93422
066108,Vittorito,AQ,Abruzzo,246,1205,0,42.13507,13.8069
067001,Alba Adriatica,TE,Abruzzo,0,130,0,42.82237,13.9074
067002,Ancarano,TE,Abruzzo,20,326,0,42.84046,13.74761
067003,Arsita,TE,Abruzzo,309,2328,0,42.47295,13.77585
067004,Atri,TE,Abruzzo,13,450,0,42.58408,13.98027
067005,Basciano,TE,Abruzzo,135,577,0,42.58744,13.73545
067006,Bellante,TE,Abruzzo,67,387,0,42.74102,13.81009
067007,Bisenti,TE,Abruzzo,219,700,0,42.52823,13.8045
067008,Campli,TE,Abruzzo,100,1701,0,42.73443,13.69725
067009,Canzano,TE,Abruzzo,97,480,0,42.6498,13.80386
067010,Castel Castagna,TE,Abruzzo,223,630,0,42.54144,13.73122
067011,Castellalto,TE,Abruzzo,73,480,0,42.66621,13.83674
067012,Castelli,TE,Abruzzo,267,2553,0,42.48528,13.72548
067013,Castiglione Messer Raimondo,TE,Abruzzo,128,555,0,42.52013,13.86826
067014,Castilenti,TE,Abruzzo,99,353,0,42.53559,13.94134
067015,Cellino Attanasio,TE,Abruzzo,63,628,0,42.58661,13.85647
067016,Cermignano,TE,Abruzzo,95,728,0,42.58972,13.80049
067017,Civitella del Tronto,TE,Abruzzo,135,1814,0,42.7794,13.65964
067018,Colledara,TE,Abruzzo,195,575,0,42.55181,13.6866
067019,Colonnella,TE,Abruzzo,3,304,0,42.86423,13.87555
067020,Controguerra,TE,Abruzzo,13,307,0,42.8548,13.81299
067021,Corropoli,TE,Abruzzo,17,215,0,42.82744,13.85356
067022,Cortino,TE,Abruzzo,474,2275,0,42.62887,13.49808
067023,Crognaleto,TE,Abruzzo,325,2503,0,42.567,13.47242
067024,Fano Adriano,TE,Abruzzo,349,2603,0,42.5257,13.53264
067025,Giulianova,TE,Abruzzo,0,204,20490,42.74109,13.94128
067026,Isola del Gran Sasso d'Italia,TE,Abruzzo,272,2903,0,42.48599,13.63813
067027,Montefino,TE,Abruzzo,124,478,0,42.55631,13.89242
067028,Montorio al Vomano,TE,Abruzzo,178,1456,0,42.58542,13.62873
067029,Morro d'Oro,TE,Abruzzo,27,277,0,42.65619,13.93434
067030,Mosciano Sant'Angelo,TE,Abruzzo,8,280,0,42.74194,13.88771
067031,Nereto,TE,Abruzzo,87,228,0,42.81809,13.81207
067032,Notaresco,TE,Abruzzo,41,354,0,42.66067,13.88623
067033,Penna Sant'Andrea,TE,Abruzzo,132,726,0,42.58544,13.76603
067034,Pietracamela,TE,Abruzzo,450,2908,0,42.49761,13.5431
067035,Pineto,TE,Abruzzo,0,324,0,42.60791,14.04067
067036,Rocca Santa Maria,TE,Abruzzo,599,2405,0,42.67359,13.49259
067037,Roseto degli Abruzzi,TE,Abruzzo,0,305,16538,42.68109,13.97948
067038,Sant'Egidio alla Vibrata,TE,Abruzzo,50,483,0,42.81793,13.71027
067039,Sant'Omero,TE,Abruzzo,22,217,0,42.78889,13.8216
067040,Silvi,TE,Abruzzo,0,280,0,42.55287,14.09647
067041,Teramo,TE,Abruzzo,104,1238,54338,42.65827,13.71066
067042,Torano Nuovo,TE,Abruzzo,126,302,0,42.82205,13.77648
067043,Torricella Sicura,TE,Abruzzo,299,1550,0,42.66644,13.6024
067044,Tortoreto,TE,Abruzzo,0,255,0,42.79899,13.90944
067045,Tossicia,TE,Abruzzo,211,1602,0,42.54924,13.63584
067046,Valle Castellana,TE,Abruzzo,315,2425,0,42.72889,13.50202
067047,Martinsicuro,TE,Abruzzo,0,178,0,42.86637,13.91136
068001,Abbateggio,PE,Abruzzo,182,1242,0,42.20444,14.02234
068002,Alanno,PE,Abruzzo,74,353,0,42.29093,13.98597
068003,Bolognano,PE,Abruzzo,100,792,0,42.21381,13.95033
068004,Brittoli,PE,Abruzzo,367,1458,0,42.30491,13.85443
068005,Bussi sul Tirino,PE,Abruzzo,225,1400,0,42.21885,13.83268
068006,Cappelle sul Tavo,PE,Abruzzo,25,203,0,42.46884,14.10389
068007,Caramanico Terme,PE,Abruzzo,225,2678,0,42.15045,14.03005
068008,Carpineto della Nora,PE,Abruzzo,372,1800,0,42.3416,13.83696
068009,Castiglione a Casauria,PE,Abruzzo,170,980,0,42.2306,13.89681
068010,Catignano,PE,Abruzzo,149,425,0,42.3509,13.96624
068011,Cepagatti,PE,Abruzzo,8,178,0,42.36916,14.10583
068012,Città Sant'Angelo,PE,Abruzzo,0,378,0,42.51221,14.06207
068013,Civitaquana,PE,Abruzzo,199,700,0,42.33956,13.9207
068014,Civitella Casanova,PE,Abruzzo,249,1578,0,42.37896,13.88319
068015,Collecorvino,PE,Abruzzo,24,278,0,42.46435,14.04009
068016,Corvara,PE,Abruzzo,324,1385,0,42.27636,13.87017
068017,Cugnoli,PE,Abruzzo,125,453,0,42.30919,13.93944
068018,Elice,PE,Abruzzo,73,300,0,42.51465,13.9792
068019,Farindola,PE,Abruzzo,294,1892,0,42.43219,13.81356
068020,Lettomanoppello,PE,Abruzzo,124,1390,0,42.22737,14.05163
068021,Loreto Aprutino,PE,Abruzzo,93,446,0,42.41154,13.9744
068022,Manoppello,PE,Abruzzo,49,1033,0,42.2798,14.06512
068023,Montebello di Bertona,PE,Abruzzo,274,1302,0,42.41773,13.86179
068024,Montesilvano,PE,Abruzzo,0,203,53275,42.49343,14.14194
068025,Moscufo,PE,Abruzzo,41,270,0,42.43207,14.06704
068026,Nocciano,PE,Abruzzo,124,303,0,42.33925,13.99804
068027,Penne,PE,Abruzzo,97,905,0,42.46763,13.90666
068028,Pescara,PE,Abruzzo,0,180,119554,42.45601,14.20341
068029,Pescosansonesco,PE,Abruzzo,233,1403,0,42.24647,13.87139
068030,Pianella,PE,Abruzzo,44,278,0,42.39241,14.05705
068031,Picciano,PE,Abruzzo,74,278,0,42.47772,13.98555
068032,Pietranico,PE,Abruzzo,149,603,0,42.28343,13.91378
068033,Popoli Terme,PE,Abruzzo,225,1725,0,42.17104,13.83874
068034,Roccamorice,PE,Abruzzo,275,2050,0,42.18958,14.06561
068035,Rosciano,PE,Abruzzo,44,278,0,42.33414,14.0451
068036,Salle,PE,Abruzzo,374,1978,0,42.15312,13.94373
068037,Sant'Eufemia a Maiella,PE,Abruzzo,649,2778,0,42.105,14.03568
068038,San Valentino in Abruzzo Citeriore,PE,Abruzzo,124,676,0,42.23143,13.98203
068039,Scafa,PE,Abruzzo,99,384,0,42.25487,13.99002
068040,Serramonacesca,PE,Abruzzo,99,1404,0,42.23815,14.09636
068041,Spoltore,PE,Abruzzo,7,203,0,42.44054,14.13852
068042,Tocco da Casauria,PE,Abruzzo,170,1725,0,42.19577,13.91195
068043,Torre de' Passeri,PE,Abruzzo,100,450,0,42.25236,13.93342
068044,Turrivalignani,PE,Abruzzo,99,355,0,42.26535,14.02535
068045,Vicoli,PE,Abruzzo,274,581,0,42.34341,13.89197
068046,Villa Celiera,PE,Abruzzo,364,1495,0,42.3839,13.84567
069001,Altino,CH,Abruzzo,79,430,0,42.10609,14.34884
069002,Archi,CH,Abruzzo,99,725,0,42.08101,14.38483
069003,Ari,CH,Abruzzo,93,369,0,42.28625,14.25626
069004,Arielli,CH,Abruzzo,192,372,0,42.25717,14.30106
069005,Atessa,CH,Abruzzo,48,875,0,42.08697,14.4604
069006,Bomba,CH,Abruzzo,157,1014,0,42.03804,14.36932
069007,Borrello,CH,Abruzzo,375,966,0,41.91417,14.31385
069008,Bucchianico,CH,Abruzzo,60,405,0,42.30468,14.17646
069009,Montebello sul Sangro,CH,Abruzzo,464,980,0,41.98661,14.32293
069010,Canosa Sannita,CH,Abruzzo,74,341,0,42.28946,14.29475
069011,Carpineto Sinello,CH,Abruzzo,220,906,0,41.99936,14.50479
069012,Carunchio,CH,Abruzzo,223,1005,0,41.92016,14.53237
069013,Casacanditella,CH,Abruzzo,137,442,0,42.26254,14.21088
069014,Casalanguida,CH,Abruzzo,174,600,0,42.04658,14.51563
069015,Casalbordino,CH,Abruzzo,0,270,0,42.16356,14.58136
069016,Casalincontrada,CH,Abruzzo,65,328,0,42.29595,14.11788
069017,Casoli,CH,Abruzzo,97,530,0,42.12798,14.29218
069018,Castel Frentano,CH,Abruzzo,130,405,0,42.19339,14.35113
069019,Castelguidone,CH,Abruzzo,224,969,0,41.8256,14.53251
069020,Castiglione Messer Marino,CH,Abruzzo,500,1415,0,41.87138,14.44395
069021,Celenza sul Trigno,CH,Abruzzo,149,678,0,41.88302,14.58426
069022,Chieti,CH,Abruzzo,12,348,44444,42.35864,14.16261
069023,Civitaluparella,CH,Abruzzo,415,1296,0,41.95351,14.28569
069024,Civitella Messer Raimondo,CH,Abruzzo,240,1533,0,42.08094,14.22158
069025,Colledimacine,CH,Abruzzo,370,1000,0,41.9995,14.20624
069026,Colledimezzo,CH,Abruzzo,203,829,0,41.98958,14.38839
069027,Crecchio,CH,Abruzzo,82,280,0,42.29294,14.33424
069028,Cupello,CH,Abruzzo,28,389,0,42.0386,14.68521
069029,Dogliola,CH,Abruzzo,86,621,0,41.94886,14.64403
069030,Fara Filiorum Petri,CH,Abruzzo,148,430,0,42.24976,14.17423
069031,Fara San Martino,CH,Abruzzo,257,2778,0,42.09257,14.1601
069032,Filetto,CH,Abruzzo,150,467,0,42.23553,14.24483
069033,Fossacesia,CH,Abruzzo,0,257,0,42.23282,14.48865
069034,Fraine,CH,Abruzzo,421,1103,0,41.90226,14.49121
069035,Francavilla al Mare,CH,Abruzzo,0,161,21095,42.41179,14.27592
069036,Fresagrandinaria,CH,Abruzzo,65,528,0,41.98476,14.65711
069037,Frisa,CH,Abruzzo,69,272,0,42.26657,14.37691
069038,Furci,CH,Abruzzo,125,610,0,42.02966,14.60616
069039,Gamberale,CH,Abruzzo,657,1810,0,41.90239,14.20718
069040,Gessopalena,CH,Abruzzo,232,850,0,42.05389,14.27325
069041,Gissi,CH,Abruzzo,105,560,0,42.0409,14.5588
069042,Giuliano Teatino,CH,Abruzzo,53,280,0,42.3121,14.28354
069043,Guardiagrele,CH,Abruzzo,152,1800,0,42.18572,14.24299
069044,Guilmi,CH,Abruzzo,274,653,0,41.99184,14.4821
069045,Lama dei Peligni,CH,Abruzzo,293,2681,0,42.05157,14.18101
069046,Lanciano,CH,Abruzzo,40,411,34791,42.20794,14.40024
069047,Lentella,CH,Abruzzo,45,450,0,41.99746,14.68856
069048,Lettopalena,CH,Abruzzo,464,2507,0,41.99878,14.1621
069049,Liscia,CH,Abruzzo,274,875,0,41.95327,14.5525
069050,Miglianico,CH,Abruzzo,9,225,0,42.35769,14.28581
069051,Montazzoli,CH,Abruzzo,299,1350,0,41.9587,14.43187
069052,Monteferrante,CH,Abruzzo,272,1353,0,41.93823,14.38776
069053,Montelapiano,CH,Abruzzo,350,1015,0,41.96783,14.33088
069054,Montenerodomo,CH,Abruzzo,600,1575,0,41.97166,14.23493
069055,Monteodorisio,CH,Abruzzo,46,338,0,42.09443,14.65025
069056,Mozzagrogna,CH,Abruzzo,31,294,0,42.19741,14.44977
069057,Orsogna,CH,Abruzzo,124,454,0,42.22766,14.29076
069058,Ortona,CH,Abruzzo,0,210,0,42.337,14.37269
069059,Paglieta,CH,Abruzzo,16,280,0,42.16934,14.4903
069060,Palena,CH,Abruzzo,600,2554,0,41.958,14.12915
069061,Palmoli,CH,Abruzzo,172,727,0,41.95517,14.59934
069062,Palombaro,CH,Abruzzo,221,2006,0,42.12559,14.21985
069063,Pennadomo,CH,Abruzzo,193,826,0,42.00451,14.32079
069064,Pennapiedimonte,CH,Abruzzo,248,2683,0,42.1432,14.16649
069065,Perano,CH,Abruzzo,97,350,0,42.10772,14.39477
069066,Pizzoferrato,CH,Abruzzo,612,1626,0,41.92542,14.23386
069067,Poggiofiorito,CH,Abruzzo,99,368,0,42.24861,14.32838
069068,Pollutri,CH,Abruzzo,22,303,0,42.13412,14.59662
069069,Pretoro,CH,Abruzzo,249,1955,0,42.20376,14.13208
069070,Quadri,CH,Abruzzo,533,1050,0,41.92689,14.27182
069071,Rapino,CH,Abruzzo,249,1887,0,42.19998,14.16994
069072,Ripa Teatina,CH,Abruzzo,18,280,0,42.36434,14.24731
069073,Roccamontepiano,CH,Abruzzo,124,650,0,42.25525,14.13389
069074,Rocca San Giovanni,CH,Abruzzo,0,216,0,42.2627,14.46172
069075,Roccascalegna,CH,Abruzzo,121,609,0,42.06732,14.32185
069076,Roccaspinalveti,CH,Abruzzo,371,1378,0,41.9301,14.46541
069077,Roio del Sangro,CH,Abruzzo,286,1317,0,41.91125,14.37421
069078,Rosello,CH,Abruzzo,546,1228,0,41.89421,14.3507
069079,San Buono,CH,Abruzzo,149,860,0,41.99269,14.57902
069080,San Giovanni Lipioni,CH,Abruzzo,198,703,0,41.84388,14.56877
069081,San Giovanni Teatino,CH,Abruzzo,10,213,0,42.41293,14.186
069082,San Martino sulla Marrucina,CH,Abruzzo,174,440,0,42.22822,14.21895
069083,San Salvo,CH,Abruzzo,0,118,17123,42.04658,14.7525
069084,Santa Maria Imbaro,CH,Abruzzo,16,264,0,42.21604,14.45674
069085,Sant'Eusanio del Sangro,CH,Abruzzo,70,305,0,42.15734,14.35675
069086,San Vito Chietino,CH,Abruzzo,0,182,0,42.2929,14.43289
069087,Scerni,CH,Abruzzo,49,328,0,42.09817,14.58523
069088,Schiavi di Abruzzo,CH,Abruzzo,267,1278,0,41.80482,14.48576
069089,Taranta Peligna,CH,Abruzzo,385,2628,0,42.03536,14.14638
069090,Tollo,CH,Abruzzo,31,205,0,42.34462,14.3185
069091,Torino di Sangro,CH,Abruzzo,0,253,0,42.197,14.54685
069092,Tornareccio,CH,Abruzzo,319,986,0,42.02947,14.42319
069093,Torrebruna,CH,Abruzzo,290,1153,0,41.86575,14.53639
069094,Torrevecchia Teatina,CH,Abruzzo,18,249,0,42.39352,14.23296
069095,Torricella Peligna,CH,Abruzzo,196,1038,0,42.02018,14.26711
069096,Treglio,CH,Abruzzo,49,239,0,42.26575,14.42322
069097,Tufillo,CH,Abruzzo,99,701,0,41.91921,14.6283
069098,Vacri,CH,Abruzzo,94,370,0,42.29195,14.23191
069099,Vasto,CH,Abruzzo,0,260,41409,42.12096,14.69461
069100,Villalfonsina,CH,Abruzzo,22,265,0,42.17603,14.56949
069101,Villamagna,CH,Abruzzo,69,330,0,42.32947,14.23519
069102,Villa Santa Maria,CH,Abruzzo,198,650,0,41.96945,14.3527
069103,Pietraferrazzana,CH,Abruzzo,233,662,0,41.97266,14.37913
069104,Fallo,CH,Abruzzo,320,936,0,41.94773,14.32367
070001,Acquaviva Collecroce,CB,Molise,149,526,0,41.8626,14.76438
070002,Baranello,CB,Molise,425,989,0,41.52679,14.5655
070003,Bojano,CB,Molise,474,1912,0,41.48733,14.46039
070004,Bonefro,CB,Molise,364,875,0,41.71011,14.91724
070005,Busso,CB,Molise,393,979,0,41.55795,14.57239
070006,Campobasso,CB,Molise,422,907,49230,41.56767,14.66259
070007,Campochiaro,CB,Molise,474,1785,0,41.44314,14.50371
070008,Campodipietra,CB,Molise,350,671,0,41.55127,14.73978
070009,Campolieto,CB,Molise,469,905,0,41.63522,14.76206
070010,Campomarino,CB,Molise,0,167,0,41.915,15.07384
070011,Casacalenda,CB,Molise,74,889,0,41.76294,14.84936
070012,Casalciprano,CB,Molise,393,729,0,41.58138,14.52169
070013,Castelbottaccio,CB,Molise,199,715,0,41.74919,14.70241
070014,Castellino del Biferno,CB,Molise,217,800,0,41.68915,14.74032
070015,Castelmauro,CB,Molise,248,1040,0,41.82828,14.70454
070016,Castropignano,CB,Molise,339,788,0,41.6188,14.56116
070017,Cercemaggiore,CB,Molise,575,1078,0,41.44795,14.73467
070018,Cercepiccola,CB,Molise,508,864,0,41.45704,14.67897
070019,Civitacampomarano,CB,Molise,295,928,0,41.7825,14.677
070020,Colle d'Anchise,CB,Molise,437,753,0,41.51083,14.52477
070021,Colletorto,CB,Molise,93,775,0,41.65464,14.99687
070022,Duronia,CB,Molise,474,928,0,41.65523,14.46696
070023,Ferrazzano,CB,Molise,419,864,0,41.52834,14.68247
070024,Fossalto,CB,Molise,340,782,0,41.67405,14.56007
070025,Gambatesa,CB,Molise,172,953,0,41.51673,14.90766
070026,Gildone,CB,Molise,397,904,0,41.50211,14.7462
070027,Guardialfiera,CB,Molise,74,653,0,41.81577,14.79472
070028,Guardiaregia,CB,Molise,502,1814,0,41.41927,14.5425
070029,Guglionesi,CB,Molise,6,369,0,41.9328,14.89991
070030,Jelsi,CB,Molise,380,728,0,41.51704,14.79973
070031,Larino,CB,Molise,25,608,0,41.8285,14.91838
070032,Limosano,CB,Molise,294,817,0,41.67581,14.6242
070033,Lucito,CB,Molise,210,902,0,41.72788,14.66797
070034,Lupara,CB,Molise,124,654,0,41.76857,14.74923
070035,Macchia Valfortore,CB,Molise,154,880,0,41.59499,14.91372
070036,Mafalda,CB,Molise,55,475,0,41.95164,14.70815
070037,Matrice,CB,Molise,544,889,0,41.62305,14.71713
070038,Mirabello Sannitico,CB,Molise,469,989,0,41.50486,14.66456
070039,Molise,CB,Molise,670,864,0,41.63007,14.49379
070040,Monacilioni,CB,Molise,350,913,0,41.62217,14.81781
070041,Montagano,CB,Molise,294,885,0,41.6541,14.67528
070042,Montecilfone,CB,Molise,74,405,0,41.90399,14.84539
070043,Montefalcone nel Sannio,CB,Molise,149,959,0,41.8559,14.65078
070044,Montelongo,CB,Molise,224,663,0,41.74613,14.95958
070045,Montemitro,CB,Molise,111,731,0,41.89243,14.65857
070046,Montenero di Bisaccia,CB,Molise,0,453,0,41.9846,14.78536
070047,Montorio nei Frentani,CB,Molise,194,714,0,41.77017,14.94544
070048,Morrone del Sannio,CB,Molise,145,828,0,41.71653,14.77444
070049,Oratino,CB,Molise,368,789,0,41.58962,14.59463
070050,Palata,CB,Molise,59,533,0,41.87448,14.81812
070051,Petacciato,CB,Molise,0,298,0,42.01189,14.84762
070052,Petrella Tifernina,CB,Molise,219,879,0,41.69036,14.70135
070053,Pietracatella,CB,Molise,213,888,0,41.56736,14.86282
070054,Pietracupa,CB,Molise,474,753,0,41.6757,14.51565
070055,Portocannone,CB,Molise,4,182,0,41.90977,15.00931
070056,Provvidenti,CB,Molise,225,879,0,41.72347,14.82435
070057,Riccia,CB,Molise,286,989,0,41.47553,14.84718
070058,Ripabottoni,CB,Molise,349,904,0,41.68238,14.83098
070059,Ripalimosani,CB,Molise,322,861,0,41.61776,14.64791
070060,Roccavivara,CB,Molise,170,928,0,41.83186,14.6083
070061,Rotello,CB,Molise,59,478,0,41.75915,15.05063
070062,Salcito,CB,Molise,286,958,0,41.73428,14.52601
070063,San Biase,CB,Molise,399,953,0,41.72741,14.5882
070064,San Felice del Molise,CB,Molise,108,570,0,41.89558,14.70343
070065,San Giacomo degli Schiavoni,CB,Molise,18,188,0,41.97035,14.94847
070066,San Giovanni in Galdo,CB,Molise,368,803,0,41.59592,14.75883
070067,San Giuliano del Sannio,CB,Molise,509,889,0,41.46286,14.63047
070068,San Giuliano di Puglia,CB,Molise,68,725,0,41.68316,15.0168
070069,San Martino in Pensilis,CB,Molise,10,262,0,41.85442,15.03559
070070,San Massimo,CB,Molise,499,1839,0,41.48114,14.40713
070071,San Polo Matese,CB,Molise,474,1914,0,41.46058,14.48581
070072,Santa Croce di Magliano,CB,Molise,42,639,0,41.71279,15.04994
070073,Sant'Angelo Limosano,CB,Molise,515,971,0,41.70478,14.60319
070074,Sant'Elia a Pianisi,CB,Molise,189,913,0,41.6474,14.88946
070075,Sepino,CB,Molise,488,1461,0,41.41214,14.62138
070076,Spinete,CB,Molise,424,800,0,41.54684,14.4949
070077,Tavenna,CB,Molise,175,550,0,41.91796,14.75527
070078,Termoli,CB,Molise,0,175,31044,41.98177,14.96265
070079,Torella del Sannio,CB,Molise,447,864,0,41.63778,14.52658
070080,Toro,CB,Molise,295,650,0,41.56754,14.78354
070081,Trivento,CB,Molise,224,975,0,41.77629,14.57798
070082,Tufara,CB,Molise,199,989,0,41.48267,14.95114
070083,Ururi,CB,Molise,75,303,0,41.81283,15.01111
070084,Vinchiaturo,CB,Molise,485,976,0,41.49248,14.59587
071001,Accadia,FG,Puglia,449,1089,0,41.18109,15.32864
071002,Alberona,FG,Puglia,204,1036,0,41.43586,15.14817
071003,Anzano di Puglia,FG,Puglia,561,925,0,41.11157,15.29038
071004,Apricena,FG,Puglia,11,654,0,41.7767,15.45725
071005,Ascoli Satriano,FG,Puglia,108,503,0,41.19906,15.62461
071006,Biccari,FG,Puglia,181,1128,0,41.42194,15.21922
071007,Bovino,FG,Puglia,201,928,0,41.26977,15.36944
071008,Cagnano Varano,FG,Puglia,0,903,0,41.84392,15.73457
071009,Candela,FG,Puglia,164,560,0,41.13459,15.56221
071010,Carapelle,FG,Puglia,35,91,0,41.36197,15.70161
071011,Carlantino,FG,Puglia,118,701,0,41.61152,14.98001
071012,Carpino,FG,Puglia,1,850,0,41.8257,15.87003
071013,Casalnuovo Monterotaro,FG,Puglia,82,539,0,41.62685,15.07344
071014,Casalvecchio di Puglia,FG,Puglia,120,533,0,41.628,15.13042
071015,Castelluccio dei Sauri,FG,Puglia,114,281,0,41.30417,15.48461
071016,Castelluccio Valmaggiore,FG,Puglia,313,1053,0,41.35282,15.20983
071017,Castelnuovo della Daunia,FG,Puglia,57,687,0,41.61206,15.15286
071018,Celenza Valfortore,FG,Puglia,120,905,0,41.5624,15.00242
071019,Celle di San Vito,FG,Puglia,462,1078,0,41.31836,15.19756
071020,Cerignola,FG,Puglia,3,284,54056,41.27845,15.87728
071021,Chieuti,FG,Puglia,0,275,0,41.87909,15.16414
071022,Deliceto,FG,Puglia,204,950,0,41.22617,15.42704
071023,Faeto,FG,Puglia,621,1128,0,41.31157,15.16012
071024,Foggia,FG,Puglia,24,309,137032,41.45623,15.58362
071025,Ischitella,FG,Puglia,0,701,0,41.8891,15.84471
071026,Isole Tremiti,FG,Puglia,0,116,0,42.12322,15.50447
071027,Lesina,FG,Puglia,0,156,0,41.87448,15.37689
071028,Lucera,FG,Puglia,54,307,32222,41.49747,15.35189
071029,Manfredonia,FG,Puglia,0,610,56932,41.53262,15.81781
071031,Mattinata,FG,Puglia,0,853,0,41.73814,16.07223
071032,Monteleone di Puglia,FG,Puglia,496,978,0,41.15738,15.25069
071033,Monte Sant'Angelo,FG,Puglia,0,1003,0,41.7387,15.94422
071034,Motta Montecorvino,FG,Puglia,368,989,0,41.50878,15.10717
071035,Orsara di Puglia,FG,Puglia,203,953,0,41.29515,15.29204
071036,Orta Nova,FG,Puglia,35,230,16677,41.32136,15.72141
071037,Panni,FG,Puglia,343,1109,0,41.21222,15.28415
071038,Peschici,FG,Puglia,0,583,0,41.91198,16.03142
071039,Pietramontecorvino,FG,Puglia,149,975,0,41.54612,15.15627
071040,Poggio Imperiale,FG,Puglia,1,140,0,41.83487,15.37554
071041,Rignano Garganico,FG,Puglia,15,688,0,41.66179,15.58019
071042,Rocchetta Sant'Antonio,FG,Puglia,199,772,0,41.10159,15.48301
071043,Rodi Garganico,FG,Puglia,0,311,0,41.92174,15.88118
071044,Roseto Valfortore,FG,Puglia,453,1128,0,41.35693,15.10994
071046,San Giovanni Rotondo,FG,Puglia,6,1053,27124,41.65596,15.75026
071047,San Marco in Lamis,FG,Puglia,14,1002,0,41.69985,15.65705
071048,San Marco la Catola,FG,Puglia,224,904,0,41.51919,15.0099
071049,San Nicandro Garganico,FG,Puglia,0,717,15815,41.84311,15.57509
071050,San Paolo di Civitate,FG,Puglia,22,238,0,41.76309,15.25959
071051,San Severo,FG,Puglia,22,160,51919,41.65615,15.42388
071052,Sant'Agata di Puglia,FG,Puglia,231,931,0,41.14552,15.38401
071053,Serracapriola,FG,Puglia,0,270,0,41.82011,15.18871
071054,Stornara,FG,Puglia,64,142,0,41.29263,15.77741
071055,Stornarella,FG,Puglia,97,181,0,41.26597,15.72198
071056,Torremaggiore,FG,Puglia,32,240,16955,41.66479,15.23968
071058,Troia,FG,Puglia,118,525,0,41.36537,15.36153
071059,Vico del Gargano,FG,Puglia,5,789,0,41.86898,15.97981
071060,Vieste,FG,Puglia,0,828,0,41.84183,16.11973
071061,Volturara Appula,FG,Puglia,320,956,0,41.47693,15.06435
071062,Volturino,FG,Puglia,189,876,0,41.49447,15.16211
071063,Ordona,FG,Puglia,79,216,0,41.3077,15.61979
071064,Zapponeta,FG,Puglia,0,14,0,41.45616,15.90617
072001,Acquaviva delle Fonti,BA,Puglia,189,441,20536,40.8813,16.84144
072002,Adelfia,BA,Puglia,108,236,16756,40.9915,16.87029
072003,Alberobello,BA,Puglia,269,501,0,40.79733,17.23806
072004,Altamura,BA,Puglia,334,668,70539,40.85973,16.55032
072006,Bari,BA,Puglia,0,130,316491,41.10309,16.84579
072008,Binetto,BA,Puglia,135,338,0,41.00908,16.6987
072010,Bitetto,BA,Puglia,90,193,0,41.03837,16.75889
072011,Bitonto,BA,Puglia,36,492,51661,41.06615,16.6134
072012,Bitritto,BA,Puglia,74,155,0,41.03634,16.82326
072014,Capurso,BA,Puglia,59,148,0,41.04151,16.92387
072015,Casamassima,BA,Puglia,143,311,18380,40.94576,16.92461
072016,Cassano delle Murge,BA,Puglia,256,501,0,40.88135,16.7494
072017,Castellana Grotte,BA,Puglia,205,412,0,40.86747,17.18626
072018,Cellamare,BA,Puglia,94,163,0,41.01695,16.93147
072019,Conversano,BA,Puglia,35,349,22661,40.95368,17.1036
072020,Corato,BA,Puglia,144,603,46505,41.0965,16.36786
072021,Gioia del Colle,BA,Puglia,299,441,24184,40.77756,16.91198
072022,Giovinazzo,BA,Puglia,0,150,19186,41.16057,16.65743
072023,Gravina in Puglia,BA,Puglia,198,672,42210,40.84068,16.36398
072024,Grumo Appula,BA,Puglia,169,462,0,40.9508,16.69448
072025,Locorotondo,BA,Puglia,277,423,0,40.77192,17.3388
072027,Modugno,BA,Puglia,37,107,36384,41.0837,16.78496
072028,Mola di Bari,BA,Puglia,0,152,24682,41.03963,17.07664
072029,Molfetta,BA,Puglia,0,146,59557,41.18286,16.57024
072030,Monopoli,BA,Puglia,0,415,37738,40.89783,17.27762
072031,Noci,BA,Puglia,325,470,15383,40.76505,17.10059
072032,Noicattaro,BA,Puglia,18,161,21988,41.04414,16.98668
072033,Palo del Colle,BA,Puglia,102,322,20692,41.04105,16.65278
072034,Poggiorsini,BA,Puglia,269,608,0,40.9207,16.24977
072035,Polignano a Mare,BA,Puglia,0,297,0,40.97256,17.19147
072036,Putignano,BA,Puglia,294,457,23661,40.84252,17.08819
072037,Rutigliano,BA,Puglia,94,206,17674,40.99278,17.0069
072038,Ruvo di Puglia,BA,Puglia,149,671,23938,41.04046,16.42621
072039,Sammichele di Bari,BA,Puglia,259,313,0,40.87367,16.95006
072040,Sannicandro di Bari,BA,Puglia,127,333,0,40.97657,16.78834
072041,Santeramo in Colle,BA,Puglia,355,513,24922,40.78072,16.74499
072043,Terlizzi,BA,Puglia,100,288,25811,41.11304,16.54902
072044,Toritto,BA,Puglia,194,493,0,40.97343,16.61744
072046,Triggiano,BA,Puglia,10,78,26811,41.0712,16.94651
072047,Turi,BA,Puglia,179,322,0,40.90761,17.01063
072048,Valenzano,BA,Puglia,62,148,16101,41.03534,16.88676
073001,Avetrana,TA,Puglia,11,100,0,40.35445,17.74427
073002,Carosino,TA,Puglia,55,119,0,40.47171,17.4098
073003,Castellaneta,TA,Puglia,0,411,0,40.58293,16.89641
073004,Crispiano,TA,Puglia,119,451,0,40.6057,17.25526
073005,Faggiano,TA,Puglia,20,140,0,40.41386,17.37941
073006,Fragagnano,TA,Puglia,77,134,0,40.43048,17.47841
073007,Ginosa,TA,Puglia,0,357,16151,40.50474,16.79837
073008,Grottaglie,TA,Puglia,34,312,31320,40.5373,17.41384
073009,Laterza,TA,Puglia,122,471,0,40.64566,16.78569
073010,Leporano,TA,Puglia,0,43,0,40.38221,17.31772
073011,Lizzano,TA,Puglia,0,105,0,40.37391,17.45137
073012,Manduria,TA,Puglia,0,128,27411,40.37789,17.64034
073013,Martina Franca,TA,Puglia,213,522,37685,40.68645,17.30375
073014,Maruggio,TA,Puglia,0,101,0,40.32269,17.5529
073015,Massafra,TA,Puglia,0,480,30875,40.59778,17.11655
073016,Monteiasi,TA,Puglia,24,68,0,40.501,17.38011
073017,Montemesola,TA,Puglia,63,218,0,40.56441,17.33727
073018,Monteparano,TA,Puglia,71,132,0,40.44944,17.41462
073019,Mottola,TA,Puglia,69,504,0,40.67905,17.03233
073020,Palagianello,TA,Puglia,1,242,0,40.56763,16.96891
073021,Palagiano,TA,Puglia,0,88,15388,40.55198,17.0211
073022,Pulsano,TA,Puglia,0,44,0,40.37181,17.36539
073023,Roccaforzata,TA,Puglia,30,153,0,40.43722,17.40173
073024,San Giorgio Ionico,TA,Puglia,4,135,0,40.4681,17.36773
073025,San Marzano di San Giuseppe,TA,Puglia,94,155,0,40.45379,17.50738
073026,Sava,TA,Puglia,54,124,15898,40.39776,17.53613
073027,Taranto,TA,Puglia,0,284,198585,40.46345,17.30081
073028,Torricella,TA,Puglia,0,96,0,40.34722,17.49623
073029,Statte,TA,Puglia,14,263,0,40.55135,17.22399
074001,Brindisi,BR,Puglia,0,94,87141,40.60626,17.89881
074002,Carovigno,BR,Puglia,0,172,0,40.70747,17.70142
074003,Ceglie Messapica,BR,Puglia,146,383,16536,40.64345,17.51459
074004,Cellino San Marco,BR,Puglia,51,74,0,40.48367,17.93695
074005,Cisternino,BR,Puglia,95,405,0,40.75002,17.42637
074006,Erchie,BR,Puglia,50,85,0,40.42508,17.73521
074007,Fasano,BR,Puglia,0,414,22593,40.82502,17.40506
074008,Francavilla Fontana,BR,Puglia,102,247,33415,40.52982,17.56343
074009,Latiano,BR,Puglia,69,131,0,40.5737,17.70479
074010,Mesagne,BR,Puglia,46,107,26497,40.53829,17.80604
074011,Oria,BR,Puglia,74,162,0,40.49169,17.66021
074012,Ostuni,BR,Puglia,0,355,24157,40.73003,17.54875
074013,San Donaci,BR,Puglia,37,73,0,40.45319,17.89856
074014,San Michele Salentino,BR,Puglia,124,174,0,40.60548,17.63625
074015,San Pancrazio Salentino,BR,Puglia,41,68,0,40.4306,17.82627
074016,San Pietro Vernotico,BR,Puglia,0,58,0,40.51343,18.00622
074017,San Vito dei Normanni,BR,Puglia,57,146,17617,40.64125,17.70399
074018,Torchiarolo,BR,Puglia,0,36,0,40.50451,18.05348
074019,Torre Santa Susanna,BR,Puglia,49,107,0,40.48414,17.75002
074020,Villa Castelli,BR,Puglia,149,325,0,40.56362,17.48056
075002,Alessano,LE,Puglia,1,188,0,39.8913,18.32608
075003,Alezio,LE,Puglia,12,77,0,40.04792,18.05966
075004,Alliste,LE,Puglia,0,84,0,39.93186,18.08749
075005,Andrano,LE,Puglia,0,135,0,39.98235,18.36653
075006,Aradeo,LE,Puglia,59,87,0,40.13226,18.13291
075007,Arnesano,LE,Puglia,17,44,0,40.33824,18.08084
075008,Bagnolo del Salento,LE,Puglia,82,104,0,40.14802,18.35679
075009,Botrugno,LE,Puglia,83,114,0,40.05509,18.3071
075010,Calimera,LE,Puglia,40,97,0,40.24556,18.29223
075011,Campi Salentina,LE,Puglia,27,63,0,40.41082,18.00121
075012,Cannole,LE,Puglia,28,108,0,40.1643,18.38839
075013,Caprarica di Lecce,LE,Puglia,43,102,0,40.26307,18.24568
075014,Carmiano,LE,Puglia,26,47,0,40.34321,18.03591
075015,Carpignano Salentino,LE,Puglia,18,100,0,40.20929,18.34905
075016,Casarano,LE,Puglia,53,177,19359,40.01834,18.17444
075017,Castri di Lecce,LE,Puglia,34,52,0,40.27945,18.26763
075018,Castrignano de' Greci,LE,Puglia,70,97,0,40.17286,18.30785
075019,Castrignano del Capo,LE,Puglia,0,155,0,39.82197,18.34693
075020,Cavallino,LE,Puglia,32,86,0,40.29624,18.19813
075021,Collepasso,LE,Puglia,95,180,0,40.07174,18.17046
075022,Copertino,LE,Puglia,31,58,23489,40.26945,18.05154
075023,Corigliano d'Otranto,LE,Puglia,73,109,0,40.15507,18.2511
075024,Corsano,LE,Puglia,0,147,0,39.88348,18.38039
075025,Cursi,LE,Puglia,82,98,0,40.1519,18.32153
075026,Cutrofiano,LE,Puglia,65,119,0,40.10864,18.19801
075027,Diso,LE,Puglia,0,117,0,39.99867,18.39196
075028,Gagliano del Capo,LE,Puglia,0,165,0,39.84133,18.37214
075029,Galatina,LE,Puglia,39,86,19569,40.1927,18.13662
075030,Galatone,LE,Puglia,0,116,0,40.1447,18.065
075031,Gallipoli,LE,Puglia,0,73,19176,40.03141,18.02605
075032,Giuggianello,LE,Puglia,78,121,0,40.10618,18.38566
075033,Giurdignano,LE,Puglia,30,97,0,40.13082,18.43401
075034,Guagnano,LE,Puglia,30,68,0,40.41246,17.92212
075035,Lecce,LE,Puglia,0,59,80695,40.40217,18.17781
075036,Lequile,LE,Puglia,22,69,0,40.27467,18.13321
075037,Leverano,LE,Puglia,34,77,0,40.29066,17.9706
075038,Lizzanello,LE,Puglia,32,48,0,40.32041,18.23558
075039,Maglie,LE,Puglia,78,106,0,40.12072,18.29582
075040,Martano,LE,Puglia,62,102,0,40.20791,18.2913
075041,Martignano,LE,Puglia,60,101,0,40.2383,18.25916
075042,Matino,LE,Puglia,39,195,0,40.0279,18.1219
075043,Melendugno,LE,Puglia,0,59,0,40.26689,18.37922
075044,Melissano,LE,Puglia,46,63,0,39.97761,18.12331
075045,Melpignano,LE,Puglia,76,98,0,40.1394,18.27746
075046,Miggiano,LE,Puglia,101,115,0,39.96645,18.30836
075047,Minervino di Lecce,LE,Puglia,82,127,0,40.08625,18.41602
075048,Monteroni di Lecce,LE,Puglia,20,48,0,40.31659,18.08955
075049,Montesano Salentino,LE,Puglia,94,114,0,39.98479,18.31398
075050,Morciano di Leuca,LE,Puglia,0,165,0,39.84766,18.3057
075051,Muro Leccese,LE,Puglia,74,96,0,40.11099,18.34022
075052,Nardò,LE,Puglia,0,98,29668,40.23234,17.95728
075053,Neviano,LE,Puglia,79,171,0,40.09755,18.12582
075054,Nociglia,LE,Puglia,84,113,0,40.02901,18.3212
075055,Novoli,LE,Puglia,26,55,0,40.37326,18.04369
075056,Ortelle,LE,Puglia,51,127,0,40.02586,18.40278
075057,Otranto,LE,Puglia,0,103,0,40.16246,18.45787
075058,Palmariggi,LE,Puglia,65,108,0,40.13249,18.38334
075059,Parabita,LE,Puglia,43,198,0,40.05687,18.11368
075060,Patù,LE,Puglia,0,158,0,39.82857,18.31943
075061,Poggiardo,LE,Puglia,78,128,0,40.05998,18.38559
075063,Racale,LE,Puglia,1,104,0,39.96097,18.06861
075064,Ruffano,LE,Puglia,92,178,0,39.98594,18.24669
075065,Salice Salentino,LE,Puglia,34,99,0,40.3793,17.89568
075066,Salve,LE,Puglia,0,164,0,39.85549,18.25579
075067,Sanarica,LE,Puglia,70,112,0,40.08513,18.35087
075068,San Cesario di Lecce,LE,Puglia,30,60,0,40.3054,18.16252
075069,San Donato di Lecce,LE,Puglia,50,102,0,40.25988,18.19
075070,Sannicola,LE,Puglia,3,127,0,40.09552,18.04937
075071,San Pietro in Lama,LE,Puglia,34,50,0,40.29492,18.10729
075072,Santa Cesarea Terme,LE,Puglia,0,127,0,40.05388,18.44623
075073,Scorrano,LE,Puglia,81,117,0,40.07575,18.27775
075074,Seclì,LE,Puglia,59,116,0,40.12733,18.1062
075075,Sogliano Cavour,LE,Puglia,71,79,0,40.14746,18.20142
075076,Soleto,LE,Puglia,48,107,0,40.19826,18.19744
075077,Specchia,LE,Puglia,97,189,0,39.94191,18.28896
075078,Spongano,LE,Puglia,81,115,0,40.01487,18.35854
075079,Squinzano,LE,Puglia,15,57,0,40.46036,18.04258
075080,Sternatia,LE,Puglia,66,102,0,40.22651,18.22248
075081,Supersano,LE,Puglia,91,170,0,40.03397,18.24643
075082,Surano,LE,Puglia,87,116,0,40.02139,18.33524
075083,Surbo,LE,Puglia,15,52,0,40.4135,18.13343
075084,Taurisano,LE,Puglia,81,165,0,39.95128,18.21822
075085,Taviano,LE,Puglia,0,86,0,39.98922,18.07041
075086,Tiggiano,LE,Puglia,0,143,0,39.90316,18.36655
075087,Trepuzzi,LE,Puglia,31,60,0,40.42438,18.07481
075088,Tricase,LE,Puglia,0,141,0,39.94137,18.35987
075089,Tuglie,LE,Puglia,57,142,0,40.07724,18.09609
075090,Ugento,LE,Puglia,0,128,0,39.91691,18.16268
075091,Uggiano la Chiesa,LE,Puglia,15,99,0,40.10893,18.45531
075092,Veglie,LE,Puglia,36,85,0,40.34252,17.92478
075093,Vernole,LE,Puglia,0,48,0,40.32369,18.30967
075094,Zollino,LE,Puglia,75,103,0,40.20541,18.25062
075095,San Cassiano,LE,Puglia,82,114,0,40.04947,18.32631
075096,Castro,LE,Puglia,0,128,0,40.00822,18.42091
075097,Porto Cesareo,LE,Puglia,0,61,0,40.29329,17.83565
075098,Presicce-Acquarica,LE,Puglia,,,0,39.89652,18.2459
076001,Abriola,PZ,Basilicata,687,1744,0,40.51877,15.79284
076002,Acerenza,PZ,Basilicata,286,850,0,40.80229,15.94799
076003,Albano di Lucania,PZ,Basilicata,274,1097,0,40.60244,16.03642
076004,Anzi,PZ,Basilicata,520,1239,0,40.53043,15.91635
076005,Armento,PZ,Basilicata,325,1077,0,40.30377,16.07013
076006,Atella,PZ,Basilicata,288,1253,0,40.87702,15.62741
076007,Avigliano,PZ,Basilicata,535,1238,0,40.77045,15.75743
076008,Balvano,PZ,Basilicata,225,1239,0,40.66123,15.52831
076009,Banzi,PZ,Basilicata,327,630,0,40.8952,16.031
076010,Baragiano,PZ,Basilicata,337,842,0,40.69451,15.59857
076011,Barile,PZ,Basilicata,299,943,0,40.95213,15.69736
076012,Bella,PZ,Basilicata,324,1407,0,40.74888,15.60003
076013,Brienza,PZ,Basilicata,474,1445,0,40.47924,15.60927
076014,Brindisi Montagna,PZ,Basilicata,473,1227,0,40.60185,15.92063
076015,Calvello,PZ,Basilicata,611,1800,0,40.44775,15.86122
076016,Calvera,PZ,Basilicata,400,875,0,40.15198,16.15177
076017,Campomaggiore,PZ,Basilicata,274,852,0,40.56598,16.08716
076018,Cancellara,PZ,Basilicata,449,1036,0,40.72626,15.92275
076019,Carbone,PZ,Basilicata,487,1352,0,40.13366,16.07307
076020,San Paolo Albanese,PZ,Basilicata,385,1283,0,40.01887,16.34491
076021,Castelgrande,PZ,Basilicata,596,1250,0,40.79271,15.43214
076022,Castelluccio Inferiore,PZ,Basilicata,322,1018,0,40.01355,16.01159
076023,Castelluccio Superiore,PZ,Basilicata,400,1580,0,40.02656,15.9621
076024,Castelmezzano,PZ,Basilicata,423,1367,0,40.5315,16.02325
076025,Castelsaraceno,PZ,Basilicata,675,1900,0,40.16281,15.9739
076026,Castronuovo di Sant'Andrea,PZ,Basilicata,357,924,0,40.18245,16.17401
076027,Cersosimo,PZ,Basilicata,322,1179,0,40.03803,16.37385
076028,Chiaromonte,PZ,Basilicata,264,2241,0,40.09121,16.20525
076029,Corleto Perticara,PZ,Basilicata,492,1355,0,40.39843,16.03583
076030,Episcopia,PZ,Basilicata,393,1133,0,40.07668,16.09577
076031,Fardella,PZ,Basilicata,324,1724,0,40.07495,16.15502
076032,Filiano,PZ,Basilicata,430,1092,0,40.82968,15.73408
076033,Forenza,PZ,Basilicata,395,1045,0,40.85676,15.85462
076034,Francavilla in Sinni,PZ,Basilicata,303,1577,0,40.05079,16.21968
076035,Gallicchio,PZ,Basilicata,303,849,0,40.29053,16.13411
076036,Genzano di Lucania,PZ,Basilicata,245,642,0,40.84773,16.1188
076037,Grumento Nova,PZ,Basilicata,500,1096,0,40.29397,15.88111
076038,Guardia Perticara,PZ,Basilicata,359,1060,0,40.35818,16.10933
076039,Lagonegro,PZ,Basilicata,475,2005,0,40.1577,15.77662
076040,Latronico,PZ,Basilicata,471,1893,0,40.08392,16.01217
076041,Laurenzana,PZ,Basilicata,525,1455,0,40.45334,15.97878
076042,Lauria,PZ,Basilicata,160,2002,0,40.07021,15.88314
076043,Lavello,PZ,Basilicata,104,367,0,41.07548,15.83937
076044,Maratea,PZ,Basilicata,0,1498,0,39.99675,15.72895
076045,Marsico Nuovo,PZ,Basilicata,586,1699,0,40.42409,15.73252
076046,Marsicovetere,PZ,Basilicata,562,1835,0,40.37915,15.82237
076047,Maschito,PZ,Basilicata,351,890,0,40.91853,15.84775
076048,Melfi,PZ,Basilicata,139,1328,0,41.03455,15.6414
076049,Missanello,PZ,Basilicata,267,846,0,40.30081,16.16702
076050,Moliterno,PZ,Basilicata,598,1518,0,40.21623,15.85324
076051,Montemilone,PZ,Basilicata,165,418,0,41.02623,15.96568
076052,Montemurro,PZ,Basilicata,400,1299,0,40.31438,15.9962
076053,Muro Lucano,PZ,Basilicata,300,1446,0,40.73565,15.46775
076054,Nemoli,PZ,Basilicata,197,1903,0,40.08283,15.80958
076055,Noepoli,PZ,Basilicata,164,867,0,40.09734,16.33071
076056,Oppido Lucano,PZ,Basilicata,240,763,0,40.76428,16.03495
076057,Palazzo San Gervasio,PZ,Basilicata,338,590,0,40.91161,15.95234
076058,Pescopagano,PZ,Basilicata,350,1225,0,40.84289,15.41296
076059,Picerno,PZ,Basilicata,350,1356,0,40.64227,15.63903
076060,Pietragalla,PZ,Basilicata,420,1062,0,40.75646,15.8518
076061,Pietrapertosa,PZ,Basilicata,396,1453,0,40.4875,16.07744
076062,Pignola,PZ,Basilicata,724,1475,0,40.57785,15.78945
076063,Potenza,PZ,Basilicata,596,1338,56433,40.65927,15.80676
076064,Rapolla,PZ,Basilicata,190,935,0,40.98649,15.70708
076065,Rapone,PZ,Basilicata,322,1264,0,40.85533,15.49642
076066,Rionero in Vulture,PZ,Basilicata,274,1325,0,40.92422,15.61599
076067,Ripacandida,PZ,Basilicata,370,965,0,40.89769,15.72894
076068,Rivello,PZ,Basilicata,74,1800,0,40.08154,15.7362
076069,Roccanova,PZ,Basilicata,244,906,0,40.22776,16.20902
076070,Rotonda,PZ,Basilicata,325,1919,0,39.93191,16.05508
076071,Ruoti,PZ,Basilicata,430,1288,0,40.70111,15.69145
076072,Ruvo del Monte,PZ,Basilicata,275,816,0,40.87331,15.54037
076073,San Chirico Nuovo,PZ,Basilicata,309,1027,0,40.67171,16.06909
076074,San Chirico Raparo,PZ,Basilicata,315,1754,0,40.20279,16.07572
076075,San Costantino Albanese,PZ,Basilicata,338,1293,0,40.04303,16.28058
076076,San Fele,PZ,Basilicata,360,1404,0,40.81385,15.59275
076077,San Martino d'Agri,PZ,Basilicata,315,1290,0,40.24537,16.05167
076078,San Severino Lucano,PZ,Basilicata,447,1616,0,40.01128,16.17064
076079,Sant'Angelo Le Fratte,PZ,Basilicata,375,1286,0,40.54307,15.56511
076080,Sant'Arcangelo,PZ,Basilicata,137,771,0,40.24951,16.31057
076081,Sarconi,PZ,Basilicata,547,1278,0,40.22886,15.91029
076082,Sasso di Castalda,PZ,Basilicata,725,1709,0,40.48906,15.69405
076083,Satriano di Lucania,PZ,Basilicata,480,1063,0,40.54228,15.63578
076084,Savoia di Lucania,PZ,Basilicata,350,1066,0,40.58868,15.58502
076085,Senise,PZ,Basilicata,172,650,0,40.15747,16.30908
076086,Spinoso,PZ,Basilicata,460,1567,0,40.24288,15.96107
076087,Teana,PZ,Basilicata,368,914,0,40.12715,16.15054
076088,Terranova di Pollino,PZ,Basilicata,520,2236,0,39.96104,16.27907
076089,Tito,PZ,Basilicata,486,1358,0,40.57599,15.68543
076090,Tolve,PZ,Basilicata,230,1035,0,40.70474,16.04072
076091,Tramutola,PZ,Basilicata,562,1428,0,40.31863,15.77806
076092,Trecchina,PZ,Basilicata,75,1400,0,40.02056,15.77546
076093,Trivigno,PZ,Basilicata,444,1152,0,40.56605,15.98358
076094,Vaglio Basilicata,PZ,Basilicata,546,1089,0,40.67177,15.92186
076095,Venosa,PZ,Basilicata,179,812,0,40.98293,15.83795
076096,Vietri di Potenza,PZ,Basilicata,199,1225,0,40.61009,15.5225
076097,Viggianello,PZ,Basilicata,325,2180,0,39.97456,16.10799
076098,Viggiano,PZ,Basilicata,570,1714,0,40.35546,15.90534
076099,Ginestra,PZ,Basilicata,347,828,0,40.92034,15.74584
076100,Paterno,PZ,Basilicata,577,1448,0,40.36068,15.74126
077001,Accettura,MT,Basilicata,325,1300,0,40.49123,16.15161
077002,Aliano,MT,Basilicata,151,849,0,40.30538,16.25351
077003,Bernalda,MT,Basilicata,0,226,0,40.40917,16.76232
077004,Calciano,MT,Basilicata,184,1151,0,40.58084,16.18205
077005,Cirigliano,MT,Basilicata,419,1138,0,40.41829,16.15883
077006,Colobraro,MT,Basilicata,97,857,0,40.20566,16.40738
077007,Craco,MT,Basilicata,49,405,0,40.36973,16.4313
077008,Ferrandina,MT,Basilicata,43,583,0,40.47811,16.42975
077009,Garaguso,MT,Basilicata,168,789,0,40.55024,16.24685
077010,Gorgoglione,MT,Basilicata,305,1080,0,40.3835,16.15635
077011,Grassano,MT,Basilicata,150,576,0,40.6268,16.28004
077012,Grottole,MT,Basilicata,96,527,0,40.63267,16.37776
077013,Irsina,MT,Basilicata,136,629,0,40.74599,16.25082
077014,Matera,MT,Basilicata,49,520,60403,40.6698,16.5787
077015,Miglionico,MT,Basilicata,50,473,0,40.57717,16.49917
077016,Montalbano Jonico,MT,Basilicata,14,298,0,40.30397,16.57523
077017,Montescaglioso,MT,Basilicata,16,366,0,40.50718,16.66698
077018,Nova Siri,MT,Basilicata,0,836,0,40.14426,16.5696
077019,Oliveto Lucano,MT,Basilicata,375,1139,0,40.53011,16.18718
077020,Pisticci,MT,Basilicata,0,412,0,40.36242,16.65457
077021,Policoro,MT,Basilicata,0,136,0,40.19683,16.66816
077022,Pomarico,MT,Basilicata,23,475,0,40.4923,16.56188
077023,Rotondella,MT,Basilicata,0,862,0,40.18136,16.55634
077024,Salandra,MT,Basilicata,125,604,0,40.54316,16.31898
077025,San Giorgio Lucano,MT,Basilicata,177,758,0,40.10979,16.38946
077026,San Mauro Forte,MT,Basilicata,124,787,0,40.47162,16.2826
077027,Stigliano,MT,Basilicata,69,1112,0,40.37695,16.30011
077028,Tricarico,MT,Basilicata,195,935,0,40.64544,16.14945
077029,Tursi,MT,Basilicata,14,660,0,40.25554,16.48701
077030,Valsinni,MT,Basilicata,110,890,0,40.15805,16.44996
077031,Scanzano Jonico,MT,Basilicata,0,117,0,40.26224,16.70778
078001,Acquaformosa,CS,Calabria,278,1464,0,39.72514,16.08725
078002,Acquappesa,CS,Calabria,0,962,0,39.49407,15.9932
078003,Acri,CS,Calabria,193,1379,0,39.49442,16.42848
078004,Aiello Calabro,CS,Calabria,75,1143,0,39.11372,16.17461
078005,Aieta,CS,Calabria,125,1463,0,39.91608,15.84604
078006,Albidona,CS,Calabria,1,1105,0,39.92507,16.48791
078007,Alessandria del Carretto,CS,Calabria,369,1713,0,39.96493,16.39203
078008,Altilia,CS,Calabria,155,632,0,39.12715,16.2573
078009,Altomonte,CS,Calabria,54,600,0,39.68482,16.17586
078010,Amantea,CS,Calabria,0,439,0,39.10195,16.0942
078011,Amendolara,CS,Calabria,0,803,0,39.95773,16.55764
078012,Aprigliano,CS,Calabria,411,1754,0,39.21608,16.46754
078013,Belmonte Calabro,CS,Calabria,0,1358,0,39.17372,16.09762
078014,Belsito,CS,Calabria,249,793,0,39.1733,16.2818
078015,Belvedere Marittimo,CS,Calabria,0,1753,0,39.63955,15.87258
078016,Bianchi,CS,Calabria,720,1436,0,39.10274,16.43241
078017,Bisignano,CS,Calabria,63,717,0,39.52151,16.27223
078018,Bocchigliero,CS,Calabria,274,1453,0,39.39973,16.7278
078019,Bonifati,CS,Calabria,0,1067,0,39.57406,15.91617
078020,Buonvicino,CS,Calabria,50,1802,0,39.67977,15.89401
078021,Calopezzati,CS,Calabria,0,439,0,39.55723,16.79363
078022,Caloveto,CS,Calabria,93,627,0,39.51288,16.76616
078023,Campana,CS,Calabria,144,1239,0,39.39784,16.82973
078024,Canna,CS,Calabria,150,707,0,40.09048,16.51184
078025,Cariati,CS,Calabria,0,425,0,39.48791,16.95199
078026,Carolei,CS,Calabria,268,1018,0,39.25166,16.21041
078027,Carpanzano,CS,Calabria,211,1210,0,39.14626,16.32664
078029,Cassano all'Ionio,CS,Calabria,0,665,0,39.75201,16.39116
078030,Castiglione Cosentino,CS,Calabria,147,793,0,39.36344,16.28357
078031,Castrolibero,CS,Calabria,224,559,0,39.31045,16.20527
078032,Castroregio,CS,Calabria,160,1104,0,39.99316,16.45343
078033,Castrovillari,CS,Calabria,44,2248,20334,39.81151,16.23699
078034,Celico,CS,Calabria,410,1680,0,39.38805,16.44499
078035,Cellara,CS,Calabria,604,1419,0,39.21449,16.35084
078036,Cerchiara di Calabria,CS,Calabria,9,2266,0,39.85431,16.38066
078037,Cerisano,CS,Calabria,299,1237,0,39.2799,16.16063
078038,Cervicati,CS,Calabria,94,555,0,39.54975,16.16711
078039,Cerzeto,CS,Calabria,74,1313,0,39.5081,16.11689
078040,Cetraro,CS,Calabria,0,1118,0,39.53659,15.96786
078041,Civita,CS,Calabria,132,1423,0,39.84886,16.31061
078042,Cleto,CS,Calabria,45,666,0,39.07717,16.15359
078043,Colosimi,CS,Calabria,709,1495,0,39.12722,16.43746
078045,Cosenza,CS,Calabria,187,589,63852,39.2785,16.27131
078046,Cropalati,CS,Calabria,60,876,0,39.52291,16.71996
078047,Crosia,CS,Calabria,0,269,0,39.5869,16.77879
078048,Diamante,CS,Calabria,0,318,0,39.70047,15.82301
078049,Dipignano,CS,Calabria,243,1175,0,39.2408,16.23911
078050,Domanico,CS,Calabria,499,1294,0,39.20301,16.19825
078051,Fagnano Castello,CS,Calabria,300,1183,0,39.55573,16.04839
078052,Falconara Albanese,CS,Calabria,0,1154,0,39.27574,16.09384
078053,Figline Vegliaturo,CS,Calabria,496,867,0,39.22407,16.31942
078054,Firmo,CS,Calabria,128,405,0,39.71845,16.18247
078055,Fiumefreddo Bruzio,CS,Calabria,0,1489,0,39.24011,16.09858
078056,Francavilla Marittima,CS,Calabria,18,1025,0,39.80626,16.38525
078057,Frascineto,CS,Calabria,350,1963,0,39.85066,16.27572
078058,Fuscaldo,CS,Calabria,0,1411,0,39.4363,16.04057
078059,Grimaldi,CS,Calabria,149,1261,0,39.13511,16.22314
078060,Grisolia,CS,Calabria,0,1905,0,39.72127,15.91508
078061,Guardia Piemontese,CS,Calabria,3,1252,0,39.48788,16.01656
078062,Lago,CS,Calabria,142,1155,0,39.16599,16.1552
078063,Laino Borgo,CS,Calabria,225,1288,0,39.96606,15.94308
078064,Laino Castello,CS,Calabria,171,1300,0,39.93294,15.95852
078065,Lappano,CS,Calabria,196,1488,0,39.32924,16.31466
078066,Lattarico,CS,Calabria,93,1409,0,39.45128,16.17669
078067,Longobardi,CS,Calabria,0,1514,0,39.20486,16.08941
078068,Longobucco,CS,Calabria,193,1704,0,39.45163,16.60811
078069,Lungro,CS,Calabria,189,1520,0,39.74617,16.11172
078070,Luzzi,CS,Calabria,93,1280,0,39.44946,16.30251
078071,Maierà,CS,Calabria,25,1133,0,39.70646,15.86932
078072,Malito,CS,Calabria,275,1294,0,39.16645,16.24863
078073,Malvito,CS,Calabria,146,1109,0,39.60782,16.05069
078074,Mandatoriccio,CS,Calabria,0,858,0,39.49781,16.84858
078075,Mangone,CS,Calabria,566,1329,0,39.20662,16.32604
078076,Marano Marchesato,CS,Calabria,268,1129,0,39.30946,16.16459
078077,Marano Principato,CS,Calabria,349,1155,0,39.29492,16.15896
078078,Marzi,CS,Calabria,280,1231,0,39.16151,16.33855
078079,Mendicino,CS,Calabria,244,1513,0,39.25358,16.17447
078080,Mongrassano,CS,Calabria,62,1254,0,39.53069,16.13094
078081,Montalto Uffugo,CS,Calabria,111,1389,0,39.40185,16.17803
078082,Montegiordano,CS,Calabria,0,700,0,40.042,16.55526
078083,Morano Calabro,CS,Calabria,422,2226,0,39.86275,16.1102
078084,Mormanno,CS,Calabria,150,1632,0,39.87718,15.99385
078085,Mottafollone,CS,Calabria,155,1807,0,39.65006,16.03258
078086,Nocara,CS,Calabria,179,861,0,40.10942,16.46531
078087,Oriolo,CS,Calabria,160,1124,0,40.04508,16.45985
078088,Orsomarso,CS,Calabria,17,1625,0,39.80042,15.92853
078089,Paludi,CS,Calabria,68,1037,0,39.53196,16.67651
078090,Panettieri,CS,Calabria,844,1237,0,39.07826,16.45945
078091,Paola,CS,Calabria,0,1386,0,39.3615,16.06233
078092,Papasidero,CS,Calabria,74,1457,0,39.87225,15.90838
078093,Parenti,CS,Calabria,650,1466,0,39.16057,16.45975
078094,Paterno Calabro,CS,Calabria,449,1194,0,39.2128,16.26867
078096,Pedivigliano,CS,Calabria,189,980,0,39.11132,16.33182
078097,Piane Crati,CS,Calabria,463,816,0,39.23439,16.31609
078098,Pietrafitta,CS,Calabria,373,1351,0,39.25826,16.34536
078099,Pietrapaola,CS,Calabria,0,950,0,39.49459,16.78958
078100,Plataci,CS,Calabria,149,1688,0,39.90379,16.42067
078101,Praia a Mare,CS,Calabria,0,1154,0,39.89098,15.80297
078102,Rende,CS,Calabria,129,1137,22889,39.34762,16.21071
078103,Rocca Imperiale,CS,Calabria,0,713,0,40.09897,16.58032
078104,Roggiano Gravina,CS,Calabria,68,354,0,39.63109,16.16984
078105,Rogliano,CS,Calabria,339,1443,0,39.1774,16.39403
078106,Rose,CS,Calabria,122,1395,0,39.39783,16.32612
078107,Roseto Capo Spulico,CS,Calabria,0,625,0,39.99725,16.5828
078109,Rota Greca,CS,Calabria,269,1402,0,39.4627,16.10248
078110,Rovito,CS,Calabria,296,1475,0,39.30942,16.31721
078111,San Basile,CS,Calabria,175,1150,0,39.79723,16.18427
078112,San Benedetto Ullano,CS,Calabria,218,1350,0,39.42507,16.11452
078113,San Cosmo Albanese,CS,Calabria,75,540,0,39.60097,16.4219
078114,San Demetrio Corone,CS,Calabria,29,822,0,39.59543,16.37178
078115,San Donato di Ninea,CS,Calabria,214,1987,0,39.72037,16.02895
078116,San Fili,CS,Calabria,293,1254,0,39.33451,16.12892
078117,Sangineto,CS,Calabria,2,1450,0,39.61088,15.91257
078118,San Giorgio Albanese,CS,Calabria,36,531,0,39.60158,16.46338
078119,San Giovanni in Fiore,CS,Calabria,350,1882,17358,39.26776,16.64986
078120,San Lorenzo Bellizzi,CS,Calabria,487,1651,0,39.90645,16.30301
078121,San Lorenzo del Vallo,CS,Calabria,43,357,0,39.68458,16.26451
078122,San Lucido,CS,Calabria,0,1200,0,39.30702,16.08249
078123,San Marco Argentano,CS,Calabria,54,788,0,39.58222,16.16521
078124,San Martino di Finita,CS,Calabria,114,1328,0,39.4816,16.13417
078125,San Nicola Arcella,CS,Calabria,0,625,0,39.84912,15.79865
078126,San Pietro in Amantea,CS,Calabria,46,644,0,39.1216,16.1104
078127,San Pietro in Guarano,CS,Calabria,169,1630,0,39.35749,16.35117
078128,San Sosti,CS,Calabria,133,1717,0,39.66738,16.03762
078129,Santa Caterina Albanese,CS,Calabria,170,711,0,39.59561,16.08707
078130,Santa Domenica Talao,CS,Calabria,19,1119,0,39.82642,15.84503
078131,Sant'Agata di Esaro,CS,Calabria,275,1812,0,39.62303,15.97404
078132,Santa Maria del Cedro,CS,Calabria,0,496,0,39.7535,15.83798
078133,Santa Sofia d'Epiro,CS,Calabria,51,785,0,39.57558,16.30394
078134,Santo Stefano di Rogliano,CS,Calabria,550,1484,0,39.20009,16.38454
078135,San Vincenzo La Costa,CS,Calabria,208,1234,0,39.3678,16.14815
078136,Saracena,CS,Calabria,94,1827,0,39.78034,16.12584
078137,Scala Coeli,CS,Calabria,0,770,0,39.45198,16.89881
078138,Scalea,CS,Calabria,0,408,0,39.80169,15.80471
078139,Scigliano,CS,Calabria,180,1200,0,39.12727,16.31072
078140,Serra d'Aiello,CS,Calabria,45,417,0,39.08626,16.12519
078142,Spezzano Albanese,CS,Calabria,25,421,0,39.6927,16.31522
078143,Spezzano della Sila,CS,Calabria,569,1813,0,39.34895,16.48824
078145,Tarsia,CS,Calabria,45,374,0,39.62623,16.27257
078146,Terranova da Sibari,CS,Calabria,18,371,0,39.66289,16.36029
078147,Terravecchia,CS,Calabria,20,512,0,39.46071,16.95379
078148,Torano Castello,CS,Calabria,74,429,0,39.50578,16.18079
078149,Tortora,CS,Calabria,0,1274,0,39.96469,15.82831
078150,Trebisacce,CS,Calabria,0,774,0,39.88007,16.52144
078152,Vaccarizzo Albanese,CS,Calabria,98,671,0,39.5874,16.43594
078153,Verbicaro,CS,Calabria,125,1567,0,39.75999,15.93515
078154,Villapiana,CS,Calabria,0,525,0,39.83043,16.47479
078155,Zumpano,CS,Calabria,187,500,0,39.31596,16.27618
078156,Casali del Manco,CS,Calabria,,,0,39.29584,16.47509
078157,Corigliano-Rossano,CS,Calabria,,,23824,39.60655,16.55395
079002,Albi,CZ,Calabria,255,1550,0,39.04543,16.60187
079003,Amaroni,CZ,Calabria,198,786,0,38.79233,16.44381
079004,Amato,CZ,Calabria,95,1028,0,38.94365,16.45009
079005,Andali,CZ,Calabria,22,904,0,38.988,16.80704
079007,Argusto,CZ,Calabria,343,648,0,38.68072,16.4374
079008,Badolato,CZ,Calabria,0,1234,0,38.56965,16.51139
079009,Belcastro,CZ,Calabria,0,944,0,38.98866,16.84387
079011,Borgia,CZ,Calabria,0,400,0,38.82107,16.54192
079012,Botricello,CZ,Calabria,0,136,0,38.93863,16.85097
079017,Caraffa di Catanzaro,CZ,Calabria,38,407,0,38.87439,16.50746
079018,Cardinale,CZ,Calabria,349,1178,0,38.63506,16.40225
079020,Carlopoli,CZ,Calabria,624,1079,0,39.04774,16.44331
079023,Catanzaro,CZ,Calabria,0,668,78970,38.88989,16.60257
079024,Cenadi,CZ,Calabria,385,1022,0,38.73369,16.39047
079025,Centrache,CZ,Calabria,405,837,0,38.73734,16.43474
079027,Cerva,CZ,Calabria,44,1333,0,39.01655,16.75099
079029,Chiaravalle Centrale,CZ,Calabria,344,920,0,38.69029,16.39335
079030,Cicala,CZ,Calabria,549,1088,0,39.0212,16.48001
079033,Conflenti,CZ,Calabria,211,1410,0,39.04505,16.2798
079034,Cortale,CZ,Calabria,108,966,0,38.82806,16.40506
079036,Cropani,CZ,Calabria,0,710,0,38.95524,16.78663
079039,Curinga,CZ,Calabria,0,745,0,38.82817,16.28157
079042,Davoli,CZ,Calabria,0,1178,0,38.64877,16.49198
079043,Decollatura,CZ,Calabria,670,1366,0,39.0457,16.36519
079047,Falerna,CZ,Calabria,0,1329,0,38.99907,16.16769
079048,Feroleto Antico,CZ,Calabria,44,839,0,38.94347,16.3671
079052,Fossato Serralta,CZ,Calabria,255,972,0,39.00128,16.56363
079055,Gagliato,CZ,Calabria,99,659,0,38.6735,16.46058
079056,Gasperina,CZ,Calabria,22,664,0,38.73707,16.50671
079058,Gimigliano,CZ,Calabria,206,961,0,38.98414,16.52268
079059,Girifalco,CZ,Calabria,224,889,0,38.81128,16.42824
079060,Gizzeria,CZ,Calabria,0,1290,0,38.96561,16.19658
079061,Guardavalle,CZ,Calabria,0,1103,0,38.50716,16.50046
079063,Isca sullo Ionio,CZ,Calabria,0,1107,0,38.5942,16.50892
079065,Jacurso,CZ,Calabria,143,943,0,38.82071,16.36951
079068,Magisano,CZ,Calabria,225,1550,0,39.02674,16.63756
079069,Maida,CZ,Calabria,35,542,0,38.87959,16.38446
079071,Marcedusa,CZ,Calabria,32,325,0,39.01317,16.85927
079072,Marcellinara,CZ,Calabria,93,538,0,38.91228,16.46483
079073,Martirano,CZ,Calabria,144,930,0,39.07313,16.24875
079074,Martirano Lombardo,CZ,Calabria,99,1279,0,39.06019,16.22567
079077,Miglierina,CZ,Calabria,144,1039,0,38.97091,16.46794
079080,Montauro,CZ,Calabria,0,625,0,38.749,16.52496
079081,Montepaone,CZ,Calabria,0,678,0,38.72271,16.49827
079083,Motta Santa Lucia,CZ,Calabria,169,1351,0,39.08912,16.30308
079087,Nocera Terinese,CZ,Calabria,0,1332,0,39.03348,16.15966
079088,Olivadi,CZ,Calabria,385,875,0,38.73092,16.41844
079089,Palermiti,CZ,Calabria,245,815,0,38.75501,16.46155
079092,Pentone,CZ,Calabria,180,945,0,38.97877,16.58367
079094,Petrizzi,CZ,Calabria,27,709,0,38.70023,16.4793
079095,Petronà,CZ,Calabria,122,1715,0,39.06513,16.72768
079096,Pianopoli,CZ,Calabria,60,600,0,38.92965,16.39036
079099,Platania,CZ,Calabria,333,1405,0,39.01075,16.31796
079108,San Floro,CZ,Calabria,23,360,0,38.84916,16.51405
079110,San Mango d'Aquino,CZ,Calabria,45,1106,0,39.05967,16.18416
079114,San Pietro a Maida,CZ,Calabria,23,627,0,38.85369,16.32695
079115,San Pietro Apostolo,CZ,Calabria,394,968,0,38.99797,16.46849
079116,San Sostene,CZ,Calabria,0,1228,0,38.61904,16.47544
079117,Santa Caterina dello Ionio,CZ,Calabria,0,1200,0,38.53605,16.52385
079118,Sant'Andrea Apostolo dello Ionio,CZ,Calabria,0,1110,0,38.61613,16.51806
079122,San Vito sullo Ionio,CZ,Calabria,374,1014,0,38.71472,16.38154
079123,Satriano,CZ,Calabria,0,1146,0,38.65695,16.47362
079126,Sellia,CZ,Calabria,143,633,0,38.97641,16.63101
079127,Sellia Marina,CZ,Calabria,0,512,0,38.90903,16.73922
079129,Serrastretta,CZ,Calabria,119,1189,0,38.98197,16.40694
079130,Sersale,CZ,Calabria,8,1661,0,38.99894,16.71584
079131,Settingiano,CZ,Calabria,55,514,0,38.89873,16.51804
079133,Simeri Crichi,CZ,Calabria,0,501,0,38.90674,16.66169
079134,Sorbo San Basile,CZ,Calabria,422,1377,0,39.05281,16.51693
079137,Soverato,CZ,Calabria,0,138,0,38.69049,16.53224
079138,Soveria Mannelli,CZ,Calabria,696,988,0,39.07119,16.39172
079139,Soveria Simeri,CZ,Calabria,36,537,0,38.92848,16.68719
079142,Squillace,CZ,Calabria,0,389,0,38.78974,16.52441
079143,Stalettì,CZ,Calabria,0,434,0,38.76411,16.54629
079146,Taverna,CZ,Calabria,363,1771,0,39.11901,16.57451
079147,Tiriolo,CZ,Calabria,65,933,0,38.93672,16.52038
079148,Torre di Ruggiero,CZ,Calabria,518,925,0,38.65905,16.35831
079151,Vallefiorita,CZ,Calabria,212,902,0,38.77227,16.43724
079157,Zagarise,CZ,Calabria,66,1690,0,39.01752,16.67238
079160,Lamezia Terme,CZ,Calabria,0,1311,70501,38.93793,16.27752
080001,Africo,RC,Calabria,0,1860,0,38.07272,15.9784
080002,Agnana Calabra,RC,Calabria,77,520,0,38.30617,16.23023
080003,Anoia,RC,Calabria,44,343,0,38.4435,16.06963
080004,Antonimina,RC,Calabria,74,988,0,38.28187,16.15735
080005,Ardore,RC,Calabria,1,582,0,38.19773,16.16914
080006,Bagaladi,RC,Calabria,334,1663,0,38.04946,15.81401
080007,Bagnara Calabra,RC,Calabria,0,640,0,38.28146,15.81687
080008,Benestare,RC,Calabria,23,553,0,38.16727,16.13172
080009,Bianco,RC,Calabria,0,277,0,38.07445,16.13106
080010,Bivongi,RC,Calabria,169,1129,0,38.50016,16.43456
080011,Bova,RC,Calabria,192,1283,0,38.00329,15.95485
080012,Bovalino,RC,Calabria,0,267,0,38.1535,16.15843
080013,Bova Marina,RC,Calabria,0,566,0,37.94563,15.94129
080014,Brancaleone,RC,Calabria,0,525,0,37.96946,16.07235
080015,Bruzzano Zeffirio,RC,Calabria,0,565,0,38.02054,16.06804
080016,Calanna,RC,Calabria,168,856,0,38.19106,15.72453
080017,Camini,RC,Calabria,0,470,0,38.42564,16.51682
080018,Campo Calabro,RC,Calabria,50,495,0,38.21801,15.66855
080019,Candidoni,RC,Calabria,4,575,0,38.51539,16.01755
080020,Canolo,RC,Calabria,111,970,0,38.32066,16.18163
080021,Caraffa del Bianco,RC,Calabria,39,453,0,38.0685,16.10089
080022,Cardeto,RC,Calabria,398,1682,0,38.09144,15.80368
080023,Careri,RC,Calabria,49,1556,0,38.18318,16.06637
080024,Casignana,RC,Calabria,0,675,0,38.11668,16.10312
080025,Caulonia,RC,Calabria,0,1234,0,38.39454,16.40008
080026,Ciminà,RC,Calabria,85,1045,0,38.26051,16.11833
080027,Cinquefrondi,RC,Calabria,171,1009,0,38.41041,16.13418
080028,Cittanova,RC,Calabria,78,996,0,38.36069,16.07374
080029,Condofuri,RC,Calabria,0,1141,0,37.97981,15.87925
080030,Cosoleto,RC,Calabria,99,1883,0,38.23512,15.90682
080031,Delianuova,RC,Calabria,374,1688,0,38.21991,15.92163
080032,Feroleto della Chiesa,RC,Calabria,43,234,0,38.46913,16.06528
080033,Ferruzzano,RC,Calabria,0,474,0,38.02812,16.0994
080034,Fiumara,RC,Calabria,104,608,0,38.21603,15.69975
080035,Galatro,RC,Calabria,99,1143,0,38.46259,16.16553
080036,Gerace,RC,Calabria,47,954,0,38.27938,16.20294
080037,Giffone,RC,Calabria,197,1031,0,38.43353,16.15923
080038,Gioia Tauro,RC,Calabria,0,95,18769,38.42888,15.92162
080039,Gioiosa Ionica,RC,Calabria,45,1025,0,38.35762,16.3156
080040,Grotteria,RC,Calabria,1,1215,0,38.37624,16.26864
080041,Laganadi,RC,Calabria,274,1052,0,38.18651,15.75466
080042,Laureana di Borrello,RC,Calabria,30,757,0,38.49561,16.06479
080043,Locri,RC,Calabria,0,318,0,38.23859,16.23927
080044,Mammola,RC,Calabria,116,1156,0,38.37602,16.21378
080045,Marina di Gioiosa Ionica,RC,Calabria,0,483,0,38.32083,16.33384
080046,Maropati,RC,Calabria,65,509,0,38.44807,16.09776
080047,Martone,RC,Calabria,148,1218,0,38.3963,16.29712
080048,Melicuccà,RC,Calabria,124,605,0,38.29375,15.8695
080049,Melicucco,RC,Calabria,42,194,0,38.4457,16.04518
080050,Melito di Porto Salvo,RC,Calabria,0,768,0,37.95239,15.78519
080051,Molochio,RC,Calabria,149,1040,0,38.30529,16.05614
080052,Monasterace,RC,Calabria,0,165,0,38.45006,16.5597
080053,Montebello Jonico,RC,Calabria,0,1081,0,37.98483,15.74581
080054,Motta San Giovanni,RC,Calabria,0,945,0,38.00213,15.70342
080055,Oppido Mamertina,RC,Calabria,41,1316,0,38.28876,15.97702
080056,Palizzi,RC,Calabria,0,1013,0,37.95603,16.00854
080057,Palmi,RC,Calabria,0,593,18556,38.37791,15.87282
080058,Pazzano,RC,Calabria,222,1089,0,38.46933,16.43092
080059,Placanica,RC,Calabria,68,1047,0,38.42447,16.43995
080060,Platì,RC,Calabria,119,1390,0,38.22194,16.06576
080061,Polistena,RC,Calabria,128,308,0,38.41263,16.05981
080062,Portigliola,RC,Calabria,1,300,0,38.22054,16.21274
080063,Reggio di Calabria,RC,Calabria,0,1789,182455,38.11275,15.71802
080064,Riace,RC,Calabria,0,457,0,38.40469,16.50826
080065,Rizziconi,RC,Calabria,18,131,0,38.41526,15.9698
080066,Roccaforte del Greco,RC,Calabria,308,1820,0,38.08281,15.88461
080067,Roccella Ionica,RC,Calabria,0,1241,0,38.34681,16.37495
080068,Roghudi,RC,Calabria,19,1815,0,38.07087,15.9105
080069,Rosarno,RC,Calabria,1,129,0,38.47086,15.9907
080070,Samo,RC,Calabria,81,1941,0,38.10046,15.99797
080071,San Giorgio Morgeto,RC,Calabria,215,964,0,38.37506,16.12184
080072,San Giovanni di Gerace,RC,Calabria,149,1141,0,38.3948,16.28248
080073,San Lorenzo,RC,Calabria,0,1645,0,38.00146,15.83418
080074,San Luca,RC,Calabria,36,1955,0,38.15279,16.00751
080075,San Pietro di Caridà,RC,Calabria,72,1253,0,38.4908,16.18974
080076,San Procopio,RC,Calabria,71,508,0,38.30251,15.90065
080077,San Roberto,RC,Calabria,198,1347,0,38.20785,15.77648
080078,Santa Cristina d'Aspromonte,RC,Calabria,180,1572,0,38.23856,15.97319
080079,Sant'Agata del Bianco,RC,Calabria,68,1007,0,38.07393,16.05713
080080,Sant'Alessio in Aspromonte,RC,Calabria,349,1050,0,38.17572,15.76127
080081,Sant'Eufemia d'Aspromonte,RC,Calabria,300,1838,0,38.23127,15.84816
080082,Sant'Ilario dello Ionio,RC,Calabria,1,324,0,38.21498,16.19464
080083,Santo Stefano in Aspromonte,RC,Calabria,498,1795,0,38.17216,15.81642
080084,Scido,RC,Calabria,287,1570,0,38.2317,15.94733
080085,Scilla,RC,Calabria,0,1795,0,38.23129,15.78149
080086,Seminara,RC,Calabria,9,575,0,38.33868,15.879
080087,Serrata,RC,Calabria,49,717,0,38.5283,16.08766
080088,Siderno,RC,Calabria,0,425,15651,38.28643,16.27591
080089,Sinopoli,RC,Calabria,97,1825,0,38.23539,15.88544
080090,Staiti,RC,Calabria,35,984,0,38.00443,16.04135
080091,Stignano,RC,Calabria,0,443,0,38.38706,16.48608
080092,Stilo,RC,Calabria,1,1414,0,38.49794,16.4354
080093,Taurianova,RC,Calabria,48,321,0,38.36982,15.99509
080094,Terranova Sappo Minulio,RC,Calabria,114,325,0,38.32988,16.01331
080095,Varapodio,RC,Calabria,48,1074,0,38.30881,15.99643
080096,Villa San Giovanni,RC,Calabria,0,650,0,38.22881,15.66658
080097,San Ferdinando,RC,Calabria,0,40,0,38.48398,15.93527
081001,Alcamo,TP,Sicilia,0,825,44431,37.96382,12.97423
081002,Buseto Palizzolo,TP,Sicilia,121,642,0,37.98961,12.73652
081003,Calatafimi-Segesta,TP,Sicilia,22,652,0,37.90073,12.87768
081004,Campobello di Mazara,TP,Sicilia,1,129,0,37.60526,12.71615
081005,Castellammare del Golfo,TP,Sicilia,0,1064,0,38.01112,12.82695
081006,Castelvetrano,TP,Sicilia,1,323,31680,37.65417,12.81674
081007,Custonaci,TP,Sicilia,0,1110,0,38.07176,12.71614
081008,Erice,TP,Sicilia,0,761,23880,38.012,12.61424
081009,Favignana,TP,Sicilia,0,686,0,37.95286,12.23714
081010,Gibellina,TP,Sicilia,144,673,0,37.80902,12.9517
081011,Marsala,TP,Sicilia,0,262,77915,37.81455,12.54001
081012,Mazara del Vallo,TP,Sicilia,0,214,51534,37.70176,12.64617
081013,Paceco,TP,Sicilia,0,201,0,37.95741,12.58715
081014,Pantelleria,TP,Sicilia,0,836,0,36.78748,11.99428
081015,Partanna,TP,Sicilia,43,542,0,37.72125,12.89335
081016,Poggioreale,TP,Sicilia,113,643,0,37.78815,13.05185
081017,Salaparuta,TP,Sicilia,78,609,0,37.76419,12.98181
081018,Salemi,TP,Sicilia,93,775,0,37.82235,12.76633
081019,Santa Ninfa,TP,Sicilia,93,601,0,37.77536,12.85608
081020,San Vito Lo Capo,TP,Sicilia,0,913,0,38.12401,12.7589
081021,Trapani,TP,Sicilia,0,778,67531,37.92407,12.66777
081022,Valderice,TP,Sicilia,0,660,0,38.03295,12.63825
081023,Vita,TP,Sicilia,269,630,0,37.86285,12.83772
081024,Petrosino,TP,Sicilia,0,92,0,37.70986,12.52514
081025,Misiliscemi,TP,Sicilia,,,0,37.91578,12.54739
082001,Alia,PA,Sicilia,344,966,0,37.76323,13.73255
082002,Alimena,PA,Sicilia,342,1003,0,37.67624,14.12194
082003,Aliminusa,PA,Sicilia,120,1133,0,37.86072,13.78087
082004,Altavilla Milicia,PA,Sicilia,0,874,0,38.018,13.56866
082005,Altofonte,PA,Sicilia,119,1090,0,38.03344,13.31932
082006,Bagheria,PA,Sicilia,0,388,53149,38.07626,13.49708
082007,Balestrate,PA,Sicilia,0,101,0,38.04721,13.00929
082008,Baucina,PA,Sicilia,267,1257,0,37.93518,13.5359
082009,Belmonte Mezzagno,PA,Sicilia,145,932,0,38.04151,13.38541
082010,Bisacquino,PA,Sicilia,170,1215,0,37.73025,13.21657
082011,Bolognetta,PA,Sicilia,141,781,0,37.97415,13.48004
082012,Bompietro,PA,Sicilia,368,1007,0,37.70252,14.1205
082013,Borgetto,PA,Sicilia,168,1188,0,38.04226,13.15641
082014,Caccamo,PA,Sicilia,79,1311,0,37.89008,13.66502
082015,Caltavuturo,PA,Sicilia,138,1080,0,37.79248,13.91345
082016,Campofelice di Fitalia,PA,Sicilia,266,932,0,37.81205,13.50149
082017,Campofelice di Roccella,PA,Sicilia,0,123,0,37.98799,13.87418
082018,Campofiorito,PA,Sicilia,322,1075,0,37.75923,13.26635
082019,Camporeale,PA,Sicilia,213,581,0,37.89404,13.08457
082020,Capaci,PA,Sicilia,0,510,0,38.16776,13.23867
082021,Carini,PA,Sicilia,0,975,35082,38.12959,13.16349
082022,Castelbuono,PA,Sicilia,70,1633,0,37.93179,14.09554
082023,Casteldaccia,PA,Sicilia,0,1212,0,38.00898,13.53954
082024,Castellana Sicula,PA,Sicilia,341,1900,0,37.73007,13.98807
082025,Castronovo di Sicilia,PA,Sicilia,356,1319,0,37.6975,13.59839
082026,Cefalà Diana,PA,Sicilia,371,707,0,37.91311,13.46515
082027,Cefalù,PA,Sicilia,0,1070,0,38.00016,14.02438
082028,Cerda,PA,Sicilia,42,781,0,37.89385,13.82313
082029,Chiusa Sclafani,PA,Sicilia,191,1197,0,37.67123,13.29409
082030,Ciminna,PA,Sicilia,168,825,0,37.87645,13.55672
082031,Cinisi,PA,Sicilia,0,966,0,38.15598,13.11754
082032,Collesano,PA,Sicilia,18,1656,0,37.93259,13.90569
082033,Contessa Entellina,PA,Sicilia,106,1150,0,37.73706,13.13026
082034,Corleone,PA,Sicilia,218,1569,0,37.80012,13.31684
082035,Ficarazzi,PA,Sicilia,0,50,0,38.09047,13.46453
082036,Gangi,PA,Sicilia,408,1333,0,37.75284,14.22508
082037,Geraci Siculo,PA,Sicilia,180,1660,0,37.85235,14.17266
082038,Giardinello,PA,Sicilia,139,1161,0,38.07138,13.18477
082039,Giuliana,PA,Sicilia,217,1104,0,37.67247,13.22375
082040,Godrano,PA,Sicilia,445,1550,0,37.85663,13.41462
082041,Gratteri,PA,Sicilia,70,1379,0,37.97419,13.97853
082042,Isnello,PA,Sicilia,295,1977,0,37.91495,14.00688
082043,Isola delle Femmine,PA,Sicilia,0,559,0,38.19071,13.24887
082044,Lascari,PA,Sicilia,1,364,0,37.99961,13.9349
082045,Lercara Friddi,PA,Sicilia,369,910,0,37.74439,13.61312
082046,Marineo,PA,Sicilia,210,968,0,37.9472,13.41766
082047,Mezzojuso,PA,Sicilia,268,1211,0,37.86394,13.47514
082048,Misilmeri,PA,Sicilia,19,943,19171,38.01763,13.43797
082049,Monreale,PA,Sicilia,92,1613,21964,37.92506,13.17791
082050,Montelepre,PA,Sicilia,222,942,0,38.08507,13.18798
082051,Montemaggiore Belsito,PA,Sicilia,196,1145,0,37.83031,13.76008
082052,Palazzo Adriano,PA,Sicilia,167,1450,0,37.65367,13.37825
082053,Palermo,PA,Sicilia,0,1050,648260,38.13023,13.33107
082054,Partinico,PA,Sicilia,18,578,28708,38.02495,13.06486
082055,Petralia Soprana,PA,Sicilia,532,1657,0,37.78394,14.12652
082056,Petralia Sottana,PA,Sicilia,340,1977,0,37.72118,14.01878
082057,Piana degli Albanesi,PA,Sicilia,411,1291,0,37.96161,13.3109
082058,Polizzi Generosa,PA,Sicilia,362,1869,0,37.77189,13.971
082059,Pollina,PA,Sicilia,3,762,0,37.99242,14.12621
082060,Prizzi,PA,Sicilia,345,1127,0,37.73562,13.45238
082061,Roccamena,PA,Sicilia,193,536,0,37.83023,13.16569
082062,Roccapalumba,PA,Sicilia,195,793,0,37.80275,13.64729
082063,San Cipirello,PA,Sicilia,239,843,0,37.94008,13.18213
082064,San Giuseppe Jato,PA,Sicilia,197,1138,0,37.97119,13.17727
082065,San Mauro Castelverde,PA,Sicilia,9,1346,0,37.92308,14.2092
082066,Santa Cristina Gela,PA,Sicilia,262,1011,0,37.97599,13.35561
082067,Santa Flavia,PA,Sicilia,0,412,0,38.06199,13.5179
082068,Sciara,PA,Sicilia,40,1300,0,37.91912,13.75824
082069,Sclafani Bagni,PA,Sicilia,118,1132,0,37.78215,13.81981
082070,Termini Imerese,PA,Sicilia,0,1308,22957,37.95928,13.74274
082071,Terrasini,PA,Sicilia,0,645,0,38.11783,13.08343
082072,Torretta,PA,Sicilia,19,980,0,38.14205,13.2399
082073,Trabia,PA,Sicilia,0,806,0,37.98881,13.61439
082074,Trappeto,PA,Sicilia,0,86,0,38.07288,13.05917
082075,Ustica,PA,Sicilia,0,248,0,38.70525,13.17527
082076,Valledolmo,PA,Sicilia,520,1003,0,37.76123,13.82552
082077,Ventimiglia di Sicilia,PA,Sicilia,118,1180,0,37.96078,13.54227
082078,Vicari,PA,Sicilia,219,917,0,37.79344,13.56882
082079,Villabate,PA,Sicilia,13,425,19031,38.07869,13.44277
082080,Villafrati,PA,Sicilia,293,768,0,37.92731,13.49305
082081,Scillato,PA,Sicilia,94,1794,0,37.86438,13.92057
082082,Blufi,PA,Sicilia,430,871,0,37.73349,14.1198
083001,Alcara li Fusi,ME,Sicilia,181,1657,0,37.98823,14.70845
083002,Alì,ME,Sicilia,94,1251,0,38.04377,15.4037
083003,Alì Terme,ME,Sicilia,0,577,0,38.01429,15.42358
083004,Antillo,ME,Sicilia,258,1374,0,37.96072,15.22348
083005,Barcellona Pozzo di Gotto,ME,Sicilia,0,1180,34598,38.1327,15.22751
083006,Basicò,ME,Sicilia,120,773,0,38.06048,15.06498
083007,Brolo,ME,Sicilia,1,696,0,38.14689,14.8326
083008,Capizzi,ME,Sicilia,607,1682,0,37.86707,14.48724
083009,Capo d'Orlando,ME,Sicilia,0,335,0,38.14031,14.74096
083010,Capri Leone,ME,Sicilia,17,715,0,38.09332,14.72046
083011,Caronia,ME,Sicilia,0,1686,0,37.97385,14.49164
083012,Casalvecchio Siculo,ME,Sicilia,69,1275,0,37.98234,15.27858
083013,Castel di Lucio,ME,Sicilia,211,1341,0,37.88278,14.29525
083014,Castell'Umberto,ME,Sicilia,107,1078,0,38.07375,14.81326
083015,Castelmola,ME,Sicilia,74,884,0,37.8663,15.25965
083016,Castroreale,ME,Sicilia,57,1287,0,38.06473,15.22489
083017,Cesarò,ME,Sicilia,554,1847,0,37.86914,14.66398
083018,Condrò,ME,Sicilia,19,390,0,38.16926,15.32956
083019,Falcone,ME,Sicilia,0,557,0,38.10402,15.0673
083020,Ficarra,ME,Sicilia,46,870,0,38.118,14.83309
083021,Fiumedinisi,ME,Sicilia,43,1234,0,38.04518,15.36772
083022,Floresta,ME,Sicilia,1056,1512,0,37.96941,14.9109
083023,Fondachelli-Fantina,ME,Sicilia,275,1225,0,38.00256,15.18015
083024,Forza d'Agrò,ME,Sicilia,0,675,0,37.92465,15.30612
083025,Francavilla di Sicilia,ME,Sicilia,213,1365,0,37.93803,15.11512
083026,Frazzanò,ME,Sicilia,144,1003,0,38.06323,14.7478
083027,Furci Siculo,ME,Sicilia,0,1200,0,37.98877,15.32045
083028,Furnari,ME,Sicilia,0,336,0,38.10519,15.11003
083029,Gaggi,ME,Sicilia,71,629,0,37.86392,15.22569
083030,Galati Mamertino,ME,Sicilia,220,1642,0,38.00306,14.79023
083031,Gallodoro,ME,Sicilia,25,673,0,37.90474,15.3057
083032,Giardini-Naxos,ME,Sicilia,0,203,0,37.82399,15.26252
083033,Gioiosa Marea,ME,Sicilia,0,1013,0,38.15767,14.92038
083034,Graniti,ME,Sicilia,88,1175,0,37.88987,15.21473
083035,Gualtieri Sicaminò,ME,Sicilia,65,831,0,38.13565,15.3376
083036,Itala,ME,Sicilia,0,1245,0,38.05265,15.42881
083037,Leni,ME,Sicilia,0,962,0,38.55657,14.82662
083038,Letojanni,ME,Sicilia,0,462,0,37.89087,15.30806
083039,Librizzi,ME,Sicilia,93,1088,0,38.08509,14.96466
083040,Limina,ME,Sicilia,104,850,0,37.9444,15.27427
083041,Lipari,ME,Sicilia,0,924,0,38.52722,14.91784
083042,Longi,ME,Sicilia,336,1736,0,37.96027,14.75241
083043,Malfa,ME,Sicilia,0,860,0,38.57476,14.83146
083044,Malvagna,ME,Sicilia,481,1312,0,37.92622,15.05161
083045,Mandanici,ME,Sicilia,200,1216,0,38.01204,15.32682
083046,Mazzarrà Sant'Andrea,ME,Sicilia,55,715,0,38.08032,15.13221
083047,Merì,ME,Sicilia,46,231,0,38.16252,15.25467
083048,Messina,ME,Sicilia,0,1107,219948,38.19101,15.51048
083049,Milazzo,ME,Sicilia,0,135,31771,38.20464,15.24324
083050,Militello Rosmarino,ME,Sicilia,93,1500,0,38.00067,14.66024
083051,Mirto,ME,Sicilia,39,681,0,38.09025,14.74926
083052,Mistretta,ME,Sicilia,134,1575,0,37.90312,14.36829
083053,Moio Alcantara,ME,Sicilia,513,1165,0,37.91008,15.04028
083054,Monforte San Giorgio,ME,Sicilia,2,1079,0,38.13568,15.3949
083055,Mongiuffi Melia,ME,Sicilia,187,1007,0,37.90507,15.25757
083056,Montagnareale,ME,Sicilia,121,1089,0,38.11973,14.93779
083057,Montalbano Elicona,ME,Sicilia,144,1350,0,38.01656,15.01955
083058,Motta Camastra,ME,Sicilia,104,1369,0,37.9051,15.18746
083059,Motta d'Affermo,ME,Sicilia,0,924,0,37.99227,14.30716
083060,Naso,ME,Sicilia,1,584,0,38.12149,14.77414
083061,Nizza di Sicilia,ME,Sicilia,0,1184,0,38.01506,15.36376
083062,Novara di Sicilia,ME,Sicilia,176,1273,0,38.01619,15.12909
083063,Oliveri,ME,Sicilia,0,570,0,38.11153,15.04538
083064,Pace del Mela,ME,Sicilia,1,300,0,38.18744,15.30477
083065,Pagliara,ME,Sicilia,20,1175,0,37.99927,15.33133
083066,Patti,ME,Sicilia,0,803,0,38.12383,14.99964
083067,Pettineo,ME,Sicilia,44,1112,0,37.94983,14.28409
083068,Piraino,ME,Sicilia,0,683,0,38.15354,14.87111
083069,Raccuja,ME,Sicilia,354,1367,0,38.02696,14.92013
083070,Reitano,ME,Sicilia,1,979,0,37.98157,14.33901
083071,Roccafiorita,ME,Sicilia,591,975,0,37.93205,15.26389
083072,Roccalumera,ME,Sicilia,0,975,0,37.98925,15.37911
083073,Roccavaldina,ME,Sicilia,47,537,0,38.17791,15.38037
083074,Roccella Valdemone,ME,Sicilia,549,1284,0,37.94415,15.00205
083075,Rodì Milici,ME,Sicilia,10,958,0,38.07902,15.17312
083076,Rometta,ME,Sicilia,1,1075,0,38.17447,15.42103
083077,San Filippo del Mela,ME,Sicilia,1,150,0,38.18323,15.27674
083078,San Fratello,ME,Sicilia,58,1623,0,37.97526,14.61197
083079,San Marco d'Alunzio,ME,Sicilia,75,1262,0,38.05677,14.71052
083080,San Pier Niceto,ME,Sicilia,1,1253,0,38.13198,15.36414
083081,San Piero Patti,ME,Sicilia,243,1265,0,38.03893,14.9621
083082,San Salvatore di Fitalia,ME,Sicilia,83,970,0,38.06367,14.78378
083083,Santa Domenica Vittoria,ME,Sicilia,579,1408,0,37.93406,14.96758
083084,Sant'Agata di Militello,ME,Sicilia,0,1073,0,38.03768,14.64015
083085,Sant'Alessio Siculo,ME,Sicilia,0,450,0,37.92811,15.33171
083086,Santa Lucia del Mela,ME,Sicilia,79,1276,0,38.09745,15.29984
083087,Santa Marina Salina,ME,Sicilia,0,955,0,38.55559,14.85976
083088,Sant'Angelo di Brolo,ME,Sicilia,119,1106,0,38.10301,14.8937
083089,Santa Teresa di Riva,ME,Sicilia,0,844,0,37.95697,15.34587
083090,San Teodoro,ME,Sicilia,665,1371,0,37.83511,14.6945
083091,Santo Stefano di Camastra,ME,Sicilia,0,930,0,37.99135,14.3688
083092,Saponara,ME,Sicilia,3,1127,0,38.18732,15.44639
083093,Savoca,ME,Sicilia,19,540,0,37.9529,15.33624
083094,Scaletta Zanclea,ME,Sicilia,0,712,0,38.0527,15.45459
083095,Sinagra,ME,Sicilia,81,1079,0,38.08259,14.84969
083096,Spadafora,ME,Sicilia,0,475,0,38.20561,15.39236
083097,Taormina,ME,Sicilia,0,400,0,37.84546,15.26525
083098,Torregrotta,ME,Sicilia,1,214,0,38.20054,15.35222
083099,Tortorici,ME,Sicilia,304,1660,0,37.99585,14.83932
083100,Tripi,ME,Sicilia,20,1284,0,38.03694,15.08201
083101,Tusa,ME,Sicilia,1,1025,0,37.98456,14.24069
083102,Ucria,ME,Sicilia,353,1413,0,38.02758,14.88479
083103,Valdina,ME,Sicilia,1,307,0,38.20263,15.36321
083104,Venetico,ME,Sicilia,1,361,0,38.20391,15.37372
083105,Villafranca Tirrena,ME,Sicilia,1,853,0,38.22175,15.4569
083106,Terme Vigliatore,ME,Sicilia,1,203,0,38.13103,15.15227
083107,Acquedolci,ME,Sicilia,0,487,0,38.04924,14.58352
083108,Torrenova,ME,Sicilia,1,312,0,38.09415,14.68801
084001,Agrigento,AG,Sicilia,0,674,32514,37.32224,13.56567
084002,Alessandria della Rocca,AG,Sicilia,67,702,0,37.54566,13.4642
084003,Aragona,AG,Sicilia,108,600,0,37.42043,13.61244
084004,Bivona,AG,Sicilia,69,1436,0,37.5778,13.4054
084005,Burgio,AG,Sicilia,150,1135,0,37.61989,13.29771
084006,Calamonaci,AG,Sicilia,72,616,0,37.51819,13.32288
084007,Caltabellotta,AG,Sicilia,28,953,0,37.58322,13.20002
084008,Camastra,AG,Sicilia,148,559,0,37.25101,13.80627
084009,Cammarata,AG,Sicilia,219,1578,0,37.63048,13.69468
084010,Campobello di Licata,AG,Sicilia,18,437,0,37.23673,13.9187
084011,Canicattì,AG,Sicilia,319,653,32918,37.37169,13.83791
084012,Casteltermini,AG,Sicilia,108,812,0,37.52931,13.62753
084013,Castrofilippo,AG,Sicilia,339,556,0,37.35492,13.75286
084014,Cattolica Eraclea,AG,Sicilia,0,628,0,37.42827,13.37926
084015,Cianciana,AG,Sicilia,38,553,0,37.49539,13.4216
084016,Comitini,AG,Sicilia,153,604,0,37.41436,13.65962
084017,Favara,AG,Sicilia,18,526,32110,37.3178,13.67238
084018,Grotte,AG,Sicilia,143,602,0,37.42205,13.68612
084019,Joppolo Giancaxio,AG,Sicilia,119,450,0,37.38205,13.56698
084020,Lampedusa e Linosa,AG,Sicilia,0,195,0,35.58491,12.6413
084021,Licata,AG,Sicilia,0,469,36537,37.15442,13.91903
084022,Lucca Sicula,AG,Sicilia,143,664,0,37.56164,13.32547
084023,Menfi,AG,Sicilia,0,403,0,37.61203,12.96602
084024,Montallegro,AG,Sicilia,0,426,0,37.39134,13.35372
084025,Montevago,AG,Sicilia,43,414,0,37.68844,12.95068
084026,Naro,AG,Sicilia,138,608,0,37.28931,13.82155
084027,Palma di Montechiaro,AG,Sicilia,0,428,22654,37.18197,13.76617
084028,Porto Empedocle,AG,Sicilia,0,348,16574,37.31037,13.50718
084029,Racalmuto,AG,Sicilia,246,721,0,37.40303,13.75067
084030,Raffadali,AG,Sicilia,146,600,0,37.40222,13.52952
084031,Ravanusa,AG,Sicilia,44,419,0,37.24937,13.98548
084032,Realmonte,AG,Sicilia,0,400,0,37.31287,13.45331
084033,Ribera,AG,Sicilia,0,434,17664,37.46672,13.2883
084034,Sambuca di Sicilia,AG,Sicilia,100,1180,0,37.65546,13.11404
084035,San Biagio Platani,AG,Sicilia,68,699,0,37.51161,13.54263
084036,San Giovanni Gemini,AG,Sicilia,278,1567,0,37.61728,13.64948
084037,Santa Elisabetta,AG,Sicilia,246,648,0,37.43965,13.54862
084038,Santa Margherita di Belice,AG,Sicilia,75,464,0,37.69124,13.02574
084039,Sant'Angelo Muxaro,AG,Sicilia,41,652,0,37.46733,13.51721
084040,Santo Stefano Quisquina,AG,Sicilia,148,1346,0,37.60147,13.51333
084041,Sciacca,AG,Sicilia,0,875,40569,37.54344,13.10301
084042,Siculiana,AG,Sicilia,0,412,0,37.36012,13.38751
084043,Villafranca Sicula,AG,Sicilia,94,559,0,37.56512,13.28093
085001,Acquaviva Platani,CL,Sicilia,188,781,0,37.56621,13.69705
085002,Bompensiere,CL,Sicilia,171,580,0,37.46287,13.78497
085003,Butera,CL,Sicilia,0,543,0,37.19175,14.12937
085004,Caltanissetta,CL,Sicilia,182,859,62797,37.47017,14.00845
085005,Campofranco,CL,Sicilia,128,601,0,37.48821,13.70115
085006,Delia,CL,Sicilia,267,488,0,37.35315,13.9195
085007,Gela,CL,Sicilia,0,304,75001,37.09418,14.29355
085008,Marianopoli,CL,Sicilia,293,857,0,37.60061,13.89656
085009,Mazzarino,CL,Sicilia,67,674,0,37.26785,14.24334
085010,Milena,CL,Sicilia,193,661,0,37.45896,13.73933
085011,Montedoro,CL,Sicilia,218,538,0,37.4536,13.82392
085012,Mussomeli,CL,Sicilia,181,899,0,37.55607,13.81697
085013,Niscemi,CL,Sicilia,48,394,26893,37.14074,14.40658
085014,Resuttano,CL,Sicilia,442,886,0,37.68045,14.05055
085015,Riesi,CL,Sicilia,95,493,0,37.29357,14.08976
085016,San Cataldo,CL,Sicilia,218,716,22079,37.49941,13.92714
085017,Santa Caterina Villarmosa,CL,Sicilia,293,826,0,37.59534,14.09044
085018,Serradifalco,CL,Sicilia,219,643,0,37.45279,13.88434
085019,Sommatino,CL,Sicilia,117,436,0,37.32258,14.00609
085020,Sutera,CL,Sicilia,167,738,0,37.5209,13.74565
085021,Vallelunga Pratameno,CL,Sicilia,392,883,0,37.69859,13.80321
085022,Villalba,CL,Sicilia,311,891,0,37.64462,13.86155
086001,Agira,EN,Sicilia,139,824,0,37.60207,14.54701
086002,Aidone,EN,Sicilia,119,896,0,37.42097,14.49765
086003,Assoro,EN,Sicilia,217,901,0,37.57713,14.45133
086004,Barrafranca,EN,Sicilia,240,643,0,37.36038,14.19147
086005,Calascibetta,EN,Sicilia,368,904,0,37.63156,14.24499
086006,Catenanuova,EN,Sicilia,119,297,0,37.57107,14.6942
086007,Centuripe,EN,Sicilia,72,733,0,37.60373,14.75641
086008,Cerami,EN,Sicilia,504,1509,0,37.81827,14.49091
086009,Enna,EN,Sicilia,232,992,22998,37.51887,14.28873
086010,Gagliano Castelferrato,EN,Sicilia,355,1062,0,37.71744,14.53462
086011,Leonforte,EN,Sicilia,310,1037,0,37.64468,14.36567
086012,Nicosia,EN,Sicilia,430,1558,0,37.75954,14.36722
086013,Nissoria,EN,Sicilia,402,1000,0,37.69518,14.44998
086014,Piazza Armerina,EN,Sicilia,220,877,17736,37.38484,14.34858
086015,Pietraperzia,EN,Sicilia,167,643,0,37.40882,14.13068
086016,Regalbuto,EN,Sicilia,142,1142,0,37.65564,14.63852
086017,Sperlinga,EN,Sicilia,530,1196,0,37.75428,14.31431
086018,Troina,EN,Sicilia,256,1242,0,37.76546,14.64071
086019,Valguarnera Caropepe,EN,Sicilia,311,721,0,37.5097,14.39108
086020,Villarosa,EN,Sicilia,294,761,0,37.59303,14.1776
087001,Aci Bonaccorsi,CT,Sicilia,339,377,0,37.59547,15.10817
087002,Aci Castello,CT,Sicilia,0,269,17588,37.55616,15.13942
087003,Aci Catena,CT,Sicilia,71,293,24663,37.5854,15.14263
087004,Acireale,CT,Sicilia,0,437,49477,37.6343,15.16078
087005,Aci Sant'Antonio,CT,Sicilia,225,597,0,37.6242,15.11766
087006,Adrano,CT,Sicilia,145,3300,34446,37.69464,14.85715
087007,Belpasso,CT,Sicilia,17,3311,16319,37.5287,14.93733
087008,Biancavilla,CT,Sicilia,100,3323,23188,37.67048,14.90068
087009,Bronte,CT,Sicilia,374,3287,19074,37.80521,14.83951
087010,Calatabiano,CT,Sicilia,2,748,0,37.82132,15.21268
087011,Caltagirone,CT,Sicilia,50,775,38391,37.19087,14.51204
087012,Camporotondo Etneo,CT,Sicilia,250,500,0,37.55225,15.00355
087013,Castel di Iudica,CT,Sicilia,65,765,0,37.50871,14.68009
087014,Castiglione di Sicilia,CT,Sicilia,65,3319,0,37.85588,15.08394
087015,Catania,CT,Sicilia,0,379,311584,37.44218,15.03587
087016,Fiumefreddo di Sicilia,CT,Sicilia,2,289,0,37.78853,15.20715
087017,Giarre,CT,Sicilia,12,604,24138,37.71867,15.16795
087018,Grammichele,CT,Sicilia,195,564,0,37.22511,14.61388
087019,Gravina di Catania,CT,Sicilia,186,395,26524,37.55479,15.06287
087020,Licodia Eubea,CT,Sicilia,193,907,0,37.13851,14.67771
087021,Linguaglossa,CT,Sicilia,395,2837,0,37.81226,15.09252
087022,Maletto,CT,Sicilia,862,3260,0,37.80188,14.91338
087023,Mascali,CT,Sicilia,1,967,0,37.76648,15.16703
087024,Mascalucia,CT,Sicilia,324,689,32179,37.58702,15.03999
087025,Militello in Val di Catania,CT,Sicilia,93,656,0,37.28057,14.78809
087026,Milo,CT,Sicilia,296,1808,0,37.73507,15.10309
087027,Mineo,CT,Sicilia,68,679,0,37.30506,14.64181
087028,Mirabella Imbaccari,CT,Sicilia,244,581,0,37.31929,14.4617
087029,Misterbianco,CT,Sicilia,23,325,45542,37.50407,15.01285
087030,Motta Sant'Anastasia,CT,Sicilia,20,325,0,37.49601,14.96632
087031,Nicolosi,CT,Sicilia,595,3300,0,37.65554,15.01374
087032,Palagonia,CT,Sicilia,39,497,16227,37.3504,14.76782
087033,Paternò,CT,Sicilia,34,518,46030,37.5327,14.85609
087034,Pedara,CT,Sicilia,427,1487,0,37.63909,15.05193
087035,Piedimonte Etneo,CT,Sicilia,121,2829,0,37.80132,15.13973
087036,Raddusa,CT,Sicilia,215,516,0,37.49366,14.53408
087037,Ramacca,CT,Sicilia,25,560,0,37.43676,14.69976
087038,Randazzo,CT,Sicilia,256,3300,0,37.84818,14.90127
087039,Riposto,CT,Sicilia,0,168,0,37.70287,15.1984
087040,San Cono,CT,Sicilia,420,646,0,37.29114,14.36566
087041,San Giovanni la Punta,CT,Sicilia,159,439,22046,37.57704,15.09282
087042,San Gregorio di Catania,CT,Sicilia,89,359,0,37.55793,15.10907
087043,San Michele di Ganzaria,CT,Sicilia,294,791,0,37.27789,14.4244
087044,San Pietro Clarenza,CT,Sicilia,312,525,0,37.56675,15.02261
087045,Sant'Agata li Battiati,CT,Sicilia,152,350,0,37.55384,15.08147
087046,Sant'Alfio,CT,Sicilia,308,3257,0,37.7608,15.09076
087047,Santa Maria di Licodia,CT,Sicilia,172,1168,0,37.62472,14.89741
087048,Santa Venerina,CT,Sicilia,143,536,0,37.68313,15.14228
087049,Scordia,CT,Sicilia,54,326,16645,37.30092,14.84981
087050,Trecastagni,CT,Sicilia,409,1475,0,37.64818,15.07214
087051,Tremestieri Etneo,CT,Sicilia,72,508,0,37.57429,15.07362
087052,Valverde,CT,Sicilia,225,380,0,37.57971,15.12319
087053,Viagrande,CT,Sicilia,352,678,0,37.62233,15.09561
087054,Vizzini,CT,Sicilia,207,904,0,37.18098,14.77535
087055,Zafferana Etnea,CT,Sicilia,340,3300,0,37.70987,15.0632
087056,Mazzarrone,CT,Sicilia,120,349,0,37.08611,14.56382
087057,Maniace,CT,Sicilia,617,1413,0,37.87671,14.78659
087058,Ragalna,CT,Sicilia,438,2830,0,37.66,14.95262
088001,Acate,RG,Sicilia,0,269,0,37.01151,14.44199
088002,Chiaramonte Gulfi,RG,Sicilia,119,906,0,37.04446,14.65426
088003,Comiso,RG,Sicilia,49,602,26298,36.96387,14.59424
088004,Giarratana,RG,Sicilia,432,971,0,37.06324,14.80441
088005,Ispica,RG,Sicilia,0,309,0,36.75921,14.93298
088006,Modica,RG,Sicilia,0,584,54456,36.85378,14.82275
088007,Monterosso Almo,RG,Sicilia,328,910,0,37.07689,14.74123
088008,Pozzallo,RG,Sicilia,0,154,18166,36.73869,14.85825
088009,Ragusa,RG,Sicilia,0,863,74251,36.90699,14.66409
088010,Santa Croce Camerina,RG,Sicilia,0,237,0,36.82083,14.52142
088011,Scicli,RG,Sicilia,0,385,16109,36.77649,14.69797
088012,Vittoria,RG,Sicilia,0,261,50852,36.95681,14.49621
089001,Augusta,SR,Sicilia,0,219,30723,37.2623,15.14907
089002,Avola,SR,Sicilia,0,521,28666,36.92714,15.11916
089003,Buccheri,SR,Sicilia,112,986,0,37.15526,14.87009
089004,Buscemi,SR,Sicilia,394,981,0,37.08846,14.86991
089005,Canicattini Bagni,SR,Sicilia,169,485,0,37.03505,15.08144
089006,Carlentini,SR,Sicilia,0,870,0,37.25187,14.99702
089007,Cassaro,SR,Sicilia,283,652,0,37.10148,14.95652
089008,Ferla,SR,Sicilia,394,884,0,37.13358,14.93254
089009,Floridia,SR,Sicilia,73,583,22089,37.08093,15.1155
089010,Francofonte,SR,Sicilia,29,661,0,37.22693,14.86629
089011,Lentini,SR,Sicilia,11,406,24102,37.3317,14.91706
089012,Melilli,SR,Sicilia,0,535,0,37.21086,15.09968
089013,Noto,SR,Sicilia,0,717,18421,36.91221,15.02001
089014,Pachino,SR,Sicilia,0,71,20493,36.70554,15.07691
089015,Palazzolo Acreide,SR,Sicilia,218,771,0,37.06676,14.96036
089016,Rosolini,SR,Sicilia,65,478,19721,36.86442,14.90974
089017,Siracusa,SR,Sicilia,0,345,121605,37.03929,15.21372
089018,Solarino,SR,Sicilia,107,390,0,37.10267,15.11018
089019,Sortino,SR,Sicilia,97,723,0,37.14018,15.03783
089020,Portopalo di Capo Passero,SR,Sicilia,0,53,0,36.67278,15.10099
089021,Priolo Gargallo,SR,Sicilia,0,479,0,37.13859,15.17151
090001,Aggius,SS,Sardegna,,,0,40.96761,9.02774
090002,Alà dei Sardi,SS,Sardegna,,,0,40.67885,9.34309
090003,Alghero,SS,Sardegna,0,436,34261,40.59992,8.29884
090004,Anela,SS,Sardegna,240,1158,0,40.4533,9.03158
090005,Ardara,SS,Sardegna,215,483,0,40.62879,8.82165
090006,Arzachena,SS,Sardegna,,,0,41.09076,9.41125
090007,Banari,SS,Sardegna,168,583,0,40.58005,8.67507
090008,Benetutti,SS,Sardegna,248,729,0,40.43013,9.16556
090009,Berchidda,SS,Sardegna,,,0,40.79064,9.20825
090010,Bessude,SS,Sardegna,275,690,0,40.5533,8.67615
090011,Bonnanaro,SS,Sardegna,267,668,0,40.54428,8.77623
090012,Bono,SS,Sardegna,225,1258,0,40.41633,9.03793
090013,Bonorva,SS,Sardegna,316,790,0,40.43,8.83797
090014,Bortigiadas,SS,Sardegna,,,0,40.88085,8.99262
090015,Borutta,SS,Sardegna,390,730,0,40.52543,8.7429
090016,Bottidda,SS,Sardegna,198,1195,0,40.39438,9.0191
090017,Buddusò,SS,Sardegna,,,0,40.59819,9.26022
090018,Bultei,SS,Sardegna,241,1141,0,40.48777,9.08297
090019,Bulzi,SS,Sardegna,75,359,0,40.85555,8.85027
090020,Burgos,SS,Sardegna,216,1027,0,40.40012,8.98131
090021,Calangianus,SS,Sardegna,,,0,40.90621,9.24199
090022,Cargeghe,SS,Sardegna,154,511,0,40.67806,8.63812
090023,Castelsardo,SS,Sardegna,0,400,0,40.89311,8.71912
090024,Cheremule,SS,Sardegna,245,676,0,40.49088,8.70579
090025,Chiaramonti,SS,Sardegna,74,638,0,40.73287,8.84582
090026,Codrongianos,SS,Sardegna,175,532,0,40.66713,8.68907
090027,Cossoine,SS,Sardegna,165,717,0,40.44325,8.67621
090028,Esporlatu,SS,Sardegna,214,961,0,40.37997,8.98113
090029,Florinas,SS,Sardegna,143,520,0,40.62616,8.65517
090030,Giave,SS,Sardegna,250,715,0,40.46385,8.72409
090031,Illorai,SS,Sardegna,168,981,0,40.35663,8.9891
090032,Ittireddu,SS,Sardegna,235,636,0,40.53225,8.90338
090033,Ittiri,SS,Sardegna,72,635,0,40.58695,8.55612
090034,Laerru,SS,Sardegna,58,450,0,40.81247,8.84145
090035,La Maddalena,SS,Sardegna,,,0,41.22737,9.42113
090036,Luogosanto,SS,Sardegna,,,0,41.06536,9.21238
090037,Luras,SS,Sardegna,,,0,40.98149,9.19091
090038,Mara,SS,Sardegna,160,617,0,40.43736,8.63547
090039,Martis,SS,Sardegna,70,379,0,40.78364,8.82468
090040,Monteleone Rocca Doria,SS,Sardegna,168,421,0,40.47131,8.55495
090041,Monti,SS,Sardegna,,,0,40.79673,9.35688
090042,Mores,SS,Sardegna,217,730,0,40.5566,8.84613
090043,Muros,SS,Sardegna,125,450,0,40.69631,8.61705
090044,Nughedu San Nicolò,SS,Sardegna,292,847,0,40.52622,8.98581
090045,Nule,SS,Sardegna,325,766,0,40.48364,9.22004
090046,Nulvi,SS,Sardegna,175,627,0,40.79725,8.75544
090047,Olbia,SS,Sardegna,,,60345,40.92319,9.47992
090048,Olmedo,SS,Sardegna,5,252,0,40.65076,8.3836
090049,Oschiri,SS,Sardegna,,,0,40.72717,9.10176
090050,Osilo,SS,Sardegna,71,766,0,40.76148,8.67622
090051,Ossi,SS,Sardegna,75,525,0,40.65412,8.60365
090052,Ozieri,SS,Sardegna,164,745,0,40.63546,8.95266
090053,Padria,SS,Sardegna,125,414,0,40.40288,8.58988
090054,Palau,SS,Sardegna,,,0,41.1681,9.35614
090055,Pattada,SS,Sardegna,221,1093,0,40.59167,9.12203
090056,Perfugas,SS,Sardegna,24,448,0,40.83237,8.93044
090057,Ploaghe,SS,Sardegna,240,719,0,40.67742,8.7548
090058,Porto Torres,SS,Sardegna,0,403,21653,40.93748,8.3232
090059,Pozzomaggiore,SS,Sardegna,163,665,0,40.361,8.64711
090060,Putifigari,SS,Sardegna,19,514,0,40.56964,8.44528
090061,Romana,SS,Sardegna,150,476,0,40.48586,8.5797
090062,Aglientu,SS,Sardegna,,,0,41.09594,9.10798
090063,Santa Teresa Gallura,SS,Sardegna,,,0,41.2027,9.22652
090064,Sassari,SS,Sardegna,0,489,91895,40.74473,8.36414
090065,Sedini,SS,Sardegna,25,463,0,40.86422,8.80125
090066,Semestene,SS,Sardegna,325,660,0,40.37448,8.71661
090067,Sennori,SS,Sardegna,19,431,0,40.80054,8.62255
090068,Siligo,SS,Sardegna,219,734,0,40.59411,8.74068
090069,Sorso,SS,Sardegna,0,364,0,40.82003,8.57748
090070,Tempio Pausania,SS,Sardegna,,,0,40.95014,9.13634
090071,Thiesi,SS,Sardegna,201,728,0,40.51915,8.65472
090072,Tissi,SS,Sardegna,69,384,0,40.66766,8.56592
090073,Torralba,SS,Sardegna,300,540,0,40.49816,8.79184
090074,Trinità d'Agultu e Vignola,SS,Sardegna,,,0,41.02634,8.9654
090075,Tula,SS,Sardegna,71,701,0,40.74361,8.9897
090076,Uri,SS,Sardegna,36,276,0,40.63385,8.46681
090077,Usini,SS,Sardegna,43,287,0,40.66563,8.52757
090078,Villanova Monteleone,SS,Sardegna,0,717,0,40.47282,8.47195
090079,Valledoria,SS,Sardegna,0,207,0,40.91993,8.81975
090080,Telti,SS,Sardegna,,,0,40.89533,9.35742
090081,Badesi,SS,Sardegna,,,0,40.95629,8.87969
090082,Viddalba,SS,Sardegna,3,911,0,40.92118,8.9329
090083,Golfo Aranci,SS,Sardegna,,,0,40.98802,9.57394
090084,Loiri Porto San Paolo,SS,Sardegna,,,0,40.83532,9.55896
090085,Sant'Antonio di Gallura,SS,Sardegna,,,0,40.97739,9.32628
090086,Tergu,SS,Sardegna,93,508,0,40.85534,8.70636
090087,Santa Maria Coghinas,SS,Sardegna,4,376,0,40.89397,8.86914
090088,Erula,SS,Sardegna,74,681,0,40.78369,8.93877
090089,Stintino,SS,Sardegna,0,189,0,40.88955,8.22726
090090,Padru,SS,Sardegna,,,0,40.72159,9.51007
090091,Budoni,SS,Sardegna,,,0,40.70435,9.68468
090092,San Teodoro,SS,Sardegna,,,0,40.77438,9.63896
091001,Aritzo,NU,Sardegna,424,1459,0,39.93995,9.20305
091002,Arzana,NU,Sardegna,,,0,39.87519,9.45319
091003,Atzara,NU,Sardegna,217,786,0,39.97659,9.05934
091004,Austis,NU,Sardegna,129,951,0,40.08406,9.06234
091005,Bari Sardo,NU,Sardegna,,,0,39.83709,9.65512
091006,Baunei,NU,Sardegna,,,0,40.09923,9.63164
091007,Belvì,NU,Sardegna,410,1035,0,39.96902,9.15649
091008,Birori,NU,Sardegna,321,782,0,40.25269,8.82254
091009,Bitti,NU,Sardegna,72,1018,0,40.54564,9.39168
091010,Bolotana,NU,Sardegna,147,1200,0,40.32081,8.94835
091011,Borore,NU,Sardegna,334,738,0,40.21397,8.78114
091012,Bortigali,NU,Sardegna,324,1030,0,40.30541,8.8272
091016,Desulo,NU,Sardegna,558,1828,0,40.00884,9.25403
091017,Dorgali,NU,Sardegna,0,1063,0,40.29603,9.55676
091018,Dualchi,NU,Sardegna,167,358,0,40.2324,8.88895
091019,Elini,NU,Sardegna,,,0,39.90176,9.59499
091024,Fonni,NU,Sardegna,660,1699,0,40.09867,9.28384
091025,Gadoni,NU,Sardegna,295,1165,0,39.88677,9.17406
091026,Gairo,NU,Sardegna,,,0,39.85559,9.49208
091027,Galtellì,NU,Sardegna,6,805,0,40.38211,9.58764
091028,Gavoi,NU,Sardegna,487,1116,0,40.15285,9.21608
091031,Girasole,NU,Sardegna,,,0,39.95365,9.6443
091032,Ilbono,NU,Sardegna,,,0,39.88616,9.59255
091033,Irgoli,NU,Sardegna,6,862,0,40.46667,9.64348
091035,Jerzu,NU,Sardegna,,,0,39.73449,9.54283
091037,Lanusei,NU,Sardegna,,,0,39.79897,9.57556
091038,Lei,NU,Sardegna,178,1137,0,40.31325,8.91561
091039,Loceri,NU,Sardegna,,,0,39.80714,9.60378
091040,Loculi,NU,Sardegna,9,656,0,40.42872,9.58147
091041,Lodè,NU,Sardegna,35,1051,0,40.58457,9.56401
091042,Lotzorai,NU,Sardegna,,,0,39.9757,9.65335
091043,Lula,NU,Sardegna,50,1127,0,40.46779,9.5042
091044,Macomer,NU,Sardegna,388,808,0,40.29181,8.75912
091046,Mamoiada,NU,Sardegna,398,1048,0,40.21011,9.27668
091047,Meana Sardo,NU,Sardegna,175,1083,0,39.92752,9.06781
091050,Noragugume,NU,Sardegna,141,310,0,40.22897,8.95498
091051,Nuoro,NU,Sardegna,95,954,35948,40.33945,9.29957
091055,Oliena,NU,Sardegna,95,1463,0,40.29267,9.44472
091056,Ollolai,NU,Sardegna,287,1117,0,40.17087,9.1806
091057,Olzai,NU,Sardegna,118,921,0,40.17241,9.08744
091058,Onanì,NU,Sardegna,125,941,0,40.53339,9.45135
091059,Onifai,NU,Sardegna,8,687,0,40.43828,9.69282
091060,Oniferi,NU,Sardegna,235,696,0,40.30446,9.16215
091061,Orani,NU,Sardegna,155,1081,0,40.27665,9.17223
091062,Orgosolo,NU,Sardegna,235,1433,0,40.17746,9.38537
091063,Orosei,NU,Sardegna,0,677,0,40.40594,9.72396
091064,Orotelli,NU,Sardegna,169,673,0,40.31706,9.10503
091066,Ortueri,NU,Sardegna,319,751,0,40.02064,8.98777
091067,Orune,NU,Sardegna,96,914,0,40.41815,9.32925
091068,Osidda,NU,Sardegna,425,716,0,40.52128,9.23051
091069,Osini,NU,Sardegna,,,0,39.76728,9.52906
091070,Ottana,NU,Sardegna,143,551,0,40.2265,9.03851
091071,Ovodda,NU,Sardegna,337,1266,0,40.09672,9.17864
091072,Perdasdefogu,NU,Sardegna,,,0,39.66798,9.45386
091073,Posada,NU,Sardegna,0,383,0,40.64394,9.71542
091077,Sarule,NU,Sardegna,225,1080,0,40.21613,9.14003
091083,Silanus,NU,Sardegna,152,1118,0,40.29016,8.89688
091084,Sindia,NU,Sardegna,269,718,0,40.28833,8.67439
091085,Siniscola,NU,Sardegna,0,1054,0,40.54168,9.71654
091086,Sorgono,NU,Sardegna,337,1040,0,40.01777,9.07998
091088,Talana,NU,Sardegna,,,0,40.03109,9.49778
091089,Tertenia,NU,Sardegna,,,0,39.68561,9.59576
091090,Teti,NU,Sardegna,155,952,0,40.12008,9.09894
091091,Tiana,NU,Sardegna,400,1261,0,40.0665,9.15242
091093,Tonara,NU,Sardegna,443,1499,0,40.02171,9.17081
091094,Torpè,NU,Sardegna,4,868,0,40.65232,9.62499
091095,Tortolì,NU,Sardegna,,,0,39.91468,9.66462
091097,Triei,NU,Sardegna,,,0,40.01929,9.62286
091098,Ulassai,NU,Sardegna,,,0,39.7302,9.47613
091099,Urzulei,NU,Sardegna,,,0,40.12699,9.51243
091100,Ussassai,NU,Sardegna,,,0,39.81748,9.40441
091101,Villagrande Strisaili,NU,Sardegna,,,0,39.99311,9.44284
091103,Cardedu,NU,Sardegna,,,0,39.77118,9.63895
091104,Lodine,NU,Sardegna,643,911,0,40.14692,9.23187
092003,Assemini,CA,Sardegna,0,1107,25257,39.21099,8.95668
092009,Cagliari,CA,Sardegna,0,139,149257,39.22457,9.08841
092011,Capoterra,CA,Sardegna,0,740,0,39.14632,8.9696
092015,Decimomannu,CA,Sardegna,4,267,0,39.29813,8.93127
092037,Maracalagonis,CA,Sardegna,0,808,0,39.2331,9.37237
092050,Pula,CA,Sardegna,0,967,0,39.00753,8.92302
092051,Quartu Sant'Elena,CA,Sardegna,0,778,66620,39.22669,9.29279
092066,Sarroch,CA,Sardegna,0,666,0,39.07864,8.97999
092068,Selargius,CA,Sardegna,2,123,23285,39.27982,9.14036
092074,Sestu,CA,Sardegna,18,124,18191,39.31588,9.08325
092075,Settimo San Pietro,CA,Sardegna,29,296,0,39.30812,9.16756
092080,Sinnai,CA,Sardegna,0,1067,15791,39.30701,9.33566
092090,Uta,CA,Sardegna,2,1049,0,39.22805,8.91685
092099,Villa San Pietro,CA,Sardegna,7,969,0,39.06281,8.92997
092105,Quartucciu,CA,Sardegna,2,726,0,39.25817,9.26441
092108,Elmas,CA,Sardegna,0,33,0,39.26281,9.05341
092109,Monserrato,CA,Sardegna,2,58,20193,39.26585,9.13342
093001,Andreis,PN,Friuli-Venezia Giulia,390,2024,0,46.20985,12.62188
093002,Arba,PN,Friuli-Venezia Giulia,165,253,0,46.14655,12.79927
093004,Aviano,PN,Friuli-Venezia Giulia,94,2225,0,46.08897,12.58337
093005,Azzano Decimo,PN,Friuli-Venezia Giulia,5,20,0,45.88229,12.69144
093006,Barcis,PN,Friuli-Venezia Giulia,325,2200,0,46.19098,12.52563
093007,Brugnera,PN,Friuli-Venezia Giulia,11,28,0,45.90399,12.55217
093008,Budoia,PN,Friuli-Venezia Giulia,50,1838,0,46.06315,12.51593
093009,Caneva,PN,Friuli-Venezia Giulia,22,1375,0,45.99436,12.44758
093010,Casarsa della Delizia,PN,Friuli-Venezia Giulia,25,52,0,45.94947,12.83419
093011,Castelnovo del Friuli,PN,Friuli-Venezia Giulia,145,1062,0,46.20979,12.88884
093012,Cavasso Nuovo,PN,Friuli-Venezia Giulia,209,527,0,46.18912,12.78107
093013,Chions,PN,Friuli-Venezia Giulia,8,27,0,45.86491,12.75148
093014,Cimolais,PN,Friuli-Venezia Giulia,568,2675,0,46.32815,12.46033
093015,Claut,PN,Friuli-Venezia Giulia,466,2456,0,46.28634,12.53677
093016,Clauzetto,PN,Friuli-Venezia Giulia,247,1355,0,46.25163,12.89905
093017,Cordenons,PN,Friuli-Venezia Giulia,25,156,15962,46.00475,12.72854
093018,Cordovado,PN,Friuli-Venezia Giulia,9,21,0,45.84261,12.89504
093019,Erto e Casso,PN,Friuli-Venezia Giulia,650,2650,0,46.27287,12.37122
093020,Fanna,PN,Friuli-Venezia Giulia,209,500,0,46.17474,12.75983
093021,Fiume Veneto,PN,Friuli-Venezia Giulia,14,36,0,45.92277,12.73742
093022,Fontanafredda,PN,Friuli-Venezia Giulia,22,101,0,45.9833,12.55113
093024,Frisanco,PN,Friuli-Venezia Giulia,245,2025,0,46.22592,12.68865
093025,Maniago,PN,Friuli-Venezia Giulia,172,1325,0,46.1436,12.7207
093026,Meduno,PN,Friuli-Venezia Giulia,211,1102,0,46.22522,12.78855
093027,Montereale Valcellina,PN,Friuli-Venezia Giulia,170,1630,0,46.13171,12.65006
093028,Morsano al Tagliamento,PN,Friuli-Venezia Giulia,8,26,0,45.85766,12.94037
093029,Pasiano di Pordenone,PN,Friuli-Venezia Giulia,7,17,0,45.8557,12.62241
093030,Pinzano al Tagliamento,PN,Friuli-Venezia Giulia,121,453,0,46.17667,12.93193
093031,Polcenigo,PN,Friuli-Venezia Giulia,25,1515,0,46.04119,12.47376
093032,Porcia,PN,Friuli-Venezia Giulia,16,67,0,45.9467,12.60673
093033,Pordenone,PN,Friuli-Venezia Giulia,15,86,49878,45.95382,12.65717
093034,Prata di Pordenone,PN,Friuli-Venezia Giulia,9,20,0,45.87694,12.57985
093035,Pravisdomini,PN,Friuli-Venezia Giulia,7,13,0,45.81735,12.68216
093036,Roveredo in Piano,PN,Friuli-Venezia Giulia,52,133,0,46.01193,12.60951
093037,Sacile,PN,Friuli-Venezia Giulia,13,40,16626,45.94594,12.50473
093038,San Giorgio della Richinvelda,PN,Friuli-Venezia Giulia,53,125,0,46.04635,12.84842
093039,San Martino al Tagliamento,PN,Friuli-Venezia Giulia,59,89,0,46.01869,12.87613
093040,San Quirino,PN,Friuli-Venezia Giulia,54,193,0,46.03791,12.68376
093041,San Vito al Tagliamento,PN,Friuli-Venezia Giulia,18,51,0,45.91443,12.86164
093042,Sequals,PN,Friuli-Venezia Giulia,156,375,0,46.15812,12.84781
093043,Sesto al Reghena,PN,Friuli-Venezia Giulia,9,25,0,45.86253,12.83865
093044,Spilimbergo,PN,Friuli-Venezia Giulia,86,178,0,46.10806,12.87662
093045,Tramonti di Sopra,PN,Friuli-Venezia Giulia,300,2283,0,46.30437,12.72007
093046,Tramonti di Sotto,PN,Friuli-Venezia Giulia,318,1886,0,46.28953,12.8351
093047,Travesio,PN,Friuli-Venezia Giulia,186,1149,0,46.20485,12.84843
093049,Vito d'Asio,PN,Friuli-Venezia Giulia,145,1467,0,46.27817,12.9439
093050,Vivaro,PN,Friuli-Venezia Giulia,79,197,0,46.08292,12.7792
093051,Zoppola,PN,Friuli-Venezia Giulia,13,74,0,45.97147,12.77804
093052,Vajont,PN,Friuli-Venezia Giulia,247,296,0,46.14345,12.69161
093053,Valvasone Arzene,PN,Friuli-Venezia Giulia,,,0,45.98937,12.86321
094001,Acquaviva d'Isernia,IS,Molise,575,1202,0,41.67985,14.14037
094002,Agnone,IS,Molise,396,1386,0,41.801,14.36028
094003,Bagnoli del Trigno,IS,Molise,343,783,0,41.69934,14.47663
094004,Belmonte del Sannio,IS,Molise,450,1300,0,41.84111,14.41252
094005,Cantalupo nel Sannio,IS,Molise,514,985,0,41.52459,14.3878
094006,Capracotta,IS,Molise,796,1735,0,41.82668,14.28177
094007,Carovilli,IS,Molise,698,1200,0,41.70891,14.29181
094008,Carpinone,IS,Molise,524,1350,0,41.59799,14.33428
094009,Castel del Giudice,IS,Molise,688,1237,0,41.85175,14.22944
094010,Castelpetroso,IS,Molise,572,1389,0,41.55382,14.33188
094011,Castelpizzuto,IS,Molise,699,1389,0,41.52397,14.29942
094012,Castel San Vincenzo,IS,Molise,500,2001,0,41.65418,14.04374
094013,Castelverrino,IS,Molise,400,1000,0,41.7689,14.38855
094014,Cerro al Volturno,IS,Molise,370,1250,0,41.65968,14.11114
094015,Chiauci,IS,Molise,624,1025,0,41.68127,14.37348
094016,Civitanova del Sannio,IS,Molise,317,1403,0,41.68268,14.41919
094017,Colli a Volturno,IS,Molise,243,1013,0,41.59152,14.10742
094018,Conca Casale,IS,Molise,475,1054,0,41.49989,14.00881
094019,Filignano,IS,Molise,366,1540,0,41.56552,14.04338
094020,Forlì del Sannio,IS,Molise,393,1130,0,41.6879,14.18431
094021,Fornelli,IS,Molise,268,1002,0,41.61429,14.14405
094022,Frosolone,IS,Molise,521,1389,0,41.6108,14.44034
094023,Isernia,IS,Molise,299,903,16945,41.60723,14.21619
094024,Longano,IS,Molise,424,1349,0,41.51608,14.25084
094025,Macchia d'Isernia,IS,Molise,245,675,0,41.57428,14.1709
094026,Macchiagodena,IS,Molise,499,1361,0,41.55701,14.42008
094027,Miranda,IS,Molise,470,1313,0,41.64138,14.25513
094028,Montaquila,IS,Molise,195,1035,0,41.55151,14.11059
094029,Montenero Val Cocchiara,IS,Molise,799,1253,0,41.70964,14.08017
094030,Monteroduni,IS,Molise,190,1125,0,41.51804,14.1689
094031,Pesche,IS,Molise,474,1103,0,41.61391,14.28583
094032,Pescolanciano,IS,Molise,645,1378,0,41.692,14.34156
094033,Pescopennataro,IS,Molise,855,1590,0,41.87275,14.31079
094034,Pettoranello del Molise,IS,Molise,518,1125,0,41.56505,14.28025
094035,Pietrabbondante,IS,Molise,349,1203,0,41.73795,14.39413
094036,Pizzone,IS,Molise,599,2155,0,41.67852,14.00942
094037,Poggio Sannita,IS,Molise,299,753,0,41.76755,14.44327
094038,Pozzilli,IS,Molise,115,811,0,41.51684,14.07164
094039,Rionero Sannitico,IS,Molise,572,1303,0,41.72277,14.14791
094040,Roccamandolfi,IS,Molise,593,2038,0,41.48472,14.33905
094041,Roccasicura,IS,Molise,444,1210,0,41.69415,14.23822
094042,Rocchetta a Volturno,IS,Molise,343,2003,0,41.62949,14.05779
094043,San Pietro Avellana,IS,Molise,740,1725,0,41.80958,14.19793
094044,Sant'Agapito,IS,Molise,331,1077,0,41.54454,14.21565
094045,Santa Maria del Molise,IS,Molise,557,1375,0,41.55789,14.36593
094046,Sant'Angelo del Pesco,IS,Molise,597,1557,0,41.88099,14.26939
094047,Sant'Elena Sannita,IS,Molise,549,1086,0,41.57222,14.46763
094048,Scapoli,IS,Molise,365,1752,0,41.59883,14.04562
094049,Sessano del Molise,IS,Molise,699,1367,0,41.64109,14.32873
094050,Sesto Campano,IS,Molise,131,1178,0,41.4208,14.06281
094051,Vastogirardi,IS,Molise,618,1385,0,41.75884,14.25207
094052,Venafro,IS,Molise,120,1185,0,41.46892,14.04111
095001,Abbasanta,OR,Sardegna,275,480,0,40.14022,8.76991
095002,Aidomaggiore,OR,Sardegna,95,383,0,40.17896,8.84671
095003,Albagiara,OR,Sardegna,175,491,0,39.80097,8.87368
095004,Ales,OR,Sardegna,135,789,0,39.77403,8.8047
095005,Allai,OR,Sardegna,50,672,0,39.94918,8.85614
095006,Arborea,OR,Sardegna,0,19,0,39.7721,8.57583
095007,Ardauli,OR,Sardegna,96,641,0,40.08281,8.91495
095008,Assolo,OR,Sardegna,190,530,0,39.81012,8.90784
095009,Asuni,OR,Sardegna,100,575,0,39.8723,8.94823
095010,Baradili,OR,Sardegna,150,276,0,39.72646,8.89457
095011,Baratili San Pietro,OR,Sardegna,1,11,0,39.98245,8.56907
095012,Baressa,OR,Sardegna,109,357,0,39.71313,8.87
095013,Bauladu,OR,Sardegna,15,206,0,40.0244,8.68221
095014,Bidonì,OR,Sardegna,99,339,0,40.1313,8.93728
095015,Bonarcado,OR,Sardegna,94,785,0,40.0967,8.66214
095016,Boroneddu,OR,Sardegna,118,276,0,40.10845,8.8679
095017,Busachi,OR,Sardegna,36,545,0,40.00918,8.88562
095018,Cabras,OR,Sardegna,0,90,0,39.93463,8.4656
095019,Cuglieri,OR,Sardegna,0,1032,0,40.14978,8.52951
095020,Fordongianus,OR,Sardegna,20,673,0,39.99177,8.8142
095021,Ghilarza,OR,Sardegna,95,315,0,40.09092,8.84088
095022,Gonnoscodina,OR,Sardegna,90,357,0,39.69993,8.83921
095023,Gonnosnò,OR,Sardegna,131,510,0,39.76026,8.86988
095024,Gonnostramatza,OR,Sardegna,64,356,0,39.67571,8.82595
095025,Marrubiu,OR,Sardegna,2,788,0,39.77677,8.6696
095026,Masullas,OR,Sardegna,43,465,0,39.70655,8.76695
095027,Milis,OR,Sardegna,26,199,0,40.04846,8.64051
095028,Mogorella,OR,Sardegna,175,455,0,39.8699,8.85847
095029,Mogoro,OR,Sardegna,21,230,0,39.66486,8.74625
095030,Morgongiori,OR,Sardegna,88,807,0,39.75494,8.74395
095031,Narbolia,OR,Sardegna,0,474,0,40.04814,8.53994
095032,Neoneli,OR,Sardegna,200,841,0,40.06498,8.98127
095033,Norbello,OR,Sardegna,175,434,0,40.16178,8.80025
095034,Nughedu Santa Vittoria,OR,Sardegna,115,816,0,40.11107,8.9841
095035,Nurachi,OR,Sardegna,0,13,0,39.96667,8.54231
095036,Nureci,OR,Sardegna,238,556,0,39.81054,8.96353
095037,Ollastra,OR,Sardegna,5,380,0,39.95926,8.7571
095038,Oristano,OR,Sardegna,0,215,31671,39.90933,8.61439
095039,Palmas Arborea,OR,Sardegna,1,730,0,39.8537,8.69057
095040,Pau,OR,Sardegna,196,742,0,39.80084,8.77985
095041,Paulilatino,OR,Sardegna,40,376,0,40.06921,8.74694
095042,Pompu,OR,Sardegna,112,263,0,39.72784,8.79678
095043,Riola Sardo,OR,Sardegna,0,44,0,39.99168,8.4925
095044,Ruinas,OR,Sardegna,75,525,0,39.90579,8.88634
095045,Samugheo,OR,Sardegna,75,547,0,39.94813,8.94853
095046,San Nicolò d'Arcidano,OR,Sardegna,3,33,0,39.66694,8.65305
095047,Santa Giusta,OR,Sardegna,0,783,0,39.8446,8.62922
095048,Villa Sant'Antonio,OR,Sardegna,125,372,0,39.85792,8.8997
095049,Santu Lussurgiu,OR,Sardegna,272,1050,0,40.15829,8.66612
095050,San Vero Milis,OR,Sardegna,0,58,0,40.02166,8.5021
095051,Scano di Montiferro,OR,Sardegna,246,947,0,40.22261,8.61989
095052,Sedilo,OR,Sardegna,95,375,0,40.18095,8.94037
095053,Seneghe,OR,Sardegna,25,815,0,40.0872,8.58793
095054,Senis,OR,Sardegna,180,516,0,39.82986,8.93726
095055,Sennariolo,OR,Sardegna,96,355,0,40.21659,8.53518
095056,Siamaggiore,OR,Sardegna,5,42,0,39.95293,8.63254
095057,Siamanna,OR,Sardegna,24,666,0,39.90974,8.77819
095058,Simala,OR,Sardegna,104,289,0,39.72645,8.83247
095059,Simaxis,OR,Sardegna,5,70,0,39.92356,8.70087
095060,Sini,OR,Sardegna,174,536,0,39.75393,8.90173
095061,Siris,OR,Sardegna,124,453,0,39.7207,8.76795
095062,Solarussa,OR,Sardegna,6,172,0,39.97161,8.68176
095063,Sorradile,OR,Sardegna,95,552,0,40.13554,8.96279
095064,Tadasuni,OR,Sardegna,95,267,0,40.10601,8.88514
095065,Terralba,OR,Sardegna,0,31,0,39.71485,8.59503
095066,Tramatza,OR,Sardegna,5,44,0,39.99823,8.64541
095067,Tresnuraghes,OR,Sardegna,0,310,0,40.22541,8.49326
095068,Ulà Tirso,OR,Sardegna,50,592,0,40.04532,8.89995
095069,Uras,OR,Sardegna,8,338,0,39.70563,8.69232
095070,Usellus,OR,Sardegna,150,456,0,39.82653,8.83779
095071,Villanova Truschedu,OR,Sardegna,17,376,0,39.99577,8.76133
095072,Villaurbana,OR,Sardegna,44,628,0,39.87087,8.78172
095073,Villa Verde,OR,Sardegna,175,641,0,39.8117,8.80169
095074,Zeddiani,OR,Sardegna,1,28,0,39.98266,8.60132
095075,Zerfaliu,OR,Sardegna,5,131,0,39.97619,8.7197
095076,Siapiccia,OR,Sardegna,22,665,0,39.9354,8.78194
095077,Curcuris,OR,Sardegna,114,328,0,39.74816,8.82924
095078,Soddì,OR,Sardegna,98,277,0,40.13524,8.87591
095079,Bosa,OR,Sardegna,0,802,0,40.34408,8.47824
095080,Flussio,OR,Sardegna,158,372,0,40.25256,8.55042
095082,Laconi,OR,Sardegna,125,887,0,39.86154,9.04903
095083,Magomadas,OR,Sardegna,4,331,0,40.25864,8.51329
095084,Modolo,OR,Sardegna,94,319,0,40.28044,8.53091
095085,Montresta,OR,Sardegna,129,542,0,40.38833,8.50457
095086,Sagama,OR,Sardegna,296,468,0,40.26209,8.59253
095087,Suni,OR,Sardegna,44,434,0,40.30827,8.57686
095088,Tinnura,OR,Sardegna,170,385,0,40.26983,8.56249
096001,Ailoche,BI,Piemonte,394,1772,0,45.71752,8.20037
096002,Andorno Micca,BI,Piemonte,449,2508,0,45.64193,8.00472
096003,Benna,BI,Piemonte,245,312,0,45.51308,8.13796
096004,Biella,BI,Piemonte,317,2368,43030,45.59237,8.02027
096005,Bioglio,BI,Piemonte,361,2478,0,45.65675,8.08288
096006,Borriana,BI,Piemonte,288,350,0,45.50673,8.03812
096007,Brusnengo,BI,Piemonte,225,452,0,45.57229,8.26726
096008,Callabiana,BI,Piemonte,556,2314,0,45.65068,8.06051
096009,Camandona,BI,Piemonte,531,2013,0,45.67017,8.08326
096010,Camburzano,BI,Piemonte,354,529,0,45.5435,7.99986
096012,Candelo,BI,Piemonte,239,356,0,45.53822,8.12399
096013,Caprile,BI,Piemonte,398,2019,0,45.727,8.16609
096014,Casapinta,BI,Piemonte,338,452,0,45.61433,8.19952
096015,Castelletto Cervo,BI,Piemonte,179,234,0,45.51951,8.24311
096016,Cavaglià,BI,Piemonte,199,381,0,45.4025,8.10994
096018,Cerrione,BI,Piemonte,236,487,0,45.47517,8.071
096019,Coggiola,BI,Piemonte,431,2044,0,45.7136,8.15681
096020,Cossato,BI,Piemonte,202,431,0,45.55293,8.18433
096021,Crevacuore,BI,Piemonte,361,1950,0,45.69609,8.2117
096023,Curino,BI,Piemonte,294,786,0,45.63642,8.23701
096024,Donato,BI,Piemonte,479,2334,0,45.5425,7.90824
096025,Dorzano,BI,Piemonte,217,400,0,45.42618,8.10988
096026,Gaglianico,BI,Piemonte,305,368,0,45.5346,8.08075
096027,Gifflenga,BI,Piemonte,178,190,0,45.49458,8.23477
096028,Graglia,BI,Piemonte,364,2359,0,45.57154,7.93883
096030,Magnano,BI,Piemonte,288,634,0,45.46932,8.00372
096031,Massazza,BI,Piemonte,201,275,0,45.48612,8.16317
096032,Masserano,BI,Piemonte,212,441,0,45.56997,8.24211
096033,Mezzana Mortigliengo,BI,Piemonte,346,616,0,45.62912,8.18913
096034,Miagliano,BI,Piemonte,526,622,0,45.61622,8.04265
096035,Mongrando,BI,Piemonte,298,567,0,45.5219,7.99477
096037,Mottalciata,BI,Piemonte,179,286,0,45.503,8.20398
096038,Muzzano,BI,Piemonte,406,1631,0,45.57181,7.96408
096039,Netro,BI,Piemonte,364,1837,0,45.54547,7.94027
096040,Occhieppo Inferiore,BI,Piemonte,335,429,0,45.54439,8.02327
096041,Occhieppo Superiore,BI,Piemonte,409,1500,0,45.57125,7.99619
096042,Pettinengo,BI,Piemonte,443,2565,0,45.66643,8.06374
096043,Piatto,BI,Piemonte,259,1614,0,45.60402,8.1276
096044,Piedicavallo,BI,Piemonte,948,2500,0,45.69681,7.95915
096046,Pollone,BI,Piemonte,466,2555,0,45.60176,7.96379
096047,Ponderano,BI,Piemonte,306,372,0,45.53049,8.05049
096048,Portula,BI,Piemonte,437,1752,0,45.69488,8.14576
096049,Pralungo,BI,Piemonte,424,1325,0,45.60687,8.02308
096050,Pray,BI,Piemonte,375,783,0,45.6731,8.20877
096053,Ronco Biellese,BI,Piemonte,367,650,0,45.58348,8.09411
096054,Roppolo,BI,Piemonte,226,472,0,45.42495,8.0708
096055,Rosazza,BI,Piemonte,849,2167,0,45.67551,7.96243
096056,Sagliano Micca,BI,Piemonte,501,2538,0,45.65232,7.99281
096057,Sala Biellese,BI,Piemonte,399,700,0,45.51035,7.95804
096058,Salussola,BI,Piemonte,188,429,0,45.45162,8.13908
096059,Sandigliano,BI,Piemonte,278,335,0,45.51185,8.0777
096063,Sordevolo,BI,Piemonte,492,2316,0,45.59685,7.94942
096064,Sostegno,BI,Piemonte,295,741,0,45.65092,8.28115
096065,Strona,BI,Piemonte,337,677,0,45.62312,8.1717
096066,Tavigliano,BI,Piemonte,591,2556,0,45.66416,8.0351
096067,Ternengo,BI,Piemonte,321,553,0,45.58906,8.11587
096068,Tollegno,BI,Piemonte,420,1036,0,45.59966,8.04421
096069,Torrazzo,BI,Piemonte,522,703,0,45.4985,7.95032
096071,Valdengo,BI,Piemonte,245,427,0,45.56738,8.13755
096072,Vallanzengo,BI,Piemonte,344,1605,0,45.66272,8.09744
096074,Valle San Nicolao,BI,Piemonte,324,2500,0,45.68105,8.079
096075,Veglio,BI,Piemonte,465,1697,0,45.6536,8.09188
096076,Verrone,BI,Piemonte,249,310,0,45.49905,8.11692
096077,Vigliano Biellese,BI,Piemonte,240,441,0,45.56258,8.11132
096078,Villa del Bosco,BI,Piemonte,290,405,0,45.62139,8.2887
096079,Villanova Biellese,BI,Piemonte,189,243,0,45.47191,8.1988
096080,Viverone,BI,Piemonte,225,450,0,45.42053,8.04414
096081,Zimone,BI,Piemonte,345,507,0,45.45009,8.04135
096082,Zubiena,BI,Piemonte,300,576,0,45.48997,8.00825
096083,Zumaglia,BI,Piemonte,424,679,0,45.59419,8.08615
096085,Lessona,BI,Piemonte,,,0,45.57203,8.21028
096086,Campiglia Cervo,BI,Piemonte,,,0,45.66101,8.00171
096087,Quaregna Cerreto,BI,Piemonte,,,0,45.57994,8.16164
096088,Valdilana,BI,Piemonte,,,0,45.67155,8.12757
097001,Abbadia Lariana,LC,Lombardia,199,1619,0,45.89787,9.35789
097002,Airuno,LC,Lombardia,194,708,0,45.75507,9.42138
097003,Annone di Brianza,LC,Lombardia,223,276,0,45.80343,9.33
097004,Ballabio,LC,Lombardia,573,2100,0,45.90513,9.42206
097005,Barzago,LC,Lombardia,272,378,0,45.75444,9.31803
097006,Barzanò,LC,Lombardia,321,505,0,45.73092,9.31246
097007,Barzio,LC,Lombardia,574,2161,0,45.95193,9.49461
097008,Bellano,LC,Lombardia,198,799,0,46.04529,9.32352
097009,Bosisio Parini,LC,Lombardia,256,302,0,45.79824,9.29347
097010,Brivio,LC,Lombardia,189,591,0,45.74902,9.43735
097011,Bulciago,LC,Lombardia,272,374,0,45.75357,9.289
097012,Calco,LC,Lombardia,187,377,0,45.72536,9.42569
097013,Calolziocorte,LC,Lombardia,187,1016,0,45.7959,9.44373
097014,Carenno,LC,Lombardia,473,1407,0,45.8029,9.47448
097015,Casargo,LC,Lombardia,574,2031,0,46.04037,9.39969
097016,Casatenovo,LC,Lombardia,223,395,0,45.68211,9.32324
097017,Cassago Brianza,LC,Lombardia,274,375,0,45.73685,9.2885
097018,Cassina Valsassina,LC,Lombardia,692,1279,0,45.91559,9.48777
097019,Castello di Brianza,LC,Lombardia,275,524,0,45.75545,9.3476
097020,Cernusco Lombardone,LC,Lombardia,247,278,0,45.69085,9.39378
097021,Cesana Brianza,LC,Lombardia,256,1211,0,45.8175,9.29731
097022,Civate,LC,Lombardia,218,1234,0,45.82914,9.33135
097023,Colico,LC,Lombardia,179,2613,0,46.1267,9.36764
097024,Colle Brianza,LC,Lombardia,400,879,0,45.76017,9.37717
097025,Cortenova,LC,Lombardia,424,1956,0,45.99656,9.38294
097026,Costa Masnaga,LC,Lombardia,244,326,0,45.76713,9.26746
097027,Crandola Valsassina,LC,Lombardia,500,1842,0,46.01743,9.41031
097028,Cremella,LC,Lombardia,321,385,0,45.74221,9.30501
097029,Cremeno,LC,Lombardia,617,1654,0,45.91578,9.46458
097030,Dervio,LC,Lombardia,196,1187,0,46.07459,9.31303
097031,Dolzago,LC,Lombardia,274,458,0,45.77018,9.3432
097032,Dorio,LC,Lombardia,199,1707,0,46.10611,9.34438
097033,Ello,LC,Lombardia,349,589,0,45.78289,9.36255
097034,Erve,LC,Lombardia,387,1462,0,45.82464,9.45504
097035,Esino Lario,LC,Lombardia,544,2410,0,45.98522,9.34518
097036,Galbiate,LC,Lombardia,197,922,0,45.81256,9.37605
097037,Garbagnate Monastero,LC,Lombardia,272,350,0,45.76737,9.30387
097038,Garlate,LC,Lombardia,196,560,0,45.81043,9.40038
097039,Imbersago,LC,Lombardia,190,351,0,45.70713,9.44542
097040,Introbio,LC,Lombardia,536,2556,0,45.99932,9.48237
097042,Lecco,LC,Lombardia,194,1875,46580,45.85785,9.42266
097043,Lierna,LC,Lombardia,199,1830,0,45.96067,9.31776
097044,Lomagna,LC,Lombardia,219,267,0,45.66983,9.37001
097045,Malgrate,LC,Lombardia,198,560,0,45.84772,9.37831
097046,Mandello del Lario,LC,Lombardia,196,2413,0,45.92548,9.347
097047,Margno,LC,Lombardia,561,1799,0,46.02956,9.39306
097048,Merate,LC,Lombardia,250,371,0,45.70246,9.41808
097049,Missaglia,LC,Lombardia,249,491,0,45.70135,9.34554
097050,Moggio,LC,Lombardia,738,1849,0,45.9171,9.5073
097051,Molteno,LC,Lombardia,251,301,0,45.78182,9.30214
097052,Monte Marenzo,LC,Lombardia,194,606,0,45.77,9.45434
097053,Montevecchia,LC,Lombardia,249,501,0,45.70469,9.37269
097054,Monticello Brianza,LC,Lombardia,301,415,0,45.71297,9.30937
097055,Morterone,LC,Lombardia,786,1619,0,45.8813,9.47996
097056,Nibionno,LC,Lombardia,245,327,0,45.75023,9.26319
097057,Oggiono,LC,Lombardia,224,475,0,45.79157,9.34511
097058,Olgiate Molgora,LC,Lombardia,218,691,0,45.73039,9.39917
097059,Olginate,LC,Lombardia,194,807,0,45.78695,9.41197
097060,Oliveto Lario,LC,Lombardia,199,953,0,45.9307,9.28515
097061,Osnago,LC,Lombardia,230,260,0,45.6773,9.38745
097062,Paderno d'Adda,LC,Lombardia,161,275,0,45.67488,9.45378
097063,Pagnona,LC,Lombardia,587,2616,0,46.07535,9.40634
097064,Parlasco,LC,Lombardia,386,1510,0,46.0146,9.3442
097065,Pasturo,LC,Lombardia,546,2350,0,45.94519,9.42139
097067,Perledo,LC,Lombardia,199,1282,0,46.01939,9.2966
097068,Pescate,LC,Lombardia,188,550,0,45.83046,9.39574
097069,Premana,LC,Lombardia,671,2481,0,46.05356,9.45911
097070,Primaluna,LC,Lombardia,473,2210,0,45.9894,9.42694
097071,Robbiate,LC,Lombardia,189,357,0,45.68631,9.43611
097072,Rogeno,LC,Lombardia,249,301,0,45.78382,9.27135
097074,Santa Maria Hoè,LC,Lombardia,321,612,0,45.74396,9.37812
097075,Sirone,LC,Lombardia,250,370,0,45.7748,9.32383
097076,Sirtori,LC,Lombardia,299,549,0,45.7357,9.33499
097077,Sueglio,LC,Lombardia,414,1714,0,46.09273,9.33979
097078,Suello,LC,Lombardia,221,886,0,45.81929,9.31525
097079,Taceno,LC,Lombardia,380,1375,0,46.01647,9.36088
097082,Valgreghentino,LC,Lombardia,220,864,0,45.77163,9.40547
097083,Valmadrera,LC,Lombardia,199,1309,0,45.85237,9.35043
097084,Varenna,LC,Lombardia,195,1080,0,45.99059,9.28951
097086,Vercurago,LC,Lombardia,199,649,0,45.81064,9.42552
097090,Viganò,LC,Lombardia,341,505,0,45.72276,9.32781
097091,Verderio,LC,Lombardia,,,0,45.66307,9.43949
097092,La Valletta Brianza,LC,Lombardia,,,0,45.73073,9.36542
097093,Valvarrone,LC,Lombardia,,,0,46.08309,9.36307
098001,Abbadia Cerreto,LO,Lombardia,60,68,0,45.31317,9.59173
098002,Bertonico,LO,Lombardia,47,69,0,45.24553,9.67189
098003,Boffalora d'Adda,LO,Lombardia,70,79,0,45.35868,9.48701
098004,Borghetto Lodigiano,LO,Lombardia,60,72,0,45.21201,9.49892
098005,Borgo San Giovanni,LO,Lombardia,69,84,0,45.27446,9.41967
098006,Brembio,LO,Lombardia,64,70,0,45.21379,9.56688
098008,Casaletto Lodigiano,LO,Lombardia,75,87,0,45.29784,9.35248
098009,Casalmaiocco,LO,Lombardia,87,90,0,45.35902,9.37245
098010,Casalpusterlengo,LO,Lombardia,59,70,0,45.19529,9.62954
098011,Caselle Landi,LO,Lombardia,40,51,0,45.09825,9.80809
098012,Caselle Lurani,LO,Lombardia,78,81,0,45.27265,9.3615
098013,Castelnuovo Bocca d'Adda,LO,Lombardia,39,51,0,45.10823,9.86893
098014,Castiglione d'Adda,LO,Lombardia,45,64,0,45.22263,9.70161
098015,Castiraga Vidardo,LO,Lombardia,68,82,0,45.26419,9.39787
098017,Cavenago d'Adda,LO,Lombardia,55,73,0,45.28081,9.59073
098018,Cervignano d'Adda,LO,Lombardia,80,91,0,45.37207,9.42762
098019,Codogno,LO,Lombardia,52,65,0,45.16764,9.69506
098020,Comazzo,LO,Lombardia,82,108,0,45.44635,9.45403
098021,Cornegliano Laudense,LO,Lombardia,74,80,0,45.28677,9.48054
098022,Corno Giovine,LO,Lombardia,44,59,0,45.13327,9.76856
098023,Cornovecchio,LO,Lombardia,43,57,0,45.14631,9.81113
098024,Corte Palasio,LO,Lombardia,62,73,0,45.31298,9.56825
098025,Crespiatica,LO,Lombardia,66,76,0,45.34746,9.57585
098026,Fombio,LO,Lombardia,47,60,0,45.13343,9.68842
098027,Galgagnano,LO,Lombardia,71,88,0,45.35631,9.45427
098028,Graffignana,LO,Lombardia,65,119,0,45.20799,9.44446
098029,Guardamiglio,LO,Lombardia,47,55,0,45.10936,9.6668
098030,Livraga,LO,Lombardia,57,70,0,45.18747,9.5438
098031,Lodi,LO,Lombardia,62,84,40767,45.31472,9.50366
098032,Lodi Vecchio,LO,Lombardia,75,86,0,45.3016,9.41697
098033,Maccastorna,LO,Lombardia,41,51,0,45.14479,9.85443
098034,Mairago,LO,Lombardia,62,72,0,45.25553,9.58808
098035,Maleo,LO,Lombardia,44,61,0,45.16263,9.76363
098036,Marudo,LO,Lombardia,75,79,0,45.25505,9.37379
098037,Massalengo,LO,Lombardia,72,77,0,45.26315,9.49393
098038,Meleti,LO,Lombardia,40,55,0,45.12945,9.82671
098039,Merlino,LO,Lombardia,80,103,0,45.4306,9.44535
098040,Montanaso Lombardo,LO,Lombardia,69,85,0,45.33604,9.46043
098041,Mulazzano,LO,Lombardia,83,93,0,45.36942,9.40354
098042,Orio Litta,LO,Lombardia,51,67,0,45.15631,9.55418
098043,Ospedaletto Lodigiano,LO,Lombardia,49,66,0,45.17076,9.58423
098044,Ossago Lodigiano,LO,Lombardia,67,73,0,45.24353,9.5366
098045,Pieve Fissiraga,LO,Lombardia,67,83,0,45.26621,9.45188
098046,Salerano sul Lambro,LO,Lombardia,72,83,0,45.28978,9.38442
098047,San Fiorano,LO,Lombardia,47,58,0,45.13397,9.71439
098048,San Martino in Strada,LO,Lombardia,65,76,0,45.2761,9.53636
098049,San Rocco al Porto,LO,Lombardia,44,55,0,45.08591,9.70001
098050,Sant'Angelo Lodigiano,LO,Lombardia,61,101,0,45.23216,9.40895
098051,Santo Stefano Lodigiano,LO,Lombardia,45,55,0,45.11758,9.73877
098052,Secugnago,LO,Lombardia,65,69,0,45.23001,9.59403
098053,Senna Lodigiana,LO,Lombardia,46,67,0,45.1331,9.59348
098054,Somaglia,LO,Lombardia,47,69,0,45.14879,9.64367
098055,Sordio,LO,Lombardia,84,88,0,45.34046,9.37265
098056,Tavazzano con Villavesco,LO,Lombardia,79,87,0,45.33288,9.40847
098057,Terranova dei Passerini,LO,Lombardia,61,65,0,45.20377,9.67265
098058,Turano Lodigiano,LO,Lombardia,52,69,0,45.25292,9.62793
098059,Valera Fratta,LO,Lombardia,74,81,0,45.25558,9.335
098060,Villanova del Sillaro,LO,Lombardia,60,74,0,45.24071,9.47308
098061,Zelo Buon Persico,LO,Lombardia,74,97,0,45.39576,9.43825
098062,Castelgerundo,LO,Lombardia,,,0,45.20018,9.73781
099001,Bellaria-Igea Marina,RN,Emilia-Romagna,0,16,17635,44.13168,12.46376
099002,Cattolica,RN,Emilia-Romagna,0,52,16189,43.959,12.73546
099003,Coriano,RN,Emilia-Romagna,15,256,0,43.96773,12.56942
099004,Gemmano,RN,Emilia-Romagna,105,553,0,43.89314,12.56467
099005,Misano Adriatico,RN,Emilia-Romagna,0,150,0,43.96274,12.67167
099006,Mondaino,RN,Emilia-Romagna,72,421,0,43.84451,12.65194
099008,Montefiore Conca,RN,Emilia-Romagna,70,480,0,43.88182,12.61654
099009,Montegridolfo,RN,Emilia-Romagna,68,343,0,43.86671,12.70834
099011,Morciano di Romagna,RN,Emilia-Romagna,47,130,0,43.91341,12.65335
099013,Riccione,RN,Emilia-Romagna,0,75,32744,43.99683,12.64581
099014,Rimini,RN,Emilia-Romagna,0,255,148688,44.03892,12.53057
099015,Saludecio,RN,Emilia-Romagna,31,381,0,43.88549,12.67942
099016,San Clemente,RN,Emilia-Romagna,41,238,0,43.93129,12.63206
099017,San Giovanni in Marignano,RN,Emilia-Romagna,13,150,0,43.9348,12.70653
099018,Santarcangelo di Romagna,RN,Emilia-Romagna,26,186,0,44.05239,12.4355
099020,Verucchio,RN,Emilia-Romagna,61,513,0,43.98322,12.42847
099021,Casteldelci,RN,Emilia-Romagna,424,1355,0,43.78251,12.14776
099022,Maiolo,RN,Emilia-Romagna,200,950,0,43.88011,12.31358
099023,Novafeltria,RN,Emilia-Romagna,159,883,0,43.90057,12.27846
099024,Pennabilli,RN,Emilia-Romagna,293,1387,0,43.80685,12.27335
099025,San Leo,RN,Emilia-Romagna,121,791,0,43.91499,12.37463
099026,Sant'Agata Feltria,RN,Emilia-Romagna,169,961,0,43.85931,12.19764
099027,Talamello,RN,Emilia-Romagna,215,850,0,43.91342,12.27916
099028,Poggio Torriana,RN,Emilia-Romagna,,,0,43.99571,12.38688
099029,Montescudo-Monte Colombo,RN,Emilia-Romagna,,,0,43.9256,12.5505
099030,Montecopiolo,RN,Emilia-Romagna,,,0,43.83996,12.36473
099031,Sassofeltrio,RN,Emilia-Romagna,,,0,43.89046,12.48054
100001,Cantagallo,PO,Toscana,146,1223,0,44.02329,11.09281
100002,Carmignano,PO,Toscana,26,628,0,43.79973,11.01882
100003,Montemurlo,PO,Toscana,43,976,17502,43.93643,11.05642
100004,Poggio a Caiano,PO,Toscana,35,177,0,43.81527,11.04477
100005,Prato,PO,Toscana,31,818,195089,43.8783,11.08497
100006,Vaiano,PO,Toscana,93,960,0,43.95293,11.13456
100007,Vernio,PO,Toscana,218,1255,0,44.06734,11.15169
101001,Belvedere di Spinello,KR,Calabria,47,528,0,39.20611,16.91175
101002,Caccuri,KR,Calabria,81,963,0,39.21185,16.80793
101003,Carfizzi,KR,Calabria,43,625,0,39.32385,16.99532
101004,Casabona,KR,Calabria,44,518,0,39.24391,16.95266
101005,Castelsilano,KR,Calabria,72,950,0,39.25946,16.82809
101006,Cerenzia,KR,Calabria,125,774,0,39.25442,16.82139
101007,Cirò,KR,Calabria,0,462,0,39.38373,17.0452
101008,Cirò Marina,KR,Calabria,0,260,0,39.36551,17.10878
101009,Cotronei,KR,Calabria,137,1670,0,39.1721,16.7188
101010,Crotone,KR,Calabria,0,190,64603,39.09285,17.08821
101011,Crucoli,KR,Calabria,0,489,0,39.43086,17.00037
101012,Cutro,KR,Calabria,0,245,0,39.0015,16.98362
101013,Isola di Capo Rizzuto,KR,Calabria,0,181,0,38.95911,17.08483
101014,Melissa,KR,Calabria,0,618,0,39.30448,17.0441
101015,Mesoraca,KR,Calabria,18,1723,0,39.06039,16.80661
101016,Pallagorio,KR,Calabria,139,716,0,39.31162,16.90538
101017,Petilia Policastro,KR,Calabria,39,1714,0,39.11374,16.77955
101018,Roccabernarda,KR,Calabria,19,513,0,39.1004,16.88561
101019,Rocca di Neto,KR,Calabria,9,275,0,39.18896,17.00783
101020,San Mauro Marchesato,KR,Calabria,47,490,0,39.08765,16.93275
101021,San Nicola dell'Alto,KR,Calabria,91,625,0,39.27875,16.97691
101022,Santa Severina,KR,Calabria,44,565,0,39.15583,16.91426
101023,Savelli,KR,Calabria,269,1472,0,39.32556,16.75924
101024,Scandale,KR,Calabria,22,386,0,39.13052,17.00015
101025,Strongoli,KR,Calabria,0,405,0,39.2411,17.06714
101026,Umbriatico,KR,Calabria,69,709,0,39.35934,16.93705
101027,Verzino,KR,Calabria,170,839,0,39.30714,16.84446
102001,Acquaro,VV,Calabria,117,1228,0,38.53437,16.20385
102002,Arena,VV,Calabria,245,1187,0,38.53656,16.25767
102003,Briatico,VV,Calabria,0,575,0,38.70217,16.02058
102004,Brognaturo,VV,Calabria,699,1264,0,38.58651,16.38738
102005,Capistrano,VV,Calabria,80,962,0,38.69818,16.30271
102006,Cessaniti,VV,Calabria,39,490,0,38.67802,16.03296
102007,Dasà,VV,Calabria,99,600,0,38.56536,16.17689
102008,Dinami,VV,Calabria,71,1125,0,38.54451,16.15048
102009,Drapia,VV,Calabria,93,619,0,38.64837,15.91158
102010,Fabrizia,VV,Calabria,495,1276,0,38.47608,16.28997
102011,Filadelfia,VV,Calabria,42,912,0,38.78974,16.31109
102012,Filandari,VV,Calabria,220,640,0,38.62068,16.02501
102013,Filogaso,VV,Calabria,69,389,0,38.68201,16.22595
102014,Francavilla Angitola,VV,Calabria,2,541,0,38.77951,16.25018
102015,Francica,VV,Calabria,94,341,0,38.61629,16.12541
102016,Gerocarne,VV,Calabria,93,1114,0,38.58587,16.21244
102017,Ionadi,VV,Calabria,299,539,0,38.63716,16.06276
102018,Joppolo,VV,Calabria,0,711,0,38.59482,15.8954
102019,Limbadi,VV,Calabria,42,662,0,38.56284,15.97922
102020,Maierato,VV,Calabria,20,437,0,38.72335,16.22129
102021,Mileto,VV,Calabria,70,366,0,38.58333,16.07862
102022,Mongiana,VV,Calabria,655,1423,0,38.50549,16.32448
102023,Monterosso Calabro,VV,Calabria,43,990,0,38.72528,16.29248
102024,Nardodipace,VV,Calabria,249,1358,0,38.45599,16.34953
102025,Nicotera,VV,Calabria,0,650,0,38.55226,15.93963
102026,Parghelia,VV,Calabria,0,551,0,38.68084,15.93653
102027,Pizzo,VV,Calabria,0,442,0,38.75599,16.19353
102028,Pizzoni,VV,Calabria,149,887,0,38.62156,16.24705
102029,Polia,VV,Calabria,49,1017,0,38.74903,16.31906
102030,Ricadi,VV,Calabria,0,354,0,38.63598,15.85754
102031,Rombiolo,VV,Calabria,283,632,0,38.60639,15.99053
102032,San Calogero,VV,Calabria,38,382,0,38.55441,16.02052
102033,San Costantino Calabro,VV,Calabria,199,492,0,38.62846,16.08535
102034,San Gregorio d'Ippona,VV,Calabria,131,510,0,38.64714,16.1038
102035,San Nicola da Crissa,VV,Calabria,93,918,0,38.67254,16.29437
102036,Sant'Onofrio,VV,Calabria,149,495,0,38.6831,16.17507
102037,Serra San Bruno,VV,Calabria,747,1420,0,38.55712,16.32189
102038,Simbario,VV,Calabria,572,962,0,38.61721,16.32886
102039,Sorianello,VV,Calabria,246,1036,0,38.59622,16.26254
102040,Soriano Calabro,VV,Calabria,118,600,0,38.61686,16.20107
102041,Spadola,VV,Calabria,743,1284,0,38.58689,16.33839
102042,Spilinga,VV,Calabria,198,692,0,38.61568,15.92227
102043,Stefanaconi,VV,Calabria,120,543,0,38.66368,16.15367
102044,Tropea,VV,Calabria,0,259,0,38.67182,15.89187
102045,Vallelonga,VV,Calabria,241,956,0,38.64928,16.30011
102046,Vazzano,VV,Calabria,149,925,0,38.64188,16.24433
102047,Vibo Valentia,VV,Calabria,0,567,19263,38.68247,16.09358
102048,Zaccanopoli,VV,Calabria,147,612,0,38.6612,15.94385
102049,Zambrone,VV,Calabria,0,544,0,38.69272,15.97206
102050,Zungri,VV,Calabria,309,652,0,38.64576,15.98505
103001,Antrona Schieranco,VB,Piemonte,590,3513,0,46.05712,8.08545
103002,Anzola d'Ossola,VB,Piemonte,208,2161,0,45.97006,8.34002
103003,Arizzano,VB,Piemonte,309,542,0,45.95515,8.58228
103004,Arola,VB,Piemonte,399,1210,0,45.81565,8.34427
103005,Aurano,VB,Piemonte,411,2150,0,46.02472,8.58048
103006,Baceno,VB,Piemonte,507,3224,0,46.31808,8.27996
103007,Bannio Anzino,VB,Piemonte,518,2624,0,45.95641,8.13686
103008,Baveno,VB,Piemonte,186,991,0,45.91553,8.49347
103009,Bee,VB,Piemonte,483,952,0,45.96919,8.57882
103010,Belgirate,VB,Piemonte,193,478,0,45.84549,8.57908
103011,Beura-Cardezza,VB,Piemonte,223,2057,0,46.05652,8.31993
103012,Bognanco,VB,Piemonte,416,2715,0,46.12884,8.1764
103013,Brovello-Carpugnino,VB,Piemonte,317,875,0,45.849,8.52705
103014,Calasca-Castiglione,VB,Piemonte,290,2728,0,45.99966,8.18378
103015,Cambiasca,VB,Piemonte,265,761,0,45.96945,8.54228
103016,Cannero Riviera,VB,Piemonte,192,1366,0,46.01435,8.67496
103017,Cannobio,VB,Piemonte,192,2125,0,46.06832,8.67169
103018,Caprezzo,VB,Piemonte,349,1563,0,45.99229,8.54934
103019,Casale Corte Cerro,VB,Piemonte,214,1699,0,45.92166,8.40582
103021,Ceppo Morelli,VB,Piemonte,644,3181,0,45.97636,8.0515
103022,Cesara,VB,Piemonte,384,1252,0,45.83257,8.35551
103023,Cossogno,VB,Piemonte,267,2183,0,46.01869,8.47651
103024,Craveggia,VB,Piemonte,759,2558,0,46.1753,8.50921
103025,Crevoladossola,VB,Piemonte,276,2670,0,46.1653,8.27865
103026,Crodo,VB,Piemonte,372,2929,0,46.24326,8.29528
103028,Domodossola,VB,Piemonte,233,2650,17778,46.12292,8.25407
103029,Druogno,VB,Piemonte,574,2281,0,46.13177,8.4123
103031,Formazza,VB,Piemonte,885,3358,0,46.39821,8.40021
103032,Germagno,VB,Piemonte,370,1341,0,45.8993,8.3854
103033,Ghiffa,VB,Piemonte,183,864,0,45.95814,8.61731
103034,Gignese,VB,Piemonte,330,1410,0,45.86468,8.49883
103035,Gravellona Toce,VB,Piemonte,191,1309,0,45.91923,8.43774
103036,Gurro,VB,Piemonte,488,1925,0,46.08047,8.54665
103037,Intragna,VB,Piemonte,371,1950,0,46.0082,8.56259
103038,Loreglia,VB,Piemonte,416,1878,0,45.92247,8.3681
103039,Macugnaga,VB,Piemonte,924,4615,0,45.95344,7.95562
103040,Madonna del Sasso,VB,Piemonte,388,1162,0,45.7904,8.34462
103041,Malesco,VB,Piemonte,686,2182,0,46.092,8.48374
103042,Masera,VB,Piemonte,262,2250,0,46.1439,8.35363
103043,Massiola,VB,Piemonte,584,2105,0,45.92969,8.31389
103044,Mergozzo,VB,Piemonte,182,2060,0,45.97457,8.43406
103045,Miazzina,VB,Piemonte,468,2151,0,46.01606,8.51923
103046,Montecrestese,VB,Piemonte,287,2775,0,46.21543,8.38996
103047,Montescheno,VB,Piemonte,372,2399,0,46.07959,8.19526
103048,Nonio,VB,Piemonte,283,1300,0,45.85332,8.36596
103049,Oggebbio,VB,Piemonte,184,1410,0,45.99475,8.64456
103050,Omegna,VB,Piemonte,248,1436,0,45.87067,8.41763
103051,Ornavasso,VB,Piemonte,191,2050,0,45.96271,8.38762
103052,Pallanzeno,VB,Piemonte,227,1605,0,46.04225,8.24912
103053,Piedimulera,VB,Piemonte,219,1626,0,46.02359,8.24773
103054,Pieve Vergonte,VB,Piemonte,207,2200,0,45.98347,8.27419
103055,Premeno,VB,Piemonte,390,1070,0,45.98281,8.59959
103056,Premia,VB,Piemonte,534,3002,0,46.30622,8.36214
103057,Premosello-Chiovenda,VB,Piemonte,192,2081,0,46.01673,8.36261
103058,Quarna Sopra,VB,Piemonte,366,1407,0,45.88917,8.36252
103059,Quarna Sotto,VB,Piemonte,524,1710,0,45.8772,8.32866
103060,Re,VB,Piemonte,521,1923,0,46.14895,8.56764
103061,San Bernardino Verbano,VB,Piemonte,199,2075,0,45.99096,8.45863
103062,Santa Maria Maggiore,VB,Piemonte,767,2572,0,46.16303,8.44985
103064,Stresa,VB,Piemonte,188,1491,0,45.88703,8.52565
103065,Toceno,VB,Piemonte,799,2282,0,46.17502,8.47981
103066,Trarego Viggiona,VB,Piemonte,266,1799,0,46.03847,8.64226
103067,Trasquera,VB,Piemonte,535,2856,0,46.21605,8.18133
103068,Trontano,VB,Piemonte,227,2299,0,46.08946,8.36439
103069,Valstrona,VB,Piemonte,474,2405,0,45.92658,8.28262
103070,Vanzone con San Carlo,VB,Piemonte,537,2737,0,45.98667,8.10598
103071,Varzo,VB,Piemonte,370,3563,0,46.24336,8.19704
103072,Verbania,VB,Piemonte,184,693,31070,45.93512,8.54019
103074,Vignone,VB,Piemonte,261,700,0,45.96386,8.56315
103075,Villadossola,VB,Piemonte,226,1700,0,46.07129,8.25848
103076,Villette,VB,Piemonte,660,1966,0,46.13526,8.53787
103077,Vogogna,VB,Piemonte,206,2004,0,46.02214,8.29802
103078,Borgomezzavalle,VB,Piemonte,,,0,46.04707,8.18825
103079,Valle Cannobina,VB,Piemonte,,,0,46.08517,8.58082
108001,Agrate Brianza,MB,Lombardia,152,176,0,45.57498,9.35906
108002,Aicurzio,MB,Lombardia,216,243,0,45.6429,9.41665
108003,Albiate,MB,Lombardia,201,237,0,45.65471,9.24958
108004,Arcore,MB,Lombardia,179,230,16690,45.62972,9.32375
108005,Barlassina,MB,Lombardia,211,246,0,45.6543,9.12594
108006,Bellusco,MB,Lombardia,191,219,0,45.6155,9.42156
108007,Bernareggio,MB,Lombardia,216,250,0,45.64939,9.40281
108008,Besana in Brianza,MB,Lombardia,245,375,0,45.69563,9.27381
108009,Biassono,MB,Lombardia,176,209,0,45.63003,9.27662
108010,Bovisio-Masciago,MB,Lombardia,180,221,16542,45.6123,9.15065
108011,Briosco,MB,Lombardia,213,325,0,45.71714,9.24644
108012,Brugherio,MB,Lombardia,137,156,33061,45.55258,9.30083
108013,Burago di Molgora,MB,Lombardia,170,191,0,45.59422,9.38608
108014,Camparada,MB,Lombardia,204,276,0,45.65489,9.32565
108015,Carate Brianza,MB,Lombardia,205,300,15404,45.67323,9.23763
108016,Carnate,MB,Lombardia,211,253,0,45.64796,9.38022
108017,Cavenago di Brianza,MB,Lombardia,161,183,0,45.58502,9.41786
108018,Ceriano Laghetto,MB,Lombardia,212,232,0,45.62953,9.0815
108019,Cesano Maderno,MB,Lombardia,191,236,36986,45.62874,9.14901
108020,Cogliate,MB,Lombardia,217,246,0,45.64506,9.08442
108021,Concorezzo,MB,Lombardia,158,184,0,45.59133,9.33388
108022,Correzzana,MB,Lombardia,209,297,0,45.66673,9.30479
108023,Desio,MB,Lombardia,180,210,41960,45.61738,9.20368
108024,Giussano,MB,Lombardia,212,316,25916,45.69332,9.21112
108025,Lazzate,MB,Lombardia,245,269,0,45.6742,9.08157
108026,Lesmo,MB,Lombardia,185,261,0,45.64655,9.30483
108027,Limbiate,MB,Lombardia,173,218,32062,45.60102,9.12093
108028,Lissone,MB,Lombardia,179,216,37353,45.6171,9.24186
108029,Macherio,MB,Lombardia,195,221,0,45.63764,9.26236
108030,Meda,MB,Lombardia,210,271,22665,45.66432,9.15739
108031,Mezzago,MB,Lombardia,207,237,0,45.62971,9.44434
108032,Misinto,MB,Lombardia,229,252,0,45.65849,9.07764
108033,Monza,MB,Lombardia,144,200,124398,45.58529,9.27609
108034,Muggiò,MB,Lombardia,160,186,23193,45.58821,9.22541
108035,Nova Milanese,MB,Lombardia,161,186,22310,45.58866,9.19633
108036,Ornago,MB,Lombardia,175,197,0,45.59905,9.4213
108037,Renate,MB,Lombardia,298,325,0,45.72223,9.27856
108038,Ronco Briantino,MB,Lombardia,239,255,0,45.66596,9.40375
108039,Seregno,MB,Lombardia,206,238,42760,45.64973,9.20485
108040,Seveso,MB,Lombardia,199,243,22733,45.64378,9.14473
108041,Sovico,MB,Lombardia,202,233,0,45.64593,9.25922
108042,Sulbiate,MB,Lombardia,207,244,0,45.63744,9.42713
108043,Triuggio,MB,Lombardia,199,300,0,45.66517,9.28041
108044,Usmate Velate,MB,Lombardia,202,287,0,45.65268,9.35174
108045,Varedo,MB,Lombardia,175,191,0,45.59827,9.16475
108046,Vedano al Lambro,MB,Lombardia,178,193,0,45.61226,9.26941
108047,Veduggio con Colzano,MB,Lombardia,238,325,0,45.73515,9.26266
108048,Verano Brianza,MB,Lombardia,212,292,0,45.68572,9.22422
108049,Villasanta,MB,Lombardia,168,183,0,45.60751,9.30862
108050,Vimercate,MB,Lombardia,173,220,22727,45.6155,9.36833
108051,Busnago,MB,Lombardia,188,219,0,45.61299,9.46529
108052,Caponago,MB,Lombardia,152,165,0,45.5655,9.37714
108053,Cornate d'Adda,MB,Lombardia,141,255,0,45.64375,9.47338
108054,Lentate sul Seveso,MB,Lombardia,213,289,0,45.6768,9.11926
108055,Roncello,MB,Lombardia,182,202,0,45.59973,9.45806
109001,Altidona,FM,Marche,0,266,0,43.10576,13.81082
109002,Amandola,FM,Marche,305,1887,0,42.9893,13.34997
109003,Belmonte Piceno,FM,Marche,114,331,0,43.08918,13.54411
109004,Campofilone,FM,Marche,0,278,0,43.07559,13.81541
109005,Falerone,FM,Marche,149,453,0,43.09882,13.46608
109006,Fermo,FM,Marche,0,308,18109,43.1608,13.71701
109007,Francavilla d'Ete,FM,Marche,69,234,0,43.19299,13.53618
109008,Grottazzolina,FM,Marche,80,255,0,43.11483,13.60287
109009,Lapedona,FM,Marche,34,343,0,43.10765,13.77474
109010,Magliano di Tenna,FM,Marche,99,331,0,43.13459,13.59108
109011,Massa Fermana,FM,Marche,101,339,0,43.15364,13.48162
109012,Monsampietro Morico,FM,Marche,112,427,0,43.05718,13.55783
109013,Montappone,FM,Marche,136,380,0,43.13696,13.46088
109014,Montefalcone Appennino,FM,Marche,297,897,0,42.98852,13.45474
109015,Montefortino,FM,Marche,444,2325,0,42.93479,13.30707
109016,Monte Giberto,FM,Marche,72,316,0,43.09417,13.62205
109017,Montegiorgio,FM,Marche,86,421,0,43.13496,13.54056
109018,Montegranaro,FM,Marche,18,264,0,43.23733,13.62934
109019,Monteleone di Fermo,FM,Marche,139,427,0,43.05719,13.53129
109020,Montelparo,FM,Marche,226,586,0,43.01344,13.54646
109021,Monte Rinaldo,FM,Marche,218,481,0,43.02947,13.58169
109022,Monterubbiano,FM,Marche,47,466,0,43.09009,13.71649
109023,Monte San Pietrangeli,FM,Marche,49,269,0,43.19385,13.57575
109024,Monte Urano,FM,Marche,43,237,0,43.19693,13.67236
109025,Monte Vidon Combatte,FM,Marche,106,402,0,43.05504,13.62235
109026,Monte Vidon Corrado,FM,Marche,171,422,0,43.12074,13.48554
109027,Montottone,FM,Marche,94,405,0,43.07053,13.58517
109028,Moresco,FM,Marche,50,430,0,43.07863,13.74904
109029,Ortezzano,FM,Marche,162,388,0,43.03016,13.60888
109030,Pedaso,FM,Marche,0,156,0,43.09032,13.8361
109031,Petritoli,FM,Marche,88,377,0,43.06486,13.66144
109032,Ponzano di Fermo,FM,Marche,49,263,0,43.10908,13.65721
109033,Porto San Giorgio,FM,Marche,0,159,15558,43.1781,13.78659
109034,Porto Sant'Elpidio,FM,Marche,0,152,22233,43.25507,13.74507
109035,Rapagnano,FM,Marche,77,328,0,43.1583,13.60749
109036,Santa Vittoria in Matenano,FM,Marche,193,640,0,43.01903,13.49495
109037,Sant'Elpidio a Mare,FM,Marche,1,238,0,43.2437,13.69745
109038,Servigliano,FM,Marche,146,441,0,43.06403,13.49327
109039,Smerillo,FM,Marche,288,880,0,43.00324,13.43075
109040,Torre San Patrizio,FM,Marche,47,281,0,43.18561,13.62005
110001,Andria,BT,Puglia,45,676,99784,41.15726,16.23547
110002,Barletta,BT,Puglia,0,162,93279,41.2891,16.21623
110003,Bisceglie,BT,Puglia,0,188,55385,41.20519,16.48509
110004,Canosa di Puglia,BT,Puglia,31,248,29847,41.19008,16.01751
110005,Margherita di Savoia,BT,Puglia,0,15,0,41.37666,16.12567
110006,Minervino Murge,BT,Puglia,109,668,0,41.08077,16.07957
110007,San Ferdinando di Puglia,BT,Puglia,29,115,0,41.28641,16.0419
110008,Spinazzola,BT,Puglia,224,679,0,40.96683,16.13326
110009,Trani,BT,Puglia,0,226,53981,41.23911,16.38952
110010,Trinitapoli,BT,Puglia,1,86,0,41.35218,16.06291
111001,Arbus,SU,Sardegna,,,0,39.57402,8.49867
111002,Armungia,SU,Sardegna,,,0,39.5381,9.41486
111003,Ballao,SU,Sardegna,,,0,39.57353,9.38214
111004,Barrali,SU,Sardegna,,,0,39.476,9.10511
111005,Barumini,SU,Sardegna,,,0,39.69359,9.01725
111006,Buggerru,SU,Sardegna,,,0,39.40174,8.4334
111007,Burcei,SU,Sardegna,,,0,39.36086,9.40124
111008,Calasetta,SU,Sardegna,,,0,39.07426,8.37981
111009,Carbonia,SU,Sardegna,,,21664,39.20163,8.52386
111010,Carloforte,SU,Sardegna,,,0,39.141,8.27575
111011,Castiadas,SU,Sardegna,,,0,39.24319,9.51925
111012,Collinas,SU,Sardegna,,,0,39.64736,8.82979
111013,Decimoputzu,SU,Sardegna,,,0,39.34186,8.88257
111014,Dolianova,SU,Sardegna,,,0,39.39444,9.21963
111015,Domus de Maria,SU,Sardegna,,,0,38.9519,8.85422
111016,Domusnovas,SU,Sardegna,,,0,39.3648,8.62172
111017,Donori,SU,Sardegna,,,0,39.44135,9.13395
111018,Escalaplano,SU,Sardegna,,,0,39.63498,9.35536
111019,Escolca,SU,Sardegna,,,0,39.6801,9.11069
111020,Esterzili,SU,Sardegna,,,0,39.74227,9.31779
111021,Fluminimaggiore,SU,Sardegna,,,0,39.42969,8.50785
111022,Furtei,SU,Sardegna,,,0,39.55734,8.95119
111023,Genoni,SU,Sardegna,,,0,39.79096,8.97278
111024,Genuri,SU,Sardegna,,,0,39.74024,8.92292
111025,Gergei,SU,Sardegna,,,0,39.69567,9.07959
111026,Gesico,SU,Sardegna,,,0,39.62004,9.08877
111027,Gesturi,SU,Sardegna,,,0,39.74455,9.01048
111028,Giba,SU,Sardegna,,,0,39.06214,8.60031
111029,Goni,SU,Sardegna,,,0,39.57402,9.28231
111030,Gonnesa,SU,Sardegna,,,0,39.25916,8.44658
111031,Gonnosfanadiga,SU,Sardegna,,,0,39.50454,8.63314
111032,Guamaggiore,SU,Sardegna,,,0,39.5854,9.06538
111033,Guasila,SU,Sardegna,,,0,39.56303,9.02985
111034,Guspini,SU,Sardegna,,,0,39.60681,8.60866
111035,Iglesias,SU,Sardegna,,,22659,39.32104,8.53372
111036,Isili,SU,Sardegna,,,0,39.76811,9.12997
111037,Las Plassas,SU,Sardegna,,,0,39.67484,8.97895
111038,Lunamatrona,SU,Sardegna,,,0,39.63686,8.90274
111039,Mandas,SU,Sardegna,,,0,39.648,9.12968
111040,Masainas,SU,Sardegna,,,0,39.03587,8.61533
111041,Monastir,SU,Sardegna,,,0,39.38351,9.044
111042,Muravera,SU,Sardegna,,,0,39.34277,9.57597
111043,Musei,SU,Sardegna,,,0,39.29861,8.68938
111044,Narcao,SU,Sardegna,,,0,39.19043,8.67802
111045,Nuragus,SU,Sardegna,,,0,39.77366,9.04498
111046,Nurallao,SU,Sardegna,,,0,39.80562,9.09544
111047,Nuraminis,SU,Sardegna,,,0,39.44088,9.01356
111048,Nurri,SU,Sardegna,,,0,39.70903,9.21613
111049,Nuxis,SU,Sardegna,,,0,39.1486,8.76204
111050,Orroli,SU,Sardegna,,,0,39.65193,9.26025
111051,Ortacesus,SU,Sardegna,,,0,39.52323,9.08836
111052,Pabillonis,SU,Sardegna,,,0,39.60788,8.71167
111053,Pauli Arbarei,SU,Sardegna,,,0,39.66112,8.93264
111054,Perdaxius,SU,Sardegna,,,0,39.1595,8.61796
111055,Pimentel,SU,Sardegna,,,0,39.49817,9.06605
111056,Piscinas,SU,Sardegna,,,0,39.0693,8.66627
111057,Portoscuso,SU,Sardegna,,,0,39.20099,8.41171
111058,Sadali,SU,Sardegna,,,0,39.80443,9.25145
111059,Samassi,SU,Sardegna,,,0,39.48845,8.90717
111060,Samatzai,SU,Sardegna,,,0,39.48357,9.04325
111061,San Basilio,SU,Sardegna,,,0,39.51958,9.20937
111062,San Gavino Monreale,SU,Sardegna,,,0,39.55036,8.77717
111063,San Giovanni Suergiu,SU,Sardegna,,,0,39.10959,8.5066
111064,San Nicolò Gerrei,SU,Sardegna,,,0,39.47897,9.29398
111065,San Sperate,SU,Sardegna,,,0,39.35252,9.01364
111066,San Vito,SU,Sardegna,,,0,39.4141,9.50308
111067,Sanluri,SU,Sardegna,,,0,39.54717,8.87856
111068,Santadi,SU,Sardegna,,,0,39.08174,8.7599
111069,Sant'Andrea Frius,SU,Sardegna,,,0,39.47545,9.1856
111070,Sant'Anna Arresi,SU,Sardegna,,,0,38.99506,8.61228
111071,Sant'Antioco,SU,Sardegna,,,0,39.03303,8.4291
111072,Sardara,SU,Sardegna,,,0,39.6087,8.80756
111073,Segariu,SU,Sardegna,,,0,39.56992,8.98417
111074,Selegas,SU,Sardegna,,,0,39.57826,9.10331
111075,Senorbì,SU,Sardegna,,,0,39.52714,9.14345
111076,Serdiana,SU,Sardegna,,,0,39.39365,9.15179
111077,Serramanna,SU,Sardegna,,,0,39.43541,8.89616
111078,Serrenti,SU,Sardegna,,,0,39.50005,8.97247
111079,Serri,SU,Sardegna,,,0,39.70468,9.15383
111080,Setzu,SU,Sardegna,,,0,39.73438,8.94035
111081,Seui,SU,Sardegna,,,0,39.83878,9.34614
111082,Seulo,SU,Sardegna,,,0,39.87518,9.23343
111083,Siddi,SU,Sardegna,,,0,39.67197,8.88313
111084,Siliqua,SU,Sardegna,,,0,39.26269,8.79195
111085,Silius,SU,Sardegna,,,0,39.53632,9.29348
111086,Siurgus Donigala,SU,Sardegna,,,0,39.58999,9.21213
111087,Soleminis,SU,Sardegna,,,0,39.34326,9.17689
111088,Suelli,SU,Sardegna,,,0,39.57417,9.13765
111089,Teulada,SU,Sardegna,,,0,38.96981,8.72773
111090,Tratalias,SU,Sardegna,,,0,39.11611,8.57861
111091,Tuili,SU,Sardegna,,,0,39.71384,8.96341
111092,Turri,SU,Sardegna,,,0,39.70302,8.92253
111093,Ussana,SU,Sardegna,,,0,39.40388,9.08608
111094,Ussaramanna,SU,Sardegna,,,0,39.69097,8.90328
111095,Vallermosa,SU,Sardegna,,,0,39.36645,8.77652
111096,Villacidro,SU,Sardegna,,,0,39.44337,8.73454
111097,Villamar,SU,Sardegna,,,0,39.61674,8.97188
111098,Villamassargia,SU,Sardegna,,,0,39.2553,8.66991
111099,Villanova Tulo,SU,Sardegna,,,0,39.78989,9.19175
111100,Villanovaforru,SU,Sardegna,,,0,39.62422,8.87283
111101,Villanovafranca,SU,Sardegna,,,0,39.64631,9.01197
111102,Villaperuccio,SU,Sardegna,,,0,39.11383,8.64899
111103,Villaputzu,SU,Sardegna,,,0,39.53472,9.55148
111104,Villasalto,SU,Sardegna,,,0,39.46813,9.39411
111105,Villasimius,SU,Sardegna,,,0,39.15507,9.50986
111106,Villasor,SU,Sardegna,,,0,39.38341,8.91082
111107,Villaspeciosa,SU,Sardegna,,,0,39.29707,8.89382
